"group","work","citation_key","year","operation_semantics","input_bits","modulus_bits","transform_length","output_coefficients","cin","cout","device","frequency_mhz","cycles","latency_us","lut","ff","dsp","bram","configurability","doi","verification_status","include_final","notes"
"A","FACT INT4","this_work","2026","exact ordinary integer linear convolution","4","19","512","1024","1","1","xczu9eg-ffvb1156-2-e","242.424","283","1.167375","90639","84809","323","277.5","build N/precision; runtime Nh/Cin/Cout","NA","verified","yes","Normal non-OOC routed; route errors 0; WNS/WHS nonnegative; N=2R and each residue transform has R=512."
"A","FACT INT8","this_work","2026","exact ordinary integer linear convolution","8","19+18","512","1024","1","1","xczu9eg-ffvb1156-2-e","200","283","1.415","181272","169372","491","458.5","build N/precision; runtime Nh/Cin/Cout","NA","verified","yes","Normal non-OOC routed; route errors 0; WNS/WHS nonnegative; N=2R and each residue transform has R=512."
"B","Xue et al. SRDHT","xue2024linear","2024","16-bit fixed-point ordinary linear convolution","16","NA","NA","1032","1","1","Cyclone IV","174.77","20276","116.012","NA","NA","NA","NA","fixed design","10.1049/ell2.13083","verified","yes","Latency is cycles/frequency and agrees with the plotted scale; the paper does not tabulate LUT/FF/DSP/BRAM. Not exact integer arithmetic."
"C","KHNTT 4-BU","li2026khntt","2026","quotient-ring polynomial multiplication","NA","14","1024","1024","1","1","Virtex-7","250","NA","4.05","3916","3224","32","16","compile-time parameter sets","10.1109/TCSI.2026.3667103","verified","yes","Ring result; not an ordinary nonwrapped convolution."
"C","KHNTT 8-BU","li2026khntt","2026","quotient-ring polynomial multiplication","NA","14","1024","1024","1","1","Virtex-7","229","NA","2.60","7640","6336","64","28","compile-time parameter sets","10.1109/TCSI.2026.3667103","verified","yes","Ring result; not an ordinary nonwrapped convolution."
"C","META 2x2","xu2025meta","2025","quotient-ring polynomial multiplication","NA","14","1024","1024","1","1","Virtex-7","280","NA","7.50","2700","2300","8","3","compile-time parameter sets","10.1109/TCSI.2024.3461736","verified","yes","Original Table IV, degree 1024/modulus 12289, Ours4 2x2 row. The starred timing-approximation footnote applies to starred comparison rows, not this unstarred META result. Ring result only."
"C","META 4x3","xu2025meta","2025","quotient-ring polynomial multiplication","NA","14","1024","1024","1","1","Virtex-7","250","NA","3.30","7800","6600","24","6","compile-time parameter sets","10.1109/TCSI.2024.3461736","verified","yes","Original Table IV, degree 1024/modulus 12289, Ours4 4x3 row. The starred timing-approximation footnote applies to starred comparison rows, not this unstarred META result. Ring result only."
"C","RAEPM 4-PE","wang2025raepm","2025","quotient-ring polynomial multiplication","NA","32","1024","1024","1","1","Virtex-7","294","4273","14.53","13455","14378","0","8","compile-time and runtime configurations reported","10.1109/TCSI.2024.3483229","verified","yes","The complete-PM row uses 8 BRAM. The 4-BRAM value belongs to the pure-NTT row in Table VII and must not be reused here."
"C","HELP u=2","he2024help","2024","negacyclic unequal-sized integer polynomial multiplication","32 and ternary","32","1024","1024","1","1","Virtex-7","250","513","2.05","132500","133600","0","0","compile-time n/q/t/u","10.1109/ISVLSI61997.2024.00071","verified","yes","Schoolbook-derived ring multiplier rather than NTT. Kept as complete ring-PM context."
"C","HELP u=4","he2024help","2024","negacyclic unequal-sized integer polynomial multiplication","32 and ternary","32","1024","1024","1","1","Virtex-7","247","233","1.11","230900","363000","0","0","compile-time n/q/t/u","10.1109/ISVLSI61997.2024.00071","verified_with_author_inconsistency","no","Reported 233 cycles and 247 MHz imply 0.943 us rather than the printed 1.11 us. Excluded from the final table unless shown with an explicit author-reported inconsistency marker."
"D","Guo et al. 16x2 PE","guo2026scalable2d","2026","modular NTT/INTT transform","NA","16","1024","1024","2","NA","XCZU15EG","325","220","0.68","19530","17140","288","45","runtime N/q/channel scheme","10.1109/TVLSI.2025.3606636","verified","yes","Kernel-only context. The two channels are parallel modulus channels and are not FACT Cin/Cout."
"D","Saoudi et al.","saoudi2024lowlatency","2024","Kyber modular NTT/INTT transform","NA","12","256","256","1","NA","Artix-7","210","85/104","0.40/0.50","18296","12134","64","0","fixed Kyber parameters","10.1016/j.micpro.2024.105059","verified","no","Kernel-only context; forward/inverse values are both reported."
"D","Rashid et al. FP-NTT","rashid2024flexible","2024","Kyber modular NTT/INTT transform","NA","12","256","256","1","NA","Virtex-7","250","1154/1282","4.61/5.12","2108","1829","0","4","runtime operation selection","10.1109/ACCESS.2024.3509625","verified","yes","Four BRAMs and zero DSP are stated in the architecture text; kernel-only context."
"D","Chen et al. pipelined","chen2026plantard","2026","ML-DSA modular NTT transform","NA","23","256","256","1","NA","Virtex-7","233","335","1.44","3400","4875","16","0","compile-time ML-KEM/ML-DSA and architecture","10.1109/TC.2026.3671958","verified","no","Kernel-only context."
"D","Huang et al. 8-PE","huang2024configurable","2024","modular NTT transform","NA","32","1024","1024","1","NA","Virtex-7","233","NA","2.82","7400","7100","64","12","compile-time and runtime N/q/L reported","10.3390/electronics13173382","verified","yes","Kernel-only context; cycles are not tabulated."
"D","Unified FFT/NTT Design I","shrivastava2025unified","2025","ML-KEM modular NTT transform","NA","12","256","256","1","NA","ZCU104 XCZU7EV","400","322","0.80","3716","2400","12","5","compile-time design variants and runtime mode","10.1109/ICASSP49660.2025.10889132","verified","no","Kernel-only context; the same hardware also supports ML-DSA NTT and 512-point complex FFT."
"D","Tensor-product 32-PE","zhang2023tensor","2023","modular NTT transform","NA","14","1024","1024","1","NA","Virtex-7","225","NA","1.32","8834","NA","96","40","compile-time N/q and scalable PE count","10.1109/FCCM57271.2023.00027","verified","yes","Kernel-only context; FF is not reported in Table IV."
"D","Sun et al.","sun2024highspeed","2024","Kyber modular NTT transform","NA","12","256","256","1","NA","NA","NA","NA","NA","NA","NA","NA","NA","NA","10.1109/ICTA60488.2023.10364299 versus 10.23919/ICS.2024.3419562","doi_conflict","no","The local PDF DOI and the existing BibTeX DOI identify different records. Excluded until manually resolved."
