"N","Cin","Cout","CoreCycles","Mismatches","PrecisionSchedule"
"256","1","1","199","0","INT4_INT8_same"
"256","1","2","388","0","INT4_INT8_same"
"256","1","4","776","0","INT4_INT8_same"
"256","2","1","325","0","INT4_INT8_same"
"256","2","2","640","0","INT4_INT8_same"
"256","2","4","1280","0","INT4_INT8_same"
"256","4","1","572","0","INT4_INT8_same"
"256","4","2","1144","0","INT4_INT8_same"
"256","4","4","2288","0","INT4_INT8_same"
"512","1","1","228","0","INT4_INT8_same"
"512","1","2","446","0","INT4_INT8_same"
"512","1","4","892","0","INT4_INT8_same"
"512","2","1","371","0","INT4_INT8_same"
"512","2","2","742","0","INT4_INT8_same"
"512","2","4","1484","0","INT4_INT8_same"
"512","4","1","651","0","INT4_INT8_same"
"512","4","2","1302","0","INT4_INT8_same"
"512","4","4","2604","0","INT4_INT8_same"
"1024","1","1","283","0","INT4_INT8_same"
"1024","1","2","556","0","INT4_INT8_same"
"1024","1","4","1112","0","INT4_INT8_same"
"1024","2","1","464","0","INT4_INT8_same"
"1024","2","2","928","0","INT4_INT8_same"
"1024","2","4","1856","0","INT4_INT8_same"
"1024","4","1","820","0","INT4_INT8_same"
"1024","4","2","1640","0","INT4_INT8_same"
"1024","4","4","3280","0","INT4_INT8_same"
