"N","Cin","Cout","CoreCycles","WallCycles","ComparedOutputs","Mismatches","PrecisionSchedule"
"1024","1","1","283","299","1024","0","INT4_INT8_same"
"1024","1","2","556","624","2048","0","INT4_INT8_same"
"1024","1","4","1112","1248","4096","0","INT4_INT8_same"
"1024","2","1","464","502","1024","0","INT4_INT8_same"
"1024","2","2","928","1004","2048","0","INT4_INT8_same"
"1024","2","4","1856","2008","4096","0","INT4_INT8_same"
"1024","4","1","820","902","1024","0","INT4_INT8_same"
"1024","4","2","1640","1804","2048","0","INT4_INT8_same"
"1024","4","4","3280","3608","4096","0","INT4_INT8_same"
