# N=1024,NX=512,NH=511,CIN=1,PATTERN=6,PRIME=520193
index,y
0,-3
1,-18
2,-38
3,8
4,111
5,6
6,-60
7,-96
8,-47
9,110
10,110
11,-56
12,-141
13,-90
14,120
15,224
16,-43
17,-178
18,-174
19,40
20,455
21,38
22,-196
23,-256
24,-87
25,334
26,230
27,-152
28,-309
29,-186
30,240
31,448
32,-83
33,-338
34,-310
35,72
36,799
37,70
38,-332
39,-416
40,-127
41,558
42,350
43,-248
44,-477
45,-282
46,360
47,672
48,-123
49,-498
50,-446
51,104
52,1143
53,102
54,-468
55,-576
56,-167
57,782
58,470
59,-344
60,-645
61,-378
62,480
63,896
64,-163
65,-658
66,-582
67,136
68,1487
69,134
70,-604
71,-736
72,-207
73,1006
74,590
75,-440
76,-813
77,-474
78,600
79,1120
80,-203
81,-818
82,-718
83,168
84,1831
85,166
86,-740
87,-896
88,-247
89,1230
90,710
91,-536
92,-981
93,-570
94,720
95,1344
96,-243
97,-978
98,-854
99,200
100,2175
101,198
102,-876
103,-1056
104,-287
105,1454
106,830
107,-632
108,-1149
109,-666
110,840
111,1568
112,-283
113,-1138
114,-990
115,232
116,2519
117,230
118,-1012
119,-1216
120,-327
121,1678
122,950
123,-728
124,-1317
125,-762
126,960
127,1792
128,-323
129,-1298
130,-1126
131,264
132,2863
133,262
134,-1148
135,-1376
136,-367
137,1902
138,1070
139,-824
140,-1485
141,-858
142,1080
143,2016
144,-363
145,-1458
146,-1262
147,296
148,3207
149,294
150,-1284
151,-1536
152,-407
153,2126
154,1190
155,-920
156,-1653
157,-954
158,1200
159,2240
160,-403
161,-1618
162,-1398
163,328
164,3551
165,326
166,-1420
167,-1696
168,-447
169,2350
170,1310
171,-1016
172,-1821
173,-1050
174,1320
175,2464
176,-443
177,-1778
178,-1534
179,360
180,3895
181,358
182,-1556
183,-1856
184,-487
185,2574
186,1430
187,-1112
188,-1989
189,-1146
190,1440
191,2688
192,-483
193,-1938
194,-1670
195,392
196,4239
197,390
198,-1692
199,-2016
200,-527
201,2798
202,1550
203,-1208
204,-2157
205,-1242
206,1560
207,2912
208,-523
209,-2098
210,-1806
211,424
212,4583
213,422
214,-1828
215,-2176
216,-567
217,3022
218,1670
219,-1304
220,-2325
221,-1338
222,1680
223,3136
224,-563
225,-2258
226,-1942
227,456
228,4927
229,454
230,-1964
231,-2336
232,-607
233,3246
234,1790
235,-1400
236,-2493
237,-1434
238,1800
239,3360
240,-603
241,-2418
242,-2078
243,488
244,5271
245,486
246,-2100
247,-2496
248,-647
249,3470
250,1910
251,-1496
252,-2661
253,-1530
254,1920
255,3584
256,-643
257,-2578
258,-2214
259,520
260,5615
261,518
262,-2236
263,-2656
264,-687
265,3694
266,2030
267,-1592
268,-2829
269,-1626
270,2040
271,3808
272,-683
273,-2738
274,-2350
275,552
276,5959
277,550
278,-2372
279,-2816
280,-727
281,3918
282,2150
283,-1688
284,-2997
285,-1722
286,2160
287,4032
288,-723
289,-2898
290,-2486
291,584
292,6303
293,582
294,-2508
295,-2976
296,-767
297,4142
298,2270
299,-1784
300,-3165
301,-1818
302,2280
303,4256
304,-763
305,-3058
306,-2622
307,616
308,6647
309,614
310,-2644
311,-3136
312,-807
313,4366
314,2390
315,-1880
316,-3333
317,-1914
318,2400
319,4480
320,-803
321,-3218
322,-2758
323,648
324,6991
325,646
326,-2780
327,-3296
328,-847
329,4590
330,2510
331,-1976
332,-3501
333,-2010
334,2520
335,4704
336,-843
337,-3378
338,-2894
339,680
340,7335
341,678
342,-2916
343,-3456
344,-887
345,4814
346,2630
347,-2072
348,-3669
349,-2106
350,2640
351,4928
352,-883
353,-3538
354,-3030
355,712
356,7679
357,710
358,-3052
359,-3616
360,-927
361,5038
362,2750
363,-2168
364,-3837
365,-2202
366,2760
367,5152
368,-923
369,-3698
370,-3166
371,744
372,8023
373,742
374,-3188
375,-3776
376,-967
377,5262
378,2870
379,-2264
380,-4005
381,-2298
382,2880
383,5376
384,-963
385,-3858
386,-3302
387,776
388,8367
389,774
390,-3324
391,-3936
392,-1007
393,5486
394,2990
395,-2360
396,-4173
397,-2394
398,3000
399,5600
400,-1003
401,-4018
402,-3438
403,808
404,8711
405,806
406,-3460
407,-4096
408,-1047
409,5710
410,3110
411,-2456
412,-4341
413,-2490
414,3120
415,5824
416,-1043
417,-4178
418,-3574
419,840
420,9055
421,838
422,-3596
423,-4256
424,-1087
425,5934
426,3230
427,-2552
428,-4509
429,-2586
430,3240
431,6048
432,-1083
433,-4338
434,-3710
435,872
436,9399
437,870
438,-3732
439,-4416
440,-1127
441,6158
442,3350
443,-2648
444,-4677
445,-2682
446,3360
447,6272
448,-1123
449,-4498
450,-3846
451,904
452,9743
453,902
454,-3868
455,-4576
456,-1167
457,6382
458,3470
459,-2744
460,-4845
461,-2778
462,3480
463,6496
464,-1163
465,-4658
466,-3982
467,936
468,10087
469,934
470,-4004
471,-4736
472,-1207
473,6606
474,3590
475,-2840
476,-5013
477,-2874
478,3600
479,6720
480,-1203
481,-4818
482,-4118
483,968
484,10431
485,966
486,-4140
487,-4896
488,-1247
489,6830
490,3710
491,-2936
492,-5181
493,-2970
494,3720
495,6944
496,-1243
497,-4978
498,-4254
499,1000
500,10775
501,998
502,-4276
503,-5056
504,-1287
505,7054
506,3830
507,-3032
508,-5349
509,-3066
510,3840
511,7162
512,-1289
513,-5088
514,-4306
515,1018
516,10893
517,1008
518,-4308
519,-5014
520,-1229
521,7056
522,3722
523,-3030
524,-5223
525,-2976
526,3720
527,6938
528,-1249
529,-4928
530,-4170
531,986
532,10549
533,976
534,-4172
535,-4854
536,-1189
537,6832
538,3602
539,-2934
540,-5055
541,-2880
542,3600
543,6714
544,-1209
545,-4768
546,-4034
547,954
548,10205
549,944
550,-4036
551,-4694
552,-1149
553,6608
554,3482
555,-2838
556,-4887
557,-2784
558,3480
559,6490
560,-1169
561,-4608
562,-3898
563,922
564,9861
565,912
566,-3900
567,-4534
568,-1109
569,6384
570,3362
571,-2742
572,-4719
573,-2688
574,3360
575,6266
576,-1129
577,-4448
578,-3762
579,890
580,9517
581,880
582,-3764
583,-4374
584,-1069
585,6160
586,3242
587,-2646
588,-4551
589,-2592
590,3240
591,6042
592,-1089
593,-4288
594,-3626
595,858
596,9173
597,848
598,-3628
599,-4214
600,-1029
601,5936
602,3122
603,-2550
604,-4383
605,-2496
606,3120
607,5818
608,-1049
609,-4128
610,-3490
611,826
612,8829
613,816
614,-3492
615,-4054
616,-989
617,5712
618,3002
619,-2454
620,-4215
621,-2400
622,3000
623,5594
624,-1009
625,-3968
626,-3354
627,794
628,8485
629,784
630,-3356
631,-3894
632,-949
633,5488
634,2882
635,-2358
636,-4047
637,-2304
638,2880
639,5370
640,-969
641,-3808
642,-3218
643,762
644,8141
645,752
646,-3220
647,-3734
648,-909
649,5264
650,2762
651,-2262
652,-3879
653,-2208
654,2760
655,5146
656,-929
657,-3648
658,-3082
659,730
660,7797
661,720
662,-3084
663,-3574
664,-869
665,5040
666,2642
667,-2166
668,-3711
669,-2112
670,2640
671,4922
672,-889
673,-3488
674,-2946
675,698
676,7453
677,688
678,-2948
679,-3414
680,-829
681,4816
682,2522
683,-2070
684,-3543
685,-2016
686,2520
687,4698
688,-849
689,-3328
690,-2810
691,666
692,7109
693,656
694,-2812
695,-3254
696,-789
697,4592
698,2402
699,-1974
700,-3375
701,-1920
702,2400
703,4474
704,-809
705,-3168
706,-2674
707,634
708,6765
709,624
710,-2676
711,-3094
712,-749
713,4368
714,2282
715,-1878
716,-3207
717,-1824
718,2280
719,4250
720,-769
721,-3008
722,-2538
723,602
724,6421
725,592
726,-2540
727,-2934
728,-709
729,4144
730,2162
731,-1782
732,-3039
733,-1728
734,2160
735,4026
736,-729
737,-2848
738,-2402
739,570
740,6077
741,560
742,-2404
743,-2774
744,-669
745,3920
746,2042
747,-1686
748,-2871
749,-1632
750,2040
751,3802
752,-689
753,-2688
754,-2266
755,538
756,5733
757,528
758,-2268
759,-2614
760,-629
761,3696
762,1922
763,-1590
764,-2703
765,-1536
766,1920
767,3578
768,-649
769,-2528
770,-2130
771,506
772,5389
773,496
774,-2132
775,-2454
776,-589
777,3472
778,1802
779,-1494
780,-2535
781,-1440
782,1800
783,3354
784,-609
785,-2368
786,-1994
787,474
788,5045
789,464
790,-1996
791,-2294
792,-549
793,3248
794,1682
795,-1398
796,-2367
797,-1344
798,1680
799,3130
800,-569
801,-2208
802,-1858
803,442
804,4701
805,432
806,-1860
807,-2134
808,-509
809,3024
810,1562
811,-1302
812,-2199
813,-1248
814,1560
815,2906
816,-529
817,-2048
818,-1722
819,410
820,4357
821,400
822,-1724
823,-1974
824,-469
825,2800
826,1442
827,-1206
828,-2031
829,-1152
830,1440
831,2682
832,-489
833,-1888
834,-1586
835,378
836,4013
837,368
838,-1588
839,-1814
840,-429
841,2576
842,1322
843,-1110
844,-1863
845,-1056
846,1320
847,2458
848,-449
849,-1728
850,-1450
851,346
852,3669
853,336
854,-1452
855,-1654
856,-389
857,2352
858,1202
859,-1014
860,-1695
861,-960
862,1200
863,2234
864,-409
865,-1568
866,-1314
867,314
868,3325
869,304
870,-1316
871,-1494
872,-349
873,2128
874,1082
875,-918
876,-1527
877,-864
878,1080
879,2010
880,-369
881,-1408
882,-1178
883,282
884,2981
885,272
886,-1180
887,-1334
888,-309
889,1904
890,962
891,-822
892,-1359
893,-768
894,960
895,1786
896,-329
897,-1248
898,-1042
899,250
900,2637
901,240
902,-1044
903,-1174
904,-269
905,1680
906,842
907,-726
908,-1191
909,-672
910,840
911,1562
912,-289
913,-1088
914,-906
915,218
916,2293
917,208
918,-908
919,-1014
920,-229
921,1456
922,722
923,-630
924,-1023
925,-576
926,720
927,1338
928,-249
929,-928
930,-770
931,186
932,1949
933,176
934,-772
935,-854
936,-189
937,1232
938,602
939,-534
940,-855
941,-480
942,600
943,1114
944,-209
945,-768
946,-634
947,154
948,1605
949,144
950,-636
951,-694
952,-149
953,1008
954,482
955,-438
956,-687
957,-384
958,480
959,890
960,-169
961,-608
962,-498
963,122
964,1261
965,112
966,-500
967,-534
968,-109
969,784
970,362
971,-342
972,-519
973,-288
974,360
975,666
976,-129
977,-448
978,-362
979,90
980,917
981,80
982,-364
983,-374
984,-69
985,560
986,242
987,-246
988,-351
989,-192
990,240
991,442
992,-89
993,-288
994,-226
995,58
996,573
997,48
998,-228
999,-214
1000,-29
1001,336
1002,122
1003,-150
1004,-183
1005,-96
1006,120
1007,218
1008,-49
1009,-128
1010,-90
1011,26
1012,229
1013,16
1014,-92
1015,-54
1016,11
1017,112
1018,2
1019,-54
1020,-15
1021,0
1022,0
1023,0
