"N","Precision","Cin","Cout","Status","Cycles","Log"
"256","4","1","1","PASS","34566","sim_n256_int4_c1o1.log"
"256","4","1","2","PASS","58890","sim_n256_int4_c1o2.log"
"256","4","1","4","PASS","107538","sim_n256_int4_c1o4.log"
"256","4","2","1","PASS","56586","sim_n256_int4_c2o1.log"
"256","4","2","2","PASS","92688","sim_n256_int4_c2o2.log"
"256","4","2","4","PASS","164892","sim_n256_int4_c2o4.log"
"256","4","4","1","PASS","100626","sim_n256_int4_c4o1.log"
"256","4","4","2","PASS","160284","sim_n256_int4_c4o2.log"
"256","4","4","4","PASS","279600","sim_n256_int4_c4o4.log"
"256","8","1","1","PASS","34566","sim_n256_int8_c1o1.log"
"256","8","1","2","PASS","58890","sim_n256_int8_c1o2.log"
"256","8","1","4","PASS","107538","sim_n256_int8_c1o4.log"
"256","8","2","1","PASS","56586","sim_n256_int8_c2o1.log"
"256","8","2","2","PASS","92688","sim_n256_int8_c2o2.log"
"256","8","2","4","PASS","164892","sim_n256_int8_c2o4.log"
"256","8","4","1","PASS","100626","sim_n256_int8_c4o1.log"
"256","8","4","2","PASS","160284","sim_n256_int8_c4o2.log"
"256","8","4","4","PASS","279600","sim_n256_int8_c4o4.log"
"512","4","1","1","PASS","76038","sim_n512_int4_c1o1.log"
"512","4","1","2","PASS","129290","sim_n512_int4_c1o2.log"
"512","4","1","4","PASS","235794","sim_n512_int4_c1o4.log"
"512","4","2","1","PASS","124682","sim_n512_int4_c2o1.log"
"512","4","2","2","PASS","203792","sim_n512_int4_c2o2.log"
"512","4","2","4","PASS","362012","sim_n512_int4_c2o4.log"
"512","4","4","1","PASS","221970","sim_n512_int4_c4o1.log"
"512","4","4","2","PASS","352796","sim_n512_int4_c4o2.log"
"512","4","4","4","PASS","614448","sim_n512_int4_c4o4.log"
"512","8","1","1","PASS","76038","sim_n512_int8_c1o1.log"
"512","8","1","2","PASS","129290","sim_n512_int8_c1o2.log"
"512","8","1","4","PASS","235794","sim_n512_int8_c1o4.log"
"512","8","2","1","PASS","124682","sim_n512_int8_c2o1.log"
"512","8","2","2","PASS","203792","sim_n512_int8_c2o2.log"
"512","8","2","4","PASS","362012","sim_n512_int8_c2o4.log"
"512","8","4","1","PASS","221970","sim_n512_int8_c4o1.log"
"512","8","4","2","PASS","352796","sim_n512_int8_c4o2.log"
"512","8","4","4","PASS","614448","sim_n512_int8_c4o4.log"
"1024","4","1","1","PASS","165894","sim_n1024_int4_c1o1.log"
"1024","4","1","2","PASS","281610","sim_n1024_int4_c1o2.log"
"1024","4","1","4","PASS","513042","sim_n1024_int4_c1o4.log"
"1024","4","2","1","PASS","272394","sim_n1024_int4_c2o1.log"
"1024","4","2","2","PASS","444432","sim_n1024_int4_c2o2.log"
"1024","4","2","4","PASS","788508","sim_n1024_int4_c2o4.log"
"1024","4","4","1","PASS","485394","sim_n1024_int4_c4o1.log"
"1024","4","4","2","PASS","770076","sim_n1024_int4_c4o2.log"
"1024","4","4","4","PASS","1339440","sim_n1024_int4_c4o4.log"
"1024","8","1","1","PASS","165894","sim_n1024_int8_c1o1.log"
"1024","8","1","2","PASS","281610","sim_n1024_int8_c1o2.log"
"1024","8","1","4","PASS","513042","sim_n1024_int8_c1o4.log"
"1024","8","2","1","PASS","272394","sim_n1024_int8_c2o1.log"
"1024","8","2","2","PASS","444432","sim_n1024_int8_c2o2.log"
"1024","8","2","4","PASS","788508","sim_n1024_int8_c2o4.log"
"1024","8","4","1","PASS","485394","sim_n1024_int8_c4o1.log"
"1024","8","4","2","PASS","770076","sim_n1024_int8_c4o2.log"
"1024","8","4","4","PASS","1339440","sim_n1024_int8_c4o4.log"
