kind,cout,cin,index,value
x,0,0,0,-125
x,0,0,1,-112
x,0,0,2,-99
x,0,0,3,-86
x,0,0,4,-73
x,0,0,5,-60
x,0,0,6,-47
x,0,0,7,-34
x,0,0,8,-21
x,0,0,9,-8
x,0,0,10,5
x,0,0,11,18
x,0,0,12,31
x,0,0,13,44
x,0,0,14,57
x,0,0,15,70
x,0,0,16,83
x,0,0,17,96
x,0,0,18,109
x,0,0,19,122
x,0,0,20,-121
x,0,0,21,-108
x,0,0,22,-95
x,0,0,23,-82
x,0,0,24,-69
x,0,0,25,-56
x,0,0,26,-43
x,0,0,27,-30
x,0,0,28,-17
x,0,0,29,-4
x,0,0,30,9
x,0,0,31,22
x,0,0,32,35
x,0,0,33,48
x,0,0,34,61
x,0,0,35,74
x,0,0,36,87
x,0,0,37,100
x,0,0,38,113
x,0,0,39,126
x,0,0,40,-117
x,0,0,41,-104
x,0,0,42,-91
x,0,0,43,-78
x,0,0,44,-65
x,0,0,45,-52
x,0,0,46,-39
x,0,0,47,-26
x,0,0,48,-13
x,0,0,49,0
x,0,0,50,13
x,0,0,51,26
x,0,0,52,39
x,0,0,53,52
x,0,0,54,65
x,0,0,55,78
x,0,0,56,91
x,0,0,57,104
x,0,0,58,117
x,0,0,59,-126
x,0,0,60,-113
x,0,0,61,-100
x,0,0,62,-87
x,0,0,63,-74
x,0,0,64,-61
x,0,0,65,-48
x,0,0,66,-35
x,0,0,67,-22
x,0,0,68,-9
x,0,0,69,4
x,0,0,70,17
x,0,0,71,30
x,0,0,72,43
x,0,0,73,56
x,0,0,74,69
x,0,0,75,82
x,0,0,76,95
x,0,0,77,108
x,0,0,78,121
x,0,0,79,-122
x,0,0,80,-109
x,0,0,81,-96
x,0,0,82,-83
x,0,0,83,-70
x,0,0,84,-57
x,0,0,85,-44
x,0,0,86,-31
x,0,0,87,-18
x,0,0,88,-5
x,0,0,89,8
x,0,0,90,21
x,0,0,91,34
x,0,0,92,47
x,0,0,93,60
x,0,0,94,73
x,0,0,95,86
x,0,0,96,99
x,0,0,97,112
x,0,0,98,125
x,0,0,99,-118
x,0,0,100,-105
x,0,0,101,-92
x,0,0,102,-79
x,0,0,103,-66
x,0,0,104,-53
x,0,0,105,-40
x,0,0,106,-27
x,0,0,107,-14
x,0,0,108,-1
x,0,0,109,12
x,0,0,110,25
x,0,0,111,38
x,0,0,112,51
x,0,0,113,64
x,0,0,114,77
x,0,0,115,90
x,0,0,116,103
x,0,0,117,116
x,0,0,118,-127
x,0,0,119,-114
x,0,0,120,-101
x,0,0,121,-88
x,0,0,122,-75
x,0,0,123,-62
x,0,0,124,-49
x,0,0,125,-36
x,0,0,126,-23
x,0,0,127,-10
x,0,1,0,-108
x,0,1,1,-95
x,0,1,2,-82
x,0,1,3,-69
x,0,1,4,-56
x,0,1,5,-43
x,0,1,6,-30
x,0,1,7,-17
x,0,1,8,-4
x,0,1,9,9
x,0,1,10,22
x,0,1,11,35
x,0,1,12,48
x,0,1,13,61
x,0,1,14,74
x,0,1,15,87
x,0,1,16,100
x,0,1,17,113
x,0,1,18,126
x,0,1,19,-117
x,0,1,20,-104
x,0,1,21,-91
x,0,1,22,-78
x,0,1,23,-65
x,0,1,24,-52
x,0,1,25,-39
x,0,1,26,-26
x,0,1,27,-13
x,0,1,28,0
x,0,1,29,13
x,0,1,30,26
x,0,1,31,39
x,0,1,32,52
x,0,1,33,65
x,0,1,34,78
x,0,1,35,91
x,0,1,36,104
x,0,1,37,117
x,0,1,38,-126
x,0,1,39,-113
x,0,1,40,-100
x,0,1,41,-87
x,0,1,42,-74
x,0,1,43,-61
x,0,1,44,-48
x,0,1,45,-35
x,0,1,46,-22
x,0,1,47,-9
x,0,1,48,4
x,0,1,49,17
x,0,1,50,30
x,0,1,51,43
x,0,1,52,56
x,0,1,53,69
x,0,1,54,82
x,0,1,55,95
x,0,1,56,108
x,0,1,57,121
x,0,1,58,-122
x,0,1,59,-109
x,0,1,60,-96
x,0,1,61,-83
x,0,1,62,-70
x,0,1,63,-57
x,0,1,64,-44
x,0,1,65,-31
x,0,1,66,-18
x,0,1,67,-5
x,0,1,68,8
x,0,1,69,21
x,0,1,70,34
x,0,1,71,47
x,0,1,72,60
x,0,1,73,73
x,0,1,74,86
x,0,1,75,99
x,0,1,76,112
x,0,1,77,125
x,0,1,78,-118
x,0,1,79,-105
x,0,1,80,-92
x,0,1,81,-79
x,0,1,82,-66
x,0,1,83,-53
x,0,1,84,-40
x,0,1,85,-27
x,0,1,86,-14
x,0,1,87,-1
x,0,1,88,12
x,0,1,89,25
x,0,1,90,38
x,0,1,91,51
x,0,1,92,64
x,0,1,93,77
x,0,1,94,90
x,0,1,95,103
x,0,1,96,116
x,0,1,97,-127
x,0,1,98,-114
x,0,1,99,-101
x,0,1,100,-88
x,0,1,101,-75
x,0,1,102,-62
x,0,1,103,-49
x,0,1,104,-36
x,0,1,105,-23
x,0,1,106,-10
x,0,1,107,3
x,0,1,108,16
x,0,1,109,29
x,0,1,110,42
x,0,1,111,55
x,0,1,112,68
x,0,1,113,81
x,0,1,114,94
x,0,1,115,107
x,0,1,116,120
x,0,1,117,-123
x,0,1,118,-110
x,0,1,119,-97
x,0,1,120,-84
x,0,1,121,-71
x,0,1,122,-58
x,0,1,123,-45
x,0,1,124,-32
x,0,1,125,-19
x,0,1,126,-6
x,0,1,127,7
x,0,2,0,-91
x,0,2,1,-78
x,0,2,2,-65
x,0,2,3,-52
x,0,2,4,-39
x,0,2,5,-26
x,0,2,6,-13
x,0,2,7,0
x,0,2,8,13
x,0,2,9,26
x,0,2,10,39
x,0,2,11,52
x,0,2,12,65
x,0,2,13,78
x,0,2,14,91
x,0,2,15,104
x,0,2,16,117
x,0,2,17,-126
x,0,2,18,-113
x,0,2,19,-100
x,0,2,20,-87
x,0,2,21,-74
x,0,2,22,-61
x,0,2,23,-48
x,0,2,24,-35
x,0,2,25,-22
x,0,2,26,-9
x,0,2,27,4
x,0,2,28,17
x,0,2,29,30
x,0,2,30,43
x,0,2,31,56
x,0,2,32,69
x,0,2,33,82
x,0,2,34,95
x,0,2,35,108
x,0,2,36,121
x,0,2,37,-122
x,0,2,38,-109
x,0,2,39,-96
x,0,2,40,-83
x,0,2,41,-70
x,0,2,42,-57
x,0,2,43,-44
x,0,2,44,-31
x,0,2,45,-18
x,0,2,46,-5
x,0,2,47,8
x,0,2,48,21
x,0,2,49,34
x,0,2,50,47
x,0,2,51,60
x,0,2,52,73
x,0,2,53,86
x,0,2,54,99
x,0,2,55,112
x,0,2,56,125
x,0,2,57,-118
x,0,2,58,-105
x,0,2,59,-92
x,0,2,60,-79
x,0,2,61,-66
x,0,2,62,-53
x,0,2,63,-40
x,0,2,64,-27
x,0,2,65,-14
x,0,2,66,-1
x,0,2,67,12
x,0,2,68,25
x,0,2,69,38
x,0,2,70,51
x,0,2,71,64
x,0,2,72,77
x,0,2,73,90
x,0,2,74,103
x,0,2,75,116
x,0,2,76,-127
x,0,2,77,-114
x,0,2,78,-101
x,0,2,79,-88
x,0,2,80,-75
x,0,2,81,-62
x,0,2,82,-49
x,0,2,83,-36
x,0,2,84,-23
x,0,2,85,-10
x,0,2,86,3
x,0,2,87,16
x,0,2,88,29
x,0,2,89,42
x,0,2,90,55
x,0,2,91,68
x,0,2,92,81
x,0,2,93,94
x,0,2,94,107
x,0,2,95,120
x,0,2,96,-123
x,0,2,97,-110
x,0,2,98,-97
x,0,2,99,-84
x,0,2,100,-71
x,0,2,101,-58
x,0,2,102,-45
x,0,2,103,-32
x,0,2,104,-19
x,0,2,105,-6
x,0,2,106,7
x,0,2,107,20
x,0,2,108,33
x,0,2,109,46
x,0,2,110,59
x,0,2,111,72
x,0,2,112,85
x,0,2,113,98
x,0,2,114,111
x,0,2,115,124
x,0,2,116,-119
x,0,2,117,-106
x,0,2,118,-93
x,0,2,119,-80
x,0,2,120,-67
x,0,2,121,-54
x,0,2,122,-41
x,0,2,123,-28
x,0,2,124,-15
x,0,2,125,-2
x,0,2,126,11
x,0,2,127,24
x,0,3,0,-74
x,0,3,1,-61
x,0,3,2,-48
x,0,3,3,-35
x,0,3,4,-22
x,0,3,5,-9
x,0,3,6,4
x,0,3,7,17
x,0,3,8,30
x,0,3,9,43
x,0,3,10,56
x,0,3,11,69
x,0,3,12,82
x,0,3,13,95
x,0,3,14,108
x,0,3,15,121
x,0,3,16,-122
x,0,3,17,-109
x,0,3,18,-96
x,0,3,19,-83
x,0,3,20,-70
x,0,3,21,-57
x,0,3,22,-44
x,0,3,23,-31
x,0,3,24,-18
x,0,3,25,-5
x,0,3,26,8
x,0,3,27,21
x,0,3,28,34
x,0,3,29,47
x,0,3,30,60
x,0,3,31,73
x,0,3,32,86
x,0,3,33,99
x,0,3,34,112
x,0,3,35,125
x,0,3,36,-118
x,0,3,37,-105
x,0,3,38,-92
x,0,3,39,-79
x,0,3,40,-66
x,0,3,41,-53
x,0,3,42,-40
x,0,3,43,-27
x,0,3,44,-14
x,0,3,45,-1
x,0,3,46,12
x,0,3,47,25
x,0,3,48,38
x,0,3,49,51
x,0,3,50,64
x,0,3,51,77
x,0,3,52,90
x,0,3,53,103
x,0,3,54,116
x,0,3,55,-127
x,0,3,56,-114
x,0,3,57,-101
x,0,3,58,-88
x,0,3,59,-75
x,0,3,60,-62
x,0,3,61,-49
x,0,3,62,-36
x,0,3,63,-23
x,0,3,64,-10
x,0,3,65,3
x,0,3,66,16
x,0,3,67,29
x,0,3,68,42
x,0,3,69,55
x,0,3,70,68
x,0,3,71,81
x,0,3,72,94
x,0,3,73,107
x,0,3,74,120
x,0,3,75,-123
x,0,3,76,-110
x,0,3,77,-97
x,0,3,78,-84
x,0,3,79,-71
x,0,3,80,-58
x,0,3,81,-45
x,0,3,82,-32
x,0,3,83,-19
x,0,3,84,-6
x,0,3,85,7
x,0,3,86,20
x,0,3,87,33
x,0,3,88,46
x,0,3,89,59
x,0,3,90,72
x,0,3,91,85
x,0,3,92,98
x,0,3,93,111
x,0,3,94,124
x,0,3,95,-119
x,0,3,96,-106
x,0,3,97,-93
x,0,3,98,-80
x,0,3,99,-67
x,0,3,100,-54
x,0,3,101,-41
x,0,3,102,-28
x,0,3,103,-15
x,0,3,104,-2
x,0,3,105,11
x,0,3,106,24
x,0,3,107,37
x,0,3,108,50
x,0,3,109,63
x,0,3,110,76
x,0,3,111,89
x,0,3,112,102
x,0,3,113,115
x,0,3,114,-128
x,0,3,115,-115
x,0,3,116,-102
x,0,3,117,-89
x,0,3,118,-76
x,0,3,119,-63
x,0,3,120,-50
x,0,3,121,-37
x,0,3,122,-24
x,0,3,123,-11
x,0,3,124,2
x,0,3,125,15
x,0,3,126,28
x,0,3,127,41
h,0,0,0,-123
h,0,0,1,-116
h,0,0,2,-109
h,0,0,3,-102
h,0,0,4,-95
h,0,0,5,-88
h,0,0,6,-81
h,0,0,7,-74
h,0,0,8,-67
h,0,0,9,-60
h,0,0,10,-53
h,0,0,11,-46
h,0,0,12,-39
h,0,0,13,-32
h,0,0,14,-25
h,0,0,15,-18
h,0,0,16,-11
h,0,0,17,-4
h,0,0,18,3
h,0,0,19,10
h,0,0,20,17
h,0,0,21,24
h,0,0,22,31
h,0,0,23,38
h,0,0,24,45
h,0,0,25,52
h,0,0,26,59
h,0,0,27,66
h,0,0,28,73
h,0,0,29,80
h,0,0,30,87
h,0,0,31,94
h,0,0,32,101
h,0,0,33,108
h,0,0,34,115
h,0,0,35,122
h,0,0,36,-127
h,0,0,37,-120
h,0,0,38,-113
h,0,0,39,-106
h,0,0,40,-99
h,0,0,41,-92
h,0,0,42,-85
h,0,0,43,-78
h,0,0,44,-71
h,0,0,45,-64
h,0,0,46,-57
h,0,0,47,-50
h,0,0,48,-43
h,0,0,49,-36
h,0,0,50,-29
h,0,0,51,-22
h,0,0,52,-15
h,0,0,53,-8
h,0,0,54,-1
h,0,0,55,6
h,0,0,56,13
h,0,0,57,20
h,0,0,58,27
h,0,0,59,34
h,0,0,60,41
h,0,0,61,48
h,0,0,62,55
h,0,0,63,62
h,0,0,64,69
h,0,0,65,76
h,0,0,66,83
h,0,0,67,90
h,0,0,68,97
h,0,0,69,104
h,0,0,70,111
h,0,0,71,118
h,0,0,72,125
h,0,0,73,-124
h,0,0,74,-117
h,0,0,75,-110
h,0,0,76,-103
h,0,0,77,-96
h,0,0,78,-89
h,0,0,79,-82
h,0,0,80,-75
h,0,0,81,-68
h,0,0,82,-61
h,0,0,83,-54
h,0,0,84,-47
h,0,0,85,-40
h,0,0,86,-33
h,0,0,87,-26
h,0,0,88,-19
h,0,0,89,-12
h,0,0,90,-5
h,0,0,91,2
h,0,0,92,9
h,0,0,93,16
h,0,0,94,23
h,0,0,95,30
h,0,0,96,37
h,0,0,97,44
h,0,0,98,51
h,0,0,99,58
h,0,0,100,65
h,0,0,101,72
h,0,0,102,79
h,0,0,103,86
h,0,0,104,93
h,0,0,105,100
h,0,0,106,107
h,0,0,107,114
h,0,0,108,121
h,0,0,109,-128
h,0,0,110,-121
h,0,0,111,-114
h,0,0,112,-107
h,0,0,113,-100
h,0,0,114,-93
h,0,0,115,-86
h,0,0,116,-79
h,0,0,117,-72
h,0,0,118,-65
h,0,0,119,-58
h,0,0,120,-51
h,0,0,121,-44
h,0,0,122,-37
h,0,0,123,-30
h,0,0,124,-23
h,0,0,125,-16
h,0,0,126,-9
h,0,1,0,-112
h,0,1,1,-105
h,0,1,2,-98
h,0,1,3,-91
h,0,1,4,-84
h,0,1,5,-77
h,0,1,6,-70
h,0,1,7,-63
h,0,1,8,-56
h,0,1,9,-49
h,0,1,10,-42
h,0,1,11,-35
h,0,1,12,-28
h,0,1,13,-21
h,0,1,14,-14
h,0,1,15,-7
h,0,1,16,0
h,0,1,17,7
h,0,1,18,14
h,0,1,19,21
h,0,1,20,28
h,0,1,21,35
h,0,1,22,42
h,0,1,23,49
h,0,1,24,56
h,0,1,25,63
h,0,1,26,70
h,0,1,27,77
h,0,1,28,84
h,0,1,29,91
h,0,1,30,98
h,0,1,31,105
h,0,1,32,112
h,0,1,33,119
h,0,1,34,126
h,0,1,35,-123
h,0,1,36,-116
h,0,1,37,-109
h,0,1,38,-102
h,0,1,39,-95
h,0,1,40,-88
h,0,1,41,-81
h,0,1,42,-74
h,0,1,43,-67
h,0,1,44,-60
h,0,1,45,-53
h,0,1,46,-46
h,0,1,47,-39
h,0,1,48,-32
h,0,1,49,-25
h,0,1,50,-18
h,0,1,51,-11
h,0,1,52,-4
h,0,1,53,3
h,0,1,54,10
h,0,1,55,17
h,0,1,56,24
h,0,1,57,31
h,0,1,58,38
h,0,1,59,45
h,0,1,60,52
h,0,1,61,59
h,0,1,62,66
h,0,1,63,73
h,0,1,64,80
h,0,1,65,87
h,0,1,66,94
h,0,1,67,101
h,0,1,68,108
h,0,1,69,115
h,0,1,70,122
h,0,1,71,-127
h,0,1,72,-120
h,0,1,73,-113
h,0,1,74,-106
h,0,1,75,-99
h,0,1,76,-92
h,0,1,77,-85
h,0,1,78,-78
h,0,1,79,-71
h,0,1,80,-64
h,0,1,81,-57
h,0,1,82,-50
h,0,1,83,-43
h,0,1,84,-36
h,0,1,85,-29
h,0,1,86,-22
h,0,1,87,-15
h,0,1,88,-8
h,0,1,89,-1
h,0,1,90,6
h,0,1,91,13
h,0,1,92,20
h,0,1,93,27
h,0,1,94,34
h,0,1,95,41
h,0,1,96,48
h,0,1,97,55
h,0,1,98,62
h,0,1,99,69
h,0,1,100,76
h,0,1,101,83
h,0,1,102,90
h,0,1,103,97
h,0,1,104,104
h,0,1,105,111
h,0,1,106,118
h,0,1,107,125
h,0,1,108,-124
h,0,1,109,-117
h,0,1,110,-110
h,0,1,111,-103
h,0,1,112,-96
h,0,1,113,-89
h,0,1,114,-82
h,0,1,115,-75
h,0,1,116,-68
h,0,1,117,-61
h,0,1,118,-54
h,0,1,119,-47
h,0,1,120,-40
h,0,1,121,-33
h,0,1,122,-26
h,0,1,123,-19
h,0,1,124,-12
h,0,1,125,-5
h,0,1,126,2
h,0,2,0,-101
h,0,2,1,-94
h,0,2,2,-87
h,0,2,3,-80
h,0,2,4,-73
h,0,2,5,-66
h,0,2,6,-59
h,0,2,7,-52
h,0,2,8,-45
h,0,2,9,-38
h,0,2,10,-31
h,0,2,11,-24
h,0,2,12,-17
h,0,2,13,-10
h,0,2,14,-3
h,0,2,15,4
h,0,2,16,11
h,0,2,17,18
h,0,2,18,25
h,0,2,19,32
h,0,2,20,39
h,0,2,21,46
h,0,2,22,53
h,0,2,23,60
h,0,2,24,67
h,0,2,25,74
h,0,2,26,81
h,0,2,27,88
h,0,2,28,95
h,0,2,29,102
h,0,2,30,109
h,0,2,31,116
h,0,2,32,123
h,0,2,33,-126
h,0,2,34,-119
h,0,2,35,-112
h,0,2,36,-105
h,0,2,37,-98
h,0,2,38,-91
h,0,2,39,-84
h,0,2,40,-77
h,0,2,41,-70
h,0,2,42,-63
h,0,2,43,-56
h,0,2,44,-49
h,0,2,45,-42
h,0,2,46,-35
h,0,2,47,-28
h,0,2,48,-21
h,0,2,49,-14
h,0,2,50,-7
h,0,2,51,0
h,0,2,52,7
h,0,2,53,14
h,0,2,54,21
h,0,2,55,28
h,0,2,56,35
h,0,2,57,42
h,0,2,58,49
h,0,2,59,56
h,0,2,60,63
h,0,2,61,70
h,0,2,62,77
h,0,2,63,84
h,0,2,64,91
h,0,2,65,98
h,0,2,66,105
h,0,2,67,112
h,0,2,68,119
h,0,2,69,126
h,0,2,70,-123
h,0,2,71,-116
h,0,2,72,-109
h,0,2,73,-102
h,0,2,74,-95
h,0,2,75,-88
h,0,2,76,-81
h,0,2,77,-74
h,0,2,78,-67
h,0,2,79,-60
h,0,2,80,-53
h,0,2,81,-46
h,0,2,82,-39
h,0,2,83,-32
h,0,2,84,-25
h,0,2,85,-18
h,0,2,86,-11
h,0,2,87,-4
h,0,2,88,3
h,0,2,89,10
h,0,2,90,17
h,0,2,91,24
h,0,2,92,31
h,0,2,93,38
h,0,2,94,45
h,0,2,95,52
h,0,2,96,59
h,0,2,97,66
h,0,2,98,73
h,0,2,99,80
h,0,2,100,87
h,0,2,101,94
h,0,2,102,101
h,0,2,103,108
h,0,2,104,115
h,0,2,105,122
h,0,2,106,-127
h,0,2,107,-120
h,0,2,108,-113
h,0,2,109,-106
h,0,2,110,-99
h,0,2,111,-92
h,0,2,112,-85
h,0,2,113,-78
h,0,2,114,-71
h,0,2,115,-64
h,0,2,116,-57
h,0,2,117,-50
h,0,2,118,-43
h,0,2,119,-36
h,0,2,120,-29
h,0,2,121,-22
h,0,2,122,-15
h,0,2,123,-8
h,0,2,124,-1
h,0,2,125,6
h,0,2,126,13
h,0,3,0,-90
h,0,3,1,-83
h,0,3,2,-76
h,0,3,3,-69
h,0,3,4,-62
h,0,3,5,-55
h,0,3,6,-48
h,0,3,7,-41
h,0,3,8,-34
h,0,3,9,-27
h,0,3,10,-20
h,0,3,11,-13
h,0,3,12,-6
h,0,3,13,1
h,0,3,14,8
h,0,3,15,15
h,0,3,16,22
h,0,3,17,29
h,0,3,18,36
h,0,3,19,43
h,0,3,20,50
h,0,3,21,57
h,0,3,22,64
h,0,3,23,71
h,0,3,24,78
h,0,3,25,85
h,0,3,26,92
h,0,3,27,99
h,0,3,28,106
h,0,3,29,113
h,0,3,30,120
h,0,3,31,127
h,0,3,32,-122
h,0,3,33,-115
h,0,3,34,-108
h,0,3,35,-101
h,0,3,36,-94
h,0,3,37,-87
h,0,3,38,-80
h,0,3,39,-73
h,0,3,40,-66
h,0,3,41,-59
h,0,3,42,-52
h,0,3,43,-45
h,0,3,44,-38
h,0,3,45,-31
h,0,3,46,-24
h,0,3,47,-17
h,0,3,48,-10
h,0,3,49,-3
h,0,3,50,4
h,0,3,51,11
h,0,3,52,18
h,0,3,53,25
h,0,3,54,32
h,0,3,55,39
h,0,3,56,46
h,0,3,57,53
h,0,3,58,60
h,0,3,59,67
h,0,3,60,74
h,0,3,61,81
h,0,3,62,88
h,0,3,63,95
h,0,3,64,102
h,0,3,65,109
h,0,3,66,116
h,0,3,67,123
h,0,3,68,-126
h,0,3,69,-119
h,0,3,70,-112
h,0,3,71,-105
h,0,3,72,-98
h,0,3,73,-91
h,0,3,74,-84
h,0,3,75,-77
h,0,3,76,-70
h,0,3,77,-63
h,0,3,78,-56
h,0,3,79,-49
h,0,3,80,-42
h,0,3,81,-35
h,0,3,82,-28
h,0,3,83,-21
h,0,3,84,-14
h,0,3,85,-7
h,0,3,86,0
h,0,3,87,7
h,0,3,88,14
h,0,3,89,21
h,0,3,90,28
h,0,3,91,35
h,0,3,92,42
h,0,3,93,49
h,0,3,94,56
h,0,3,95,63
h,0,3,96,70
h,0,3,97,77
h,0,3,98,84
h,0,3,99,91
h,0,3,100,98
h,0,3,101,105
h,0,3,102,112
h,0,3,103,119
h,0,3,104,126
h,0,3,105,-123
h,0,3,106,-116
h,0,3,107,-109
h,0,3,108,-102
h,0,3,109,-95
h,0,3,110,-88
h,0,3,111,-81
h,0,3,112,-74
h,0,3,113,-67
h,0,3,114,-60
h,0,3,115,-53
h,0,3,116,-46
h,0,3,117,-39
h,0,3,118,-32
h,0,3,119,-25
h,0,3,120,-18
h,0,3,121,-11
h,0,3,122,-4
h,0,3,123,3
h,0,3,124,10
h,0,3,125,17
h,0,3,126,24
h,1,0,0,-104
h,1,0,1,-97
h,1,0,2,-90
h,1,0,3,-83
h,1,0,4,-76
h,1,0,5,-69
h,1,0,6,-62
h,1,0,7,-55
h,1,0,8,-48
h,1,0,9,-41
h,1,0,10,-34
h,1,0,11,-27
h,1,0,12,-20
h,1,0,13,-13
h,1,0,14,-6
h,1,0,15,1
h,1,0,16,8
h,1,0,17,15
h,1,0,18,22
h,1,0,19,29
h,1,0,20,36
h,1,0,21,43
h,1,0,22,50
h,1,0,23,57
h,1,0,24,64
h,1,0,25,71
h,1,0,26,78
h,1,0,27,85
h,1,0,28,92
h,1,0,29,99
h,1,0,30,106
h,1,0,31,113
h,1,0,32,120
h,1,0,33,127
h,1,0,34,-122
h,1,0,35,-115
h,1,0,36,-108
h,1,0,37,-101
h,1,0,38,-94
h,1,0,39,-87
h,1,0,40,-80
h,1,0,41,-73
h,1,0,42,-66
h,1,0,43,-59
h,1,0,44,-52
h,1,0,45,-45
h,1,0,46,-38
h,1,0,47,-31
h,1,0,48,-24
h,1,0,49,-17
h,1,0,50,-10
h,1,0,51,-3
h,1,0,52,4
h,1,0,53,11
h,1,0,54,18
h,1,0,55,25
h,1,0,56,32
h,1,0,57,39
h,1,0,58,46
h,1,0,59,53
h,1,0,60,60
h,1,0,61,67
h,1,0,62,74
h,1,0,63,81
h,1,0,64,88
h,1,0,65,95
h,1,0,66,102
h,1,0,67,109
h,1,0,68,116
h,1,0,69,123
h,1,0,70,-126
h,1,0,71,-119
h,1,0,72,-112
h,1,0,73,-105
h,1,0,74,-98
h,1,0,75,-91
h,1,0,76,-84
h,1,0,77,-77
h,1,0,78,-70
h,1,0,79,-63
h,1,0,80,-56
h,1,0,81,-49
h,1,0,82,-42
h,1,0,83,-35
h,1,0,84,-28
h,1,0,85,-21
h,1,0,86,-14
h,1,0,87,-7
h,1,0,88,0
h,1,0,89,7
h,1,0,90,14
h,1,0,91,21
h,1,0,92,28
h,1,0,93,35
h,1,0,94,42
h,1,0,95,49
h,1,0,96,56
h,1,0,97,63
h,1,0,98,70
h,1,0,99,77
h,1,0,100,84
h,1,0,101,91
h,1,0,102,98
h,1,0,103,105
h,1,0,104,112
h,1,0,105,119
h,1,0,106,126
h,1,0,107,-123
h,1,0,108,-116
h,1,0,109,-109
h,1,0,110,-102
h,1,0,111,-95
h,1,0,112,-88
h,1,0,113,-81
h,1,0,114,-74
h,1,0,115,-67
h,1,0,116,-60
h,1,0,117,-53
h,1,0,118,-46
h,1,0,119,-39
h,1,0,120,-32
h,1,0,121,-25
h,1,0,122,-18
h,1,0,123,-11
h,1,0,124,-4
h,1,0,125,3
h,1,0,126,10
h,1,1,0,-93
h,1,1,1,-86
h,1,1,2,-79
h,1,1,3,-72
h,1,1,4,-65
h,1,1,5,-58
h,1,1,6,-51
h,1,1,7,-44
h,1,1,8,-37
h,1,1,9,-30
h,1,1,10,-23
h,1,1,11,-16
h,1,1,12,-9
h,1,1,13,-2
h,1,1,14,5
h,1,1,15,12
h,1,1,16,19
h,1,1,17,26
h,1,1,18,33
h,1,1,19,40
h,1,1,20,47
h,1,1,21,54
h,1,1,22,61
h,1,1,23,68
h,1,1,24,75
h,1,1,25,82
h,1,1,26,89
h,1,1,27,96
h,1,1,28,103
h,1,1,29,110
h,1,1,30,117
h,1,1,31,124
h,1,1,32,-125
h,1,1,33,-118
h,1,1,34,-111
h,1,1,35,-104
h,1,1,36,-97
h,1,1,37,-90
h,1,1,38,-83
h,1,1,39,-76
h,1,1,40,-69
h,1,1,41,-62
h,1,1,42,-55
h,1,1,43,-48
h,1,1,44,-41
h,1,1,45,-34
h,1,1,46,-27
h,1,1,47,-20
h,1,1,48,-13
h,1,1,49,-6
h,1,1,50,1
h,1,1,51,8
h,1,1,52,15
h,1,1,53,22
h,1,1,54,29
h,1,1,55,36
h,1,1,56,43
h,1,1,57,50
h,1,1,58,57
h,1,1,59,64
h,1,1,60,71
h,1,1,61,78
h,1,1,62,85
h,1,1,63,92
h,1,1,64,99
h,1,1,65,106
h,1,1,66,113
h,1,1,67,120
h,1,1,68,127
h,1,1,69,-122
h,1,1,70,-115
h,1,1,71,-108
h,1,1,72,-101
h,1,1,73,-94
h,1,1,74,-87
h,1,1,75,-80
h,1,1,76,-73
h,1,1,77,-66
h,1,1,78,-59
h,1,1,79,-52
h,1,1,80,-45
h,1,1,81,-38
h,1,1,82,-31
h,1,1,83,-24
h,1,1,84,-17
h,1,1,85,-10
h,1,1,86,-3
h,1,1,87,4
h,1,1,88,11
h,1,1,89,18
h,1,1,90,25
h,1,1,91,32
h,1,1,92,39
h,1,1,93,46
h,1,1,94,53
h,1,1,95,60
h,1,1,96,67
h,1,1,97,74
h,1,1,98,81
h,1,1,99,88
h,1,1,100,95
h,1,1,101,102
h,1,1,102,109
h,1,1,103,116
h,1,1,104,123
h,1,1,105,-126
h,1,1,106,-119
h,1,1,107,-112
h,1,1,108,-105
h,1,1,109,-98
h,1,1,110,-91
h,1,1,111,-84
h,1,1,112,-77
h,1,1,113,-70
h,1,1,114,-63
h,1,1,115,-56
h,1,1,116,-49
h,1,1,117,-42
h,1,1,118,-35
h,1,1,119,-28
h,1,1,120,-21
h,1,1,121,-14
h,1,1,122,-7
h,1,1,123,0
h,1,1,124,7
h,1,1,125,14
h,1,1,126,21
h,1,2,0,-82
h,1,2,1,-75
h,1,2,2,-68
h,1,2,3,-61
h,1,2,4,-54
h,1,2,5,-47
h,1,2,6,-40
h,1,2,7,-33
h,1,2,8,-26
h,1,2,9,-19
h,1,2,10,-12
h,1,2,11,-5
h,1,2,12,2
h,1,2,13,9
h,1,2,14,16
h,1,2,15,23
h,1,2,16,30
h,1,2,17,37
h,1,2,18,44
h,1,2,19,51
h,1,2,20,58
h,1,2,21,65
h,1,2,22,72
h,1,2,23,79
h,1,2,24,86
h,1,2,25,93
h,1,2,26,100
h,1,2,27,107
h,1,2,28,114
h,1,2,29,121
h,1,2,30,-128
h,1,2,31,-121
h,1,2,32,-114
h,1,2,33,-107
h,1,2,34,-100
h,1,2,35,-93
h,1,2,36,-86
h,1,2,37,-79
h,1,2,38,-72
h,1,2,39,-65
h,1,2,40,-58
h,1,2,41,-51
h,1,2,42,-44
h,1,2,43,-37
h,1,2,44,-30
h,1,2,45,-23
h,1,2,46,-16
h,1,2,47,-9
h,1,2,48,-2
h,1,2,49,5
h,1,2,50,12
h,1,2,51,19
h,1,2,52,26
h,1,2,53,33
h,1,2,54,40
h,1,2,55,47
h,1,2,56,54
h,1,2,57,61
h,1,2,58,68
h,1,2,59,75
h,1,2,60,82
h,1,2,61,89
h,1,2,62,96
h,1,2,63,103
h,1,2,64,110
h,1,2,65,117
h,1,2,66,124
h,1,2,67,-125
h,1,2,68,-118
h,1,2,69,-111
h,1,2,70,-104
h,1,2,71,-97
h,1,2,72,-90
h,1,2,73,-83
h,1,2,74,-76
h,1,2,75,-69
h,1,2,76,-62
h,1,2,77,-55
h,1,2,78,-48
h,1,2,79,-41
h,1,2,80,-34
h,1,2,81,-27
h,1,2,82,-20
h,1,2,83,-13
h,1,2,84,-6
h,1,2,85,1
h,1,2,86,8
h,1,2,87,15
h,1,2,88,22
h,1,2,89,29
h,1,2,90,36
h,1,2,91,43
h,1,2,92,50
h,1,2,93,57
h,1,2,94,64
h,1,2,95,71
h,1,2,96,78
h,1,2,97,85
h,1,2,98,92
h,1,2,99,99
h,1,2,100,106
h,1,2,101,113
h,1,2,102,120
h,1,2,103,127
h,1,2,104,-122
h,1,2,105,-115
h,1,2,106,-108
h,1,2,107,-101
h,1,2,108,-94
h,1,2,109,-87
h,1,2,110,-80
h,1,2,111,-73
h,1,2,112,-66
h,1,2,113,-59
h,1,2,114,-52
h,1,2,115,-45
h,1,2,116,-38
h,1,2,117,-31
h,1,2,118,-24
h,1,2,119,-17
h,1,2,120,-10
h,1,2,121,-3
h,1,2,122,4
h,1,2,123,11
h,1,2,124,18
h,1,2,125,25
h,1,2,126,32
h,1,3,0,-71
h,1,3,1,-64
h,1,3,2,-57
h,1,3,3,-50
h,1,3,4,-43
h,1,3,5,-36
h,1,3,6,-29
h,1,3,7,-22
h,1,3,8,-15
h,1,3,9,-8
h,1,3,10,-1
h,1,3,11,6
h,1,3,12,13
h,1,3,13,20
h,1,3,14,27
h,1,3,15,34
h,1,3,16,41
h,1,3,17,48
h,1,3,18,55
h,1,3,19,62
h,1,3,20,69
h,1,3,21,76
h,1,3,22,83
h,1,3,23,90
h,1,3,24,97
h,1,3,25,104
h,1,3,26,111
h,1,3,27,118
h,1,3,28,125
h,1,3,29,-124
h,1,3,30,-117
h,1,3,31,-110
h,1,3,32,-103
h,1,3,33,-96
h,1,3,34,-89
h,1,3,35,-82
h,1,3,36,-75
h,1,3,37,-68
h,1,3,38,-61
h,1,3,39,-54
h,1,3,40,-47
h,1,3,41,-40
h,1,3,42,-33
h,1,3,43,-26
h,1,3,44,-19
h,1,3,45,-12
h,1,3,46,-5
h,1,3,47,2
h,1,3,48,9
h,1,3,49,16
h,1,3,50,23
h,1,3,51,30
h,1,3,52,37
h,1,3,53,44
h,1,3,54,51
h,1,3,55,58
h,1,3,56,65
h,1,3,57,72
h,1,3,58,79
h,1,3,59,86
h,1,3,60,93
h,1,3,61,100
h,1,3,62,107
h,1,3,63,114
h,1,3,64,121
h,1,3,65,-128
h,1,3,66,-121
h,1,3,67,-114
h,1,3,68,-107
h,1,3,69,-100
h,1,3,70,-93
h,1,3,71,-86
h,1,3,72,-79
h,1,3,73,-72
h,1,3,74,-65
h,1,3,75,-58
h,1,3,76,-51
h,1,3,77,-44
h,1,3,78,-37
h,1,3,79,-30
h,1,3,80,-23
h,1,3,81,-16
h,1,3,82,-9
h,1,3,83,-2
h,1,3,84,5
h,1,3,85,12
h,1,3,86,19
h,1,3,87,26
h,1,3,88,33
h,1,3,89,40
h,1,3,90,47
h,1,3,91,54
h,1,3,92,61
h,1,3,93,68
h,1,3,94,75
h,1,3,95,82
h,1,3,96,89
h,1,3,97,96
h,1,3,98,103
h,1,3,99,110
h,1,3,100,117
h,1,3,101,124
h,1,3,102,-125
h,1,3,103,-118
h,1,3,104,-111
h,1,3,105,-104
h,1,3,106,-97
h,1,3,107,-90
h,1,3,108,-83
h,1,3,109,-76
h,1,3,110,-69
h,1,3,111,-62
h,1,3,112,-55
h,1,3,113,-48
h,1,3,114,-41
h,1,3,115,-34
h,1,3,116,-27
h,1,3,117,-20
h,1,3,118,-13
h,1,3,119,-6
h,1,3,120,1
h,1,3,121,8
h,1,3,122,15
h,1,3,123,22
h,1,3,124,29
h,1,3,125,36
h,1,3,126,43
h,2,0,0,-85
h,2,0,1,-78
h,2,0,2,-71
h,2,0,3,-64
h,2,0,4,-57
h,2,0,5,-50
h,2,0,6,-43
h,2,0,7,-36
h,2,0,8,-29
h,2,0,9,-22
h,2,0,10,-15
h,2,0,11,-8
h,2,0,12,-1
h,2,0,13,6
h,2,0,14,13
h,2,0,15,20
h,2,0,16,27
h,2,0,17,34
h,2,0,18,41
h,2,0,19,48
h,2,0,20,55
h,2,0,21,62
h,2,0,22,69
h,2,0,23,76
h,2,0,24,83
h,2,0,25,90
h,2,0,26,97
h,2,0,27,104
h,2,0,28,111
h,2,0,29,118
h,2,0,30,125
h,2,0,31,-124
h,2,0,32,-117
h,2,0,33,-110
h,2,0,34,-103
h,2,0,35,-96
h,2,0,36,-89
h,2,0,37,-82
h,2,0,38,-75
h,2,0,39,-68
h,2,0,40,-61
h,2,0,41,-54
h,2,0,42,-47
h,2,0,43,-40
h,2,0,44,-33
h,2,0,45,-26
h,2,0,46,-19
h,2,0,47,-12
h,2,0,48,-5
h,2,0,49,2
h,2,0,50,9
h,2,0,51,16
h,2,0,52,23
h,2,0,53,30
h,2,0,54,37
h,2,0,55,44
h,2,0,56,51
h,2,0,57,58
h,2,0,58,65
h,2,0,59,72
h,2,0,60,79
h,2,0,61,86
h,2,0,62,93
h,2,0,63,100
h,2,0,64,107
h,2,0,65,114
h,2,0,66,121
h,2,0,67,-128
h,2,0,68,-121
h,2,0,69,-114
h,2,0,70,-107
h,2,0,71,-100
h,2,0,72,-93
h,2,0,73,-86
h,2,0,74,-79
h,2,0,75,-72
h,2,0,76,-65
h,2,0,77,-58
h,2,0,78,-51
h,2,0,79,-44
h,2,0,80,-37
h,2,0,81,-30
h,2,0,82,-23
h,2,0,83,-16
h,2,0,84,-9
h,2,0,85,-2
h,2,0,86,5
h,2,0,87,12
h,2,0,88,19
h,2,0,89,26
h,2,0,90,33
h,2,0,91,40
h,2,0,92,47
h,2,0,93,54
h,2,0,94,61
h,2,0,95,68
h,2,0,96,75
h,2,0,97,82
h,2,0,98,89
h,2,0,99,96
h,2,0,100,103
h,2,0,101,110
h,2,0,102,117
h,2,0,103,124
h,2,0,104,-125
h,2,0,105,-118
h,2,0,106,-111
h,2,0,107,-104
h,2,0,108,-97
h,2,0,109,-90
h,2,0,110,-83
h,2,0,111,-76
h,2,0,112,-69
h,2,0,113,-62
h,2,0,114,-55
h,2,0,115,-48
h,2,0,116,-41
h,2,0,117,-34
h,2,0,118,-27
h,2,0,119,-20
h,2,0,120,-13
h,2,0,121,-6
h,2,0,122,1
h,2,0,123,8
h,2,0,124,15
h,2,0,125,22
h,2,0,126,29
h,2,1,0,-74
h,2,1,1,-67
h,2,1,2,-60
h,2,1,3,-53
h,2,1,4,-46
h,2,1,5,-39
h,2,1,6,-32
h,2,1,7,-25
h,2,1,8,-18
h,2,1,9,-11
h,2,1,10,-4
h,2,1,11,3
h,2,1,12,10
h,2,1,13,17
h,2,1,14,24
h,2,1,15,31
h,2,1,16,38
h,2,1,17,45
h,2,1,18,52
h,2,1,19,59
h,2,1,20,66
h,2,1,21,73
h,2,1,22,80
h,2,1,23,87
h,2,1,24,94
h,2,1,25,101
h,2,1,26,108
h,2,1,27,115
h,2,1,28,122
h,2,1,29,-127
h,2,1,30,-120
h,2,1,31,-113
h,2,1,32,-106
h,2,1,33,-99
h,2,1,34,-92
h,2,1,35,-85
h,2,1,36,-78
h,2,1,37,-71
h,2,1,38,-64
h,2,1,39,-57
h,2,1,40,-50
h,2,1,41,-43
h,2,1,42,-36
h,2,1,43,-29
h,2,1,44,-22
h,2,1,45,-15
h,2,1,46,-8
h,2,1,47,-1
h,2,1,48,6
h,2,1,49,13
h,2,1,50,20
h,2,1,51,27
h,2,1,52,34
h,2,1,53,41
h,2,1,54,48
h,2,1,55,55
h,2,1,56,62
h,2,1,57,69
h,2,1,58,76
h,2,1,59,83
h,2,1,60,90
h,2,1,61,97
h,2,1,62,104
h,2,1,63,111
h,2,1,64,118
h,2,1,65,125
h,2,1,66,-124
h,2,1,67,-117
h,2,1,68,-110
h,2,1,69,-103
h,2,1,70,-96
h,2,1,71,-89
h,2,1,72,-82
h,2,1,73,-75
h,2,1,74,-68
h,2,1,75,-61
h,2,1,76,-54
h,2,1,77,-47
h,2,1,78,-40
h,2,1,79,-33
h,2,1,80,-26
h,2,1,81,-19
h,2,1,82,-12
h,2,1,83,-5
h,2,1,84,2
h,2,1,85,9
h,2,1,86,16
h,2,1,87,23
h,2,1,88,30
h,2,1,89,37
h,2,1,90,44
h,2,1,91,51
h,2,1,92,58
h,2,1,93,65
h,2,1,94,72
h,2,1,95,79
h,2,1,96,86
h,2,1,97,93
h,2,1,98,100
h,2,1,99,107
h,2,1,100,114
h,2,1,101,121
h,2,1,102,-128
h,2,1,103,-121
h,2,1,104,-114
h,2,1,105,-107
h,2,1,106,-100
h,2,1,107,-93
h,2,1,108,-86
h,2,1,109,-79
h,2,1,110,-72
h,2,1,111,-65
h,2,1,112,-58
h,2,1,113,-51
h,2,1,114,-44
h,2,1,115,-37
h,2,1,116,-30
h,2,1,117,-23
h,2,1,118,-16
h,2,1,119,-9
h,2,1,120,-2
h,2,1,121,5
h,2,1,122,12
h,2,1,123,19
h,2,1,124,26
h,2,1,125,33
h,2,1,126,40
h,2,2,0,-63
h,2,2,1,-56
h,2,2,2,-49
h,2,2,3,-42
h,2,2,4,-35
h,2,2,5,-28
h,2,2,6,-21
h,2,2,7,-14
h,2,2,8,-7
h,2,2,9,0
h,2,2,10,7
h,2,2,11,14
h,2,2,12,21
h,2,2,13,28
h,2,2,14,35
h,2,2,15,42
h,2,2,16,49
h,2,2,17,56
h,2,2,18,63
h,2,2,19,70
h,2,2,20,77
h,2,2,21,84
h,2,2,22,91
h,2,2,23,98
h,2,2,24,105
h,2,2,25,112
h,2,2,26,119
h,2,2,27,126
h,2,2,28,-123
h,2,2,29,-116
h,2,2,30,-109
h,2,2,31,-102
h,2,2,32,-95
h,2,2,33,-88
h,2,2,34,-81
h,2,2,35,-74
h,2,2,36,-67
h,2,2,37,-60
h,2,2,38,-53
h,2,2,39,-46
h,2,2,40,-39
h,2,2,41,-32
h,2,2,42,-25
h,2,2,43,-18
h,2,2,44,-11
h,2,2,45,-4
h,2,2,46,3
h,2,2,47,10
h,2,2,48,17
h,2,2,49,24
h,2,2,50,31
h,2,2,51,38
h,2,2,52,45
h,2,2,53,52
h,2,2,54,59
h,2,2,55,66
h,2,2,56,73
h,2,2,57,80
h,2,2,58,87
h,2,2,59,94
h,2,2,60,101
h,2,2,61,108
h,2,2,62,115
h,2,2,63,122
h,2,2,64,-127
h,2,2,65,-120
h,2,2,66,-113
h,2,2,67,-106
h,2,2,68,-99
h,2,2,69,-92
h,2,2,70,-85
h,2,2,71,-78
h,2,2,72,-71
h,2,2,73,-64
h,2,2,74,-57
h,2,2,75,-50
h,2,2,76,-43
h,2,2,77,-36
h,2,2,78,-29
h,2,2,79,-22
h,2,2,80,-15
h,2,2,81,-8
h,2,2,82,-1
h,2,2,83,6
h,2,2,84,13
h,2,2,85,20
h,2,2,86,27
h,2,2,87,34
h,2,2,88,41
h,2,2,89,48
h,2,2,90,55
h,2,2,91,62
h,2,2,92,69
h,2,2,93,76
h,2,2,94,83
h,2,2,95,90
h,2,2,96,97
h,2,2,97,104
h,2,2,98,111
h,2,2,99,118
h,2,2,100,125
h,2,2,101,-124
h,2,2,102,-117
h,2,2,103,-110
h,2,2,104,-103
h,2,2,105,-96
h,2,2,106,-89
h,2,2,107,-82
h,2,2,108,-75
h,2,2,109,-68
h,2,2,110,-61
h,2,2,111,-54
h,2,2,112,-47
h,2,2,113,-40
h,2,2,114,-33
h,2,2,115,-26
h,2,2,116,-19
h,2,2,117,-12
h,2,2,118,-5
h,2,2,119,2
h,2,2,120,9
h,2,2,121,16
h,2,2,122,23
h,2,2,123,30
h,2,2,124,37
h,2,2,125,44
h,2,2,126,51
h,2,3,0,-52
h,2,3,1,-45
h,2,3,2,-38
h,2,3,3,-31
h,2,3,4,-24
h,2,3,5,-17
h,2,3,6,-10
h,2,3,7,-3
h,2,3,8,4
h,2,3,9,11
h,2,3,10,18
h,2,3,11,25
h,2,3,12,32
h,2,3,13,39
h,2,3,14,46
h,2,3,15,53
h,2,3,16,60
h,2,3,17,67
h,2,3,18,74
h,2,3,19,81
h,2,3,20,88
h,2,3,21,95
h,2,3,22,102
h,2,3,23,109
h,2,3,24,116
h,2,3,25,123
h,2,3,26,-126
h,2,3,27,-119
h,2,3,28,-112
h,2,3,29,-105
h,2,3,30,-98
h,2,3,31,-91
h,2,3,32,-84
h,2,3,33,-77
h,2,3,34,-70
h,2,3,35,-63
h,2,3,36,-56
h,2,3,37,-49
h,2,3,38,-42
h,2,3,39,-35
h,2,3,40,-28
h,2,3,41,-21
h,2,3,42,-14
h,2,3,43,-7
h,2,3,44,0
h,2,3,45,7
h,2,3,46,14
h,2,3,47,21
h,2,3,48,28
h,2,3,49,35
h,2,3,50,42
h,2,3,51,49
h,2,3,52,56
h,2,3,53,63
h,2,3,54,70
h,2,3,55,77
h,2,3,56,84
h,2,3,57,91
h,2,3,58,98
h,2,3,59,105
h,2,3,60,112
h,2,3,61,119
h,2,3,62,126
h,2,3,63,-123
h,2,3,64,-116
h,2,3,65,-109
h,2,3,66,-102
h,2,3,67,-95
h,2,3,68,-88
h,2,3,69,-81
h,2,3,70,-74
h,2,3,71,-67
h,2,3,72,-60
h,2,3,73,-53
h,2,3,74,-46
h,2,3,75,-39
h,2,3,76,-32
h,2,3,77,-25
h,2,3,78,-18
h,2,3,79,-11
h,2,3,80,-4
h,2,3,81,3
h,2,3,82,10
h,2,3,83,17
h,2,3,84,24
h,2,3,85,31
h,2,3,86,38
h,2,3,87,45
h,2,3,88,52
h,2,3,89,59
h,2,3,90,66
h,2,3,91,73
h,2,3,92,80
h,2,3,93,87
h,2,3,94,94
h,2,3,95,101
h,2,3,96,108
h,2,3,97,115
h,2,3,98,122
h,2,3,99,-127
h,2,3,100,-120
h,2,3,101,-113
h,2,3,102,-106
h,2,3,103,-99
h,2,3,104,-92
h,2,3,105,-85
h,2,3,106,-78
h,2,3,107,-71
h,2,3,108,-64
h,2,3,109,-57
h,2,3,110,-50
h,2,3,111,-43
h,2,3,112,-36
h,2,3,113,-29
h,2,3,114,-22
h,2,3,115,-15
h,2,3,116,-8
h,2,3,117,-1
h,2,3,118,6
h,2,3,119,13
h,2,3,120,20
h,2,3,121,27
h,2,3,122,34
h,2,3,123,41
h,2,3,124,48
h,2,3,125,55
h,2,3,126,62
h,3,0,0,-66
h,3,0,1,-59
h,3,0,2,-52
h,3,0,3,-45
h,3,0,4,-38
h,3,0,5,-31
h,3,0,6,-24
h,3,0,7,-17
h,3,0,8,-10
h,3,0,9,-3
h,3,0,10,4
h,3,0,11,11
h,3,0,12,18
h,3,0,13,25
h,3,0,14,32
h,3,0,15,39
h,3,0,16,46
h,3,0,17,53
h,3,0,18,60
h,3,0,19,67
h,3,0,20,74
h,3,0,21,81
h,3,0,22,88
h,3,0,23,95
h,3,0,24,102
h,3,0,25,109
h,3,0,26,116
h,3,0,27,123
h,3,0,28,-126
h,3,0,29,-119
h,3,0,30,-112
h,3,0,31,-105
h,3,0,32,-98
h,3,0,33,-91
h,3,0,34,-84
h,3,0,35,-77
h,3,0,36,-70
h,3,0,37,-63
h,3,0,38,-56
h,3,0,39,-49
h,3,0,40,-42
h,3,0,41,-35
h,3,0,42,-28
h,3,0,43,-21
h,3,0,44,-14
h,3,0,45,-7
h,3,0,46,0
h,3,0,47,7
h,3,0,48,14
h,3,0,49,21
h,3,0,50,28
h,3,0,51,35
h,3,0,52,42
h,3,0,53,49
h,3,0,54,56
h,3,0,55,63
h,3,0,56,70
h,3,0,57,77
h,3,0,58,84
h,3,0,59,91
h,3,0,60,98
h,3,0,61,105
h,3,0,62,112
h,3,0,63,119
h,3,0,64,126
h,3,0,65,-123
h,3,0,66,-116
h,3,0,67,-109
h,3,0,68,-102
h,3,0,69,-95
h,3,0,70,-88
h,3,0,71,-81
h,3,0,72,-74
h,3,0,73,-67
h,3,0,74,-60
h,3,0,75,-53
h,3,0,76,-46
h,3,0,77,-39
h,3,0,78,-32
h,3,0,79,-25
h,3,0,80,-18
h,3,0,81,-11
h,3,0,82,-4
h,3,0,83,3
h,3,0,84,10
h,3,0,85,17
h,3,0,86,24
h,3,0,87,31
h,3,0,88,38
h,3,0,89,45
h,3,0,90,52
h,3,0,91,59
h,3,0,92,66
h,3,0,93,73
h,3,0,94,80
h,3,0,95,87
h,3,0,96,94
h,3,0,97,101
h,3,0,98,108
h,3,0,99,115
h,3,0,100,122
h,3,0,101,-127
h,3,0,102,-120
h,3,0,103,-113
h,3,0,104,-106
h,3,0,105,-99
h,3,0,106,-92
h,3,0,107,-85
h,3,0,108,-78
h,3,0,109,-71
h,3,0,110,-64
h,3,0,111,-57
h,3,0,112,-50
h,3,0,113,-43
h,3,0,114,-36
h,3,0,115,-29
h,3,0,116,-22
h,3,0,117,-15
h,3,0,118,-8
h,3,0,119,-1
h,3,0,120,6
h,3,0,121,13
h,3,0,122,20
h,3,0,123,27
h,3,0,124,34
h,3,0,125,41
h,3,0,126,48
h,3,1,0,-55
h,3,1,1,-48
h,3,1,2,-41
h,3,1,3,-34
h,3,1,4,-27
h,3,1,5,-20
h,3,1,6,-13
h,3,1,7,-6
h,3,1,8,1
h,3,1,9,8
h,3,1,10,15
h,3,1,11,22
h,3,1,12,29
h,3,1,13,36
h,3,1,14,43
h,3,1,15,50
h,3,1,16,57
h,3,1,17,64
h,3,1,18,71
h,3,1,19,78
h,3,1,20,85
h,3,1,21,92
h,3,1,22,99
h,3,1,23,106
h,3,1,24,113
h,3,1,25,120
h,3,1,26,127
h,3,1,27,-122
h,3,1,28,-115
h,3,1,29,-108
h,3,1,30,-101
h,3,1,31,-94
h,3,1,32,-87
h,3,1,33,-80
h,3,1,34,-73
h,3,1,35,-66
h,3,1,36,-59
h,3,1,37,-52
h,3,1,38,-45
h,3,1,39,-38
h,3,1,40,-31
h,3,1,41,-24
h,3,1,42,-17
h,3,1,43,-10
h,3,1,44,-3
h,3,1,45,4
h,3,1,46,11
h,3,1,47,18
h,3,1,48,25
h,3,1,49,32
h,3,1,50,39
h,3,1,51,46
h,3,1,52,53
h,3,1,53,60
h,3,1,54,67
h,3,1,55,74
h,3,1,56,81
h,3,1,57,88
h,3,1,58,95
h,3,1,59,102
h,3,1,60,109
h,3,1,61,116
h,3,1,62,123
h,3,1,63,-126
h,3,1,64,-119
h,3,1,65,-112
h,3,1,66,-105
h,3,1,67,-98
h,3,1,68,-91
h,3,1,69,-84
h,3,1,70,-77
h,3,1,71,-70
h,3,1,72,-63
h,3,1,73,-56
h,3,1,74,-49
h,3,1,75,-42
h,3,1,76,-35
h,3,1,77,-28
h,3,1,78,-21
h,3,1,79,-14
h,3,1,80,-7
h,3,1,81,0
h,3,1,82,7
h,3,1,83,14
h,3,1,84,21
h,3,1,85,28
h,3,1,86,35
h,3,1,87,42
h,3,1,88,49
h,3,1,89,56
h,3,1,90,63
h,3,1,91,70
h,3,1,92,77
h,3,1,93,84
h,3,1,94,91
h,3,1,95,98
h,3,1,96,105
h,3,1,97,112
h,3,1,98,119
h,3,1,99,126
h,3,1,100,-123
h,3,1,101,-116
h,3,1,102,-109
h,3,1,103,-102
h,3,1,104,-95
h,3,1,105,-88
h,3,1,106,-81
h,3,1,107,-74
h,3,1,108,-67
h,3,1,109,-60
h,3,1,110,-53
h,3,1,111,-46
h,3,1,112,-39
h,3,1,113,-32
h,3,1,114,-25
h,3,1,115,-18
h,3,1,116,-11
h,3,1,117,-4
h,3,1,118,3
h,3,1,119,10
h,3,1,120,17
h,3,1,121,24
h,3,1,122,31
h,3,1,123,38
h,3,1,124,45
h,3,1,125,52
h,3,1,126,59
h,3,2,0,-44
h,3,2,1,-37
h,3,2,2,-30
h,3,2,3,-23
h,3,2,4,-16
h,3,2,5,-9
h,3,2,6,-2
h,3,2,7,5
h,3,2,8,12
h,3,2,9,19
h,3,2,10,26
h,3,2,11,33
h,3,2,12,40
h,3,2,13,47
h,3,2,14,54
h,3,2,15,61
h,3,2,16,68
h,3,2,17,75
h,3,2,18,82
h,3,2,19,89
h,3,2,20,96
h,3,2,21,103
h,3,2,22,110
h,3,2,23,117
h,3,2,24,124
h,3,2,25,-125
h,3,2,26,-118
h,3,2,27,-111
h,3,2,28,-104
h,3,2,29,-97
h,3,2,30,-90
h,3,2,31,-83
h,3,2,32,-76
h,3,2,33,-69
h,3,2,34,-62
h,3,2,35,-55
h,3,2,36,-48
h,3,2,37,-41
h,3,2,38,-34
h,3,2,39,-27
h,3,2,40,-20
h,3,2,41,-13
h,3,2,42,-6
h,3,2,43,1
h,3,2,44,8
h,3,2,45,15
h,3,2,46,22
h,3,2,47,29
h,3,2,48,36
h,3,2,49,43
h,3,2,50,50
h,3,2,51,57
h,3,2,52,64
h,3,2,53,71
h,3,2,54,78
h,3,2,55,85
h,3,2,56,92
h,3,2,57,99
h,3,2,58,106
h,3,2,59,113
h,3,2,60,120
h,3,2,61,127
h,3,2,62,-122
h,3,2,63,-115
h,3,2,64,-108
h,3,2,65,-101
h,3,2,66,-94
h,3,2,67,-87
h,3,2,68,-80
h,3,2,69,-73
h,3,2,70,-66
h,3,2,71,-59
h,3,2,72,-52
h,3,2,73,-45
h,3,2,74,-38
h,3,2,75,-31
h,3,2,76,-24
h,3,2,77,-17
h,3,2,78,-10
h,3,2,79,-3
h,3,2,80,4
h,3,2,81,11
h,3,2,82,18
h,3,2,83,25
h,3,2,84,32
h,3,2,85,39
h,3,2,86,46
h,3,2,87,53
h,3,2,88,60
h,3,2,89,67
h,3,2,90,74
h,3,2,91,81
h,3,2,92,88
h,3,2,93,95
h,3,2,94,102
h,3,2,95,109
h,3,2,96,116
h,3,2,97,123
h,3,2,98,-126
h,3,2,99,-119
h,3,2,100,-112
h,3,2,101,-105
h,3,2,102,-98
h,3,2,103,-91
h,3,2,104,-84
h,3,2,105,-77
h,3,2,106,-70
h,3,2,107,-63
h,3,2,108,-56
h,3,2,109,-49
h,3,2,110,-42
h,3,2,111,-35
h,3,2,112,-28
h,3,2,113,-21
h,3,2,114,-14
h,3,2,115,-7
h,3,2,116,0
h,3,2,117,7
h,3,2,118,14
h,3,2,119,21
h,3,2,120,28
h,3,2,121,35
h,3,2,122,42
h,3,2,123,49
h,3,2,124,56
h,3,2,125,63
h,3,2,126,70
h,3,3,0,-33
h,3,3,1,-26
h,3,3,2,-19
h,3,3,3,-12
h,3,3,4,-5
h,3,3,5,2
h,3,3,6,9
h,3,3,7,16
h,3,3,8,23
h,3,3,9,30
h,3,3,10,37
h,3,3,11,44
h,3,3,12,51
h,3,3,13,58
h,3,3,14,65
h,3,3,15,72
h,3,3,16,79
h,3,3,17,86
h,3,3,18,93
h,3,3,19,100
h,3,3,20,107
h,3,3,21,114
h,3,3,22,121
h,3,3,23,-128
h,3,3,24,-121
h,3,3,25,-114
h,3,3,26,-107
h,3,3,27,-100
h,3,3,28,-93
h,3,3,29,-86
h,3,3,30,-79
h,3,3,31,-72
h,3,3,32,-65
h,3,3,33,-58
h,3,3,34,-51
h,3,3,35,-44
h,3,3,36,-37
h,3,3,37,-30
h,3,3,38,-23
h,3,3,39,-16
h,3,3,40,-9
h,3,3,41,-2
h,3,3,42,5
h,3,3,43,12
h,3,3,44,19
h,3,3,45,26
h,3,3,46,33
h,3,3,47,40
h,3,3,48,47
h,3,3,49,54
h,3,3,50,61
h,3,3,51,68
h,3,3,52,75
h,3,3,53,82
h,3,3,54,89
h,3,3,55,96
h,3,3,56,103
h,3,3,57,110
h,3,3,58,117
h,3,3,59,124
h,3,3,60,-125
h,3,3,61,-118
h,3,3,62,-111
h,3,3,63,-104
h,3,3,64,-97
h,3,3,65,-90
h,3,3,66,-83
h,3,3,67,-76
h,3,3,68,-69
h,3,3,69,-62
h,3,3,70,-55
h,3,3,71,-48
h,3,3,72,-41
h,3,3,73,-34
h,3,3,74,-27
h,3,3,75,-20
h,3,3,76,-13
h,3,3,77,-6
h,3,3,78,1
h,3,3,79,8
h,3,3,80,15
h,3,3,81,22
h,3,3,82,29
h,3,3,83,36
h,3,3,84,43
h,3,3,85,50
h,3,3,86,57
h,3,3,87,64
h,3,3,88,71
h,3,3,89,78
h,3,3,90,85
h,3,3,91,92
h,3,3,92,99
h,3,3,93,106
h,3,3,94,113
h,3,3,95,120
h,3,3,96,127
h,3,3,97,-122
h,3,3,98,-115
h,3,3,99,-108
h,3,3,100,-101
h,3,3,101,-94
h,3,3,102,-87
h,3,3,103,-80
h,3,3,104,-73
h,3,3,105,-66
h,3,3,106,-59
h,3,3,107,-52
h,3,3,108,-45
h,3,3,109,-38
h,3,3,110,-31
h,3,3,111,-24
h,3,3,112,-17
h,3,3,113,-10
h,3,3,114,-3
h,3,3,115,4
h,3,3,116,11
h,3,3,117,18
h,3,3,118,25
h,3,3,119,32
h,3,3,120,39
h,3,3,121,46
h,3,3,122,53
h,3,3,123,60
h,3,3,124,67
h,3,3,125,74
h,3,3,126,81
y,0,0,0,43322
y,0,0,1,78320
y,0,0,2,105358
y,0,0,3,124800
y,0,0,4,137010
y,0,0,5,142352
y,0,0,6,141190
y,0,0,7,133888
y,0,0,8,120810
y,0,0,9,102320
y,0,0,10,78782
y,0,0,11,50560
y,0,0,12,18018
y,0,0,13,-18480
y,0,0,14,-58570
y,0,0,15,-101888
y,0,0,16,-125030
y,0,0,17,-126608
y,0,0,18,-133906
y,0,0,19,-117888
y,0,0,20,-77166
y,0,0,21,-44656
y,0,0,22,-19994
y,0,0,23,-2816
y,0,0,24,7242
y,0,0,25,10544
y,0,0,26,7454
y,0,0,27,-1664
y,0,0,28,-16446
y,0,0,29,-36528
y,0,0,30,-61546
y,0,0,31,-91136
y,0,0,32,-105990
y,0,0,33,-104720
y,0,0,34,-113586
y,0,0,35,-104576
y,0,0,36,-53262
y,0,0,37,6416
y,0,0,38,75846
y,0,0,39,124928
y,0,0,40,185514
y,0,0,41,224688
y,0,0,42,242814
y,0,0,43,240256
y,0,0,44,217378
y,0,0,45,174544
y,0,0,46,112118
y,0,0,47,30464
y,0,0,48,-4518
y,0,0,49,-58000
y,0,0,50,-64082
y,0,0,51,-87936
y,0,0,52,-129198
y,0,0,53,-187504
y,0,0,54,-196954
y,0,0,55,-199680
y,0,0,56,-154614
y,0,0,57,-101072
y,0,0,58,-37666
y,0,0,59,36992
y,0,0,60,89986
y,0,0,61,121680
y,0,0,62,132438
y,0,0,63,122624
y,0,0,64,92602
y,0,0,65,42736
y,0,0,66,-26610
y,0,0,67,-115072
y,0,0,68,-137806
y,0,0,69,-182256
y,0,0,70,-159226
y,0,0,71,-132864
y,0,0,72,-133782
y,0,0,73,-64080
y,0,0,74,-24258
y,0,0,75,9088
y,0,0,76,102882
y,0,0,77,164304
y,0,0,78,222390
y,0,0,79,278528
y,0,0,80,299802
y,0,0,81,286576
y,0,0,82,239214
y,0,0,83,158080
y,0,0,84,109074
y,0,0,85,27024
y,0,0,86,-87706
y,0,0,87,-103680
y,0,0,88,-151606
y,0,0,89,-231120
y,0,0,90,-210786
y,0,0,91,-221312
y,0,0,92,-262334
y,0,0,93,-202416
y,0,0,94,-172266
y,0,0,95,-82944
y,0,0,96,1402
y,0,0,97,82160
y,0,0,98,129230
y,0,0,99,174464
y,0,0,100,184946
y,0,0,101,161040
y,0,0,102,103110
y,0,0,103,11520
y,0,0,104,-47830
y,0,0,105,-121168
y,0,0,106,-207106
y,0,0,107,-200832
y,0,0,108,-205406
y,0,0,109,-88368
y,0,0,110,-15754
y,0,0,111,12800
y,0,0,112,-2342
y,0,0,113,70256
y,0,0,114,122926
y,0,0,115,196736
y,0,0,116,252370
y,0,0,117,291216
y,0,0,118,314662
y,0,0,119,289792
y,0,0,120,216970
y,0,0,121,162096
y,0,0,122,59998
y,0,0,123,42112
y,0,0,124,-22270
y,0,0,125,-132784
y,0,0,126,-289066
y,0,0,127,-289308
y,0,0,128,-321352
y,0,0,129,-195056
y,0,0,130,-107392
y,0,0,131,-58724
y,0,0,132,81656
y,0,0,133,182312
y,0,0,134,242880
y,0,0,135,328532
y,0,0,136,373368
y,0,0,137,377024
y,0,0,138,339136
y,0,0,139,259340
y,0,0,140,137272
y,0,0,141,38104
y,0,0,142,-104064
y,0,0,143,-150588
y,0,0,144,-233928
y,0,0,145,-357776
y,0,0,146,-323584
y,0,0,147,-329348
y,0,0,148,-373128
y,0,0,149,-258680
y,0,0,150,-182976
y,0,0,151,-146380
y,0,0,152,-18184
y,0,0,153,70176
y,0,0,154,183872
y,0,0,155,257004
y,0,0,156,289208
y,0,0,157,280120
y,0,0,158,229376
y,0,0,159,136612
y,0,0,160,80824
y,0,0,161,-4912
y,0,0,162,-127104
y,0,0,163,-141988
y,0,0,164,-183048
y,0,0,165,-249112
y,0,0,166,-209984
y,0,0,167,-197612
y,0,0,168,-78984
y,0,0,169,14464
y,0,0,170,82368
y,0,0,171,124364
y,0,0,172,205624
y,0,0,173,260248
y,0,0,174,287872
y,0,0,175,288132
y,0,0,176,260664
y,0,0,177,205104
y,0,0,178,121088
y,0,0,179,8252
y,0,0,180,-68232
y,0,0,181,-174264
y,0,0,182,-171200
y,0,0,183,-196620
y,0,0,184,-245768
y,0,0,185,-320032
y,0,0,186,-289728
y,0,0,187,-283988
y,0,0,188,-172104
y,0,0,189,-85512
y,0,0,190,-24576
y,0,0,191,75876
y,0,0,192,149944
y,0,0,193,197264
y,0,0,194,217472
y,0,0,195,210204
y,0,0,196,188920
y,0,0,197,142760
y,0,0,198,80832
y,0,0,199,1748
y,0,0,200,-31112
y,0,0,201,-82880
y,0,0,202,-77888
y,0,0,203,-83060
y,0,0,204,-102088
y,0,0,205,-67496
y,0,0,206,-46208
y,0,0,207,-36284
y,0,0,208,27448
y,0,0,209,79088
y,0,0,210,118272
y,0,0,211,144636
y,0,0,212,157816
y,0,0,213,157448
y,0,0,214,143168
y,0,0,215,114612
y,0,0,216,71416
y,0,0,217,13216
y,0,0,218,-60352
y,0,0,219,-84116
y,0,0,220,-123976
y,0,0,221,-180296
y,0,0,222,-179968
y,0,0,223,-189916
y,0,0,224,-211528
y,0,0,225,-180144
y,0,0,226,-162176
y,0,0,227,-90148
y,0,0,228,-29960
y,0,0,229,18024
y,0,0,230,53440
y,0,0,231,75924
y,0,0,232,85112
y,0,0,233,94464
y,0,0,234,102592
y,0,0,235,102988
y,0,0,236,100408
y,0,0,237,93464
y,0,0,238,84352
y,0,0,239,72708
y,0,0,240,58168
y,0,0,241,48304
y,0,0,242,36608
y,0,0,243,27836
y,0,0,244,20600
y,0,0,245,13512
y,0,0,246,8512
y,0,0,247,5236
y,0,0,248,3320
y,0,0,249,2400
y,0,0,250,2112
y,0,0,251,2092
y,0,0,252,1976
y,0,0,253,1400
y,0,0,254,0
y,0,0,255,0
y,1,0,0,35760
y,1,0,1,64184
y,1,0,2,85636
y,1,0,3,100480
y,1,0,4,109080
y,1,0,5,111800
y,1,0,6,109004
y,1,0,7,101056
y,1,0,8,88320
y,1,0,9,71160
y,1,0,10,49940
y,1,0,11,25024
y,1,0,12,-3224
y,1,0,13,-34440
y,1,0,14,-68260
y,1,0,15,-104320
y,1,0,16,-124080
y,1,0,17,-126152
y,1,0,18,-132956
y,1,0,19,-120320
y,1,0,20,-86856
y,1,0,21,-60616
y,1,0,22,-41236
y,1,0,23,-28352
y,1,0,24,-21600
y,1,0,25,-20616
y,1,0,26,-25036
y,1,0,27,-34496
y,1,0,28,-48632
y,1,0,29,-48136
y,1,0,30,-31620
y,1,0,31,-25344
y,1,0,32,-1296
y,1,0,33,9912
y,1,0,34,40644
y,1,0,35,55936
y,1,0,36,74328
y,1,0,37,97208
y,1,0,38,125964
y,1,0,39,135360
y,1,0,40,152384
y,1,0,41,148984
y,1,0,42,125524
y,1,0,43,82368
y,1,0,44,19880
y,1,0,45,3960
y,1,0,46,-30564
y,1,0,47,-17792
y,1,0,48,-22896
y,1,0,49,-45512
y,1,0,50,-85276
y,1,0,51,-76288
y,1,0,52,-83720
y,1,0,53,-107208
y,1,0,54,-80852
y,1,0,55,-51648
y,1,0,56,-39200
y,1,0,57,-22152
y,1,0,58,884
y,1,0,59,31296
y,1,0,60,41032
y,1,0,61,30456
y,1,0,62,-68
y,1,0,63,-50176
y,1,0,64,-119504
y,1,0,65,-123208
y,1,0,66,-148732
y,1,0,67,-106880
y,1,0,68,-89448
y,1,0,69,-68424
y,1,0,70,23116
y,1,0,71,84672
y,1,0,72,116608
y,1,0,73,119288
y,1,0,74,158612
y,1,0,75,187584
y,1,0,76,207592
y,1,0,77,196216
y,1,0,78,177628
y,1,0,79,153216
y,1,0,80,94928
y,1,0,81,68664
y,1,0,82,9252
y,1,0,83,-82944
y,1,0,84,-76488
y,1,0,85,-102088
y,1,0,86,-159380
y,1,0,87,-182464
y,1,0,88,-170976
y,1,0,89,-190088
y,1,0,90,-108364
y,1,0,91,-56512
y,1,0,92,-34168
y,1,0,93,24568
y,1,0,94,54524
y,1,0,95,74240
y,1,0,96,85104
y,1,0,97,88504
y,1,0,98,59204
y,1,0,99,24192
y,1,0,100,-44584
y,1,0,101,-81224
y,1,0,102,-131956
y,1,0,103,-218688
y,1,0,104,-186688
y,1,0,105,-165640
y,1,0,106,-120620
y,1,0,107,-19264
y,1,0,108,37928
y,1,0,109,51320
y,1,0,110,152348
y,1,0,111,210304
y,1,0,112,225552
y,1,0,113,263992
y,1,0,114,278628
y,1,0,115,249856
y,1,0,116,199032
y,1,0,117,127544
y,1,0,118,102316
y,1,0,119,29760
y,1,0,120,-24224
y,1,0,121,-59272
y,1,0,122,-140556
y,1,0,123,-267712
y,1,0,124,-243768
y,1,0,125,-264968
y,1,0,126,-265412
y,1,0,127,-166802
y,1,0,128,-102160
y,1,0,129,54298
y,1,0,130,171136
y,1,0,131,247990
y,1,0,132,284496
y,1,0,133,345826
y,1,0,134,366080
y,1,0,135,344894
y,1,0,136,281904
y,1,0,137,176746
y,1,0,138,94592
y,1,0,139,-30458
y,1,0,140,-133232
y,1,0,141,-214094
y,1,0,142,-338944
y,1,0,143,-298738
y,1,0,144,-291472
y,1,0,145,-325702
y,1,0,146,-329088
y,1,0,147,-237482
y,1,0,148,-184880
y,1,0,149,-40574
y,1,0,150,64000
y,1,0,151,128478
y,1,0,152,218032
y,1,0,153,266762
y,1,0,154,274304
y,1,0,155,240294
y,1,0,156,164368
y,1,0,157,125522
y,1,0,158,56832
y,1,0,159,-48210
y,1,0,160,-119312
y,1,0,161,-158630
y,1,0,162,-231296
y,1,0,163,-191242
y,1,0,164,-170928
y,1,0,165,-171742
y,1,0,166,-68352
y,1,0,167,12158
y,1,0,168,66864
y,1,0,169,160938
y,1,0,170,228480
y,1,0,171,269126
y,1,0,172,282512
y,1,0,173,268274
y,1,0,174,226048
y,1,0,175,155470
y,1,0,176,56176
y,1,0,177,-6662
y,1,0,178,-98944
y,1,0,179,-155498
y,1,0,180,-176688
y,1,0,181,-228414
y,1,0,182,-298240
y,1,0,183,-266466
y,1,0,184,-254544
y,1,0,185,-263862
y,1,0,186,-164736
y,1,0,187,-91162
y,1,0,188,22032
y,1,0,189,108946
y,1,0,190,169216
y,1,0,191,202478
y,1,0,192,208368
y,1,0,193,200346
y,1,0,194,167552
y,1,0,195,119094
y,1,0,196,48464
y,1,0,197,25954
y,1,0,198,-15360
y,1,0,199,-73282
y,1,0,200,-82640
y,1,0,201,-109334
y,1,0,202,-75392
y,1,0,203,-47738
y,1,0,204,-34928
y,1,0,205,-30158
y,1,0,206,30720
y,1,0,207,79246
y,1,0,208,115056
y,1,0,209,137786
y,1,0,210,147072
y,1,0,211,142550
y,1,0,212,123856
y,1,0,213,90626
y,1,0,214,42496
y,1,0,215,-20898
y,1,0,216,-34384
y,1,0,217,-63862
y,1,0,218,-109696
y,1,0,219,-172250
y,1,0,220,-186352
y,1,0,221,-217902
y,1,0,222,-188928
y,1,0,223,-166354
y,1,0,224,-151568
y,1,0,225,-84774
y,1,0,226,-27520
y,1,0,227,17270
y,1,0,228,49232
y,1,0,229,68002
y,1,0,230,87040
y,1,0,231,95486
y,1,0,232,102448
y,1,0,233,106538
y,1,0,234,105600
y,1,0,235,100038
y,1,0,236,92048
y,1,0,237,81266
y,1,0,238,67328
y,1,0,239,49870
y,1,0,240,28528
y,1,0,241,15738
y,1,0,242,128
y,1,0,243,-8682
y,1,0,244,-12080
y,1,0,245,-11454
y,1,0,246,-9728
y,1,0,247,-7266
y,1,0,248,-4432
y,1,0,249,-1590
y,1,0,250,896
y,1,0,251,2662
y,1,0,252,3344
y,1,0,253,2578
y,1,0,254,0
y,1,0,255,0
y,2,0,0,28198
y,2,0,1,50048
y,2,0,2,65914
y,2,0,3,76160
y,2,0,4,81150
y,2,0,5,81248
y,2,0,6,76818
y,2,0,7,68224
y,2,0,8,55830
y,2,0,9,40000
y,2,0,10,21098
y,2,0,11,-512
y,2,0,12,-24466
y,2,0,13,-50400
y,2,0,14,-77950
y,2,0,15,-106752
y,2,0,16,-123130
y,2,0,17,-125696
y,2,0,18,-132006
y,2,0,19,-122752
y,2,0,20,-96546
y,2,0,21,-76576
y,2,0,22,-62478
y,2,0,23,-53888
y,2,0,24,-50442
y,2,0,25,-51776
y,2,0,26,-38582
y,2,0,27,-32768
y,2,0,28,-10674
y,2,0,29,29088
y,2,0,30,55906
y,2,0,31,102144
y,2,0,32,132838
y,2,0,33,148352
y,2,0,34,149050
y,2,0,35,135296
y,2,0,36,120766
y,2,0,37,106848
y,2,0,38,94930
y,2,0,39,64640
y,2,0,40,38102
y,2,0,41,-7872
y,2,0,42,-7382
y,2,0,43,-25600
y,2,0,44,-62162
y,2,0,45,-51168
y,2,0,46,-57790
y,2,0,47,-81664
y,2,0,48,-56890
y,2,0,49,-48640
y,2,0,50,-56550
y,2,0,51,-14720
y,2,0,52,11678
y,2,0,53,23008
y,2,0,54,19634
y,2,0,55,15232
y,2,0,56,-4938
y,2,0,57,-24384
y,2,0,58,-41718
y,2,0,59,-55552
y,2,0,60,-89074
y,2,0,61,-141920
y,2,0,62,-148190
y,2,0,63,-154112
y,2,0,64,-158298
y,2,0,65,-121472
y,2,0,66,-81158
y,2,0,67,29568
y,2,0,68,110206
y,2,0,69,161120
y,2,0,70,182674
y,2,0,71,240768
y,2,0,72,270230
y,2,0,73,271424
y,2,0,74,244714
y,2,0,75,203776
y,2,0,76,149998
y,2,0,77,65824
y,2,0,78,-29438
y,2,0,79,-68864
y,2,0,80,-141178
y,2,0,81,-114944
y,2,0,82,-120870
y,2,0,83,-158592
y,2,0,84,-227746
y,2,0,85,-196896
y,2,0,86,-196750
y,2,0,87,-95872
y,2,0,88,-24970
y,2,0,89,16320
y,2,0,90,93898
y,2,0,91,142592
y,2,0,92,162766
y,2,0,93,154784
y,2,0,94,119010
y,2,0,95,69120
y,2,0,96,6502
y,2,0,97,-67456
y,2,0,98,-173126
y,2,0,99,-203904
y,2,0,100,-270786
y,2,0,101,-219040
y,2,0,102,-178350
y,2,0,103,-179328
y,2,0,104,-58538
y,2,0,105,17984
y,2,0,106,50602
y,2,0,107,170752
y,2,0,108,247726
y,2,0,109,281888
y,2,0,110,339138
y,2,0,111,354304
y,2,0,112,327750
y,2,0,113,259840
y,2,0,114,164250
y,2,0,115,91776
y,2,0,116,-6626
y,2,0,117,-129568
y,2,0,118,-144590
y,2,0,119,-205952
y,2,0,120,-313290
y,2,0,121,-269632
y,2,0,122,-271222
y,2,0,123,-317696
y,2,0,124,-212082
y,2,0,125,-150624
y,2,0,126,-1886
y,2,0,127,123384
y,2,0,128,212520
y,2,0,129,261412
y,2,0,130,335232
y,2,0,131,368080
y,2,0,132,359592
y,2,0,133,309404
y,2,0,134,217152
y,2,0,135,148008
y,2,0,136,36072
y,2,0,137,-119020
y,2,0,138,-186560
y,2,0,139,-297984
y,2,0,140,-257048
y,2,0,141,-260724
y,2,0,142,-309376
y,2,0,143,-385704
y,2,0,144,-294488
y,2,0,145,-245756
y,2,0,146,-96768
y,2,0,147,20016
y,2,0,148,96808
y,2,0,149,198780
y,2,0,150,260032
y,2,0,151,280200
y,2,0,152,258920
y,2,0,153,195828
y,2,0,154,169920
y,2,0,155,104800
y,2,0,156,9576
y,2,0,157,-117140
y,2,0,158,-146432
y,2,0,159,-208968
y,2,0,160,-171480
y,2,0,161,-165404
y,2,0,162,-191104
y,2,0,163,-100208
y,2,0,164,-25176
y,2,0,165,32604
y,2,0,166,128064
y,2,0,167,204520
y,2,0,168,254184
y,2,0,169,276692
y,2,0,170,271680
y,2,0,171,238784
y,2,0,172,177640
y,2,0,173,87884
y,2,0,174,34688
y,2,0,175,-47848
y,2,0,176,-160088
y,2,0,177,-171324
y,2,0,178,-212992
y,2,0,179,-285456
y,2,0,180,-258008
y,2,0,181,-262084
y,2,0,182,-280384
y,2,0,183,-198072
y,2,0,184,-131736
y,2,0,185,-17228
y,2,0,186,78528
y,2,0,187,147744
y,2,0,188,190056
y,2,0,189,205100
y,2,0,190,192512
y,2,0,191,165752
y,2,0,192,123432
y,2,0,193,59044
y,2,0,194,42880
y,2,0,195,8016
y,2,0,196,-43352
y,2,0,197,-46052
y,2,0,198,-65984
y,2,0,199,-37976
y,2,0,200,-27928
y,2,0,201,-36204
y,2,0,202,-45504
y,2,0,203,8320
y,2,0,204,46312
y,2,0,205,80140
y,2,0,206,108416
y,2,0,207,123352
y,2,0,208,124584
y,2,0,209,111748
y,2,0,210,84480
y,2,0,211,42416
y,2,0,212,-14808
y,2,0,213,-22020
y,2,0,214,-45120
y,2,0,215,-84472
y,2,0,216,-140440
y,2,0,217,-147852
y,2,0,218,-172608
y,2,0,219,-149536
y,2,0,220,-144536
y,2,0,221,-157972
y,2,0,222,-107008
y,2,0,223,-58568
y,2,0,224,-14040
y,2,0,225,15972
y,2,0,226,40320
y,2,0,227,65040
y,2,0,228,79272
y,2,0,229,92124
y,2,0,230,102208
y,2,0,231,107368
y,2,0,232,108008
y,2,0,233,106324
y,2,0,234,101952
y,2,0,235,94528
y,2,0,236,83688
y,2,0,237,69068
y,2,0,238,50304
y,2,0,239,27032
y,2,0,240,-1112
y,2,0,241,-16828
y,2,0,242,-36352
y,2,0,243,-45200
y,2,0,244,-44760
y,2,0,245,-36420
y,2,0,246,-27968
y,2,0,247,-19768
y,2,0,248,-12184
y,2,0,249,-5580
y,2,0,250,-320
y,2,0,251,3232
y,2,0,252,4712
y,2,0,253,3756
y,2,0,254,0
y,2,0,255,0
y,3,0,0,20636
y,3,0,1,35912
y,3,0,2,46192
y,3,0,3,51840
y,3,0,4,53220
y,3,0,5,50696
y,3,0,6,44632
y,3,0,7,35392
y,3,0,8,23340
y,3,0,9,8840
y,3,0,10,-7744
y,3,0,11,-26048
y,3,0,12,-45708
y,3,0,13,-66360
y,3,0,14,-87640
y,3,0,15,-109184
y,3,0,16,-122180
y,3,0,17,-125240
y,3,0,18,-131056
y,3,0,19,-125184
y,3,0,20,-106236
y,3,0,21,-92536
y,3,0,22,-83720
y,3,0,23,-60480
y,3,0,24,-44724
y,3,0,25,-12792
y,3,0,26,9056
y,3,0,27,48832
y,3,0,28,107924
y,3,0,29,151368
y,3,0,30,179528
y,3,0,31,192768
y,3,0,32,191452
y,3,0,33,175944
y,3,0,34,146608
y,3,0,35,103808
y,3,0,36,56356
y,3,0,37,5640
y,3,0,38,-46952
y,3,0,39,-51392
y,3,0,40,-55956
y,3,0,41,-78968
y,3,0,42,-54528
y,3,0,43,-47808
y,3,0,44,-58444
y,3,0,45,-86072
y,3,0,46,-64792
y,3,0,47,-59776
y,3,0,48,-5124
y,3,0,49,33992
y,3,0,50,57936
y,3,0,51,67072
y,3,0,52,61764
y,3,0,53,42376
y,3,0,54,9272
y,3,0,55,-28736
y,3,0,56,-81524
y,3,0,57,-137464
y,3,0,58,-195168
y,3,0,59,-187712
y,3,0,60,-180012
y,3,0,61,-193976
y,3,0,62,-140408
y,3,0,63,-83456
y,3,0,64,-53732
y,3,0,65,46664
y,3,0,66,117232
y,3,0,67,158336
y,3,0,68,235876
y,3,0,69,284680
y,3,0,70,305112
y,3,0,71,297536
y,3,0,72,262316
y,3,0,73,199816
y,3,0,74,110400
y,3,0,75,2880
y,3,0,76,-55820
y,3,0,77,-143928
y,3,0,78,-181464
y,3,0,79,-167040
y,3,0,80,-184516
y,3,0,81,-233528
y,3,0,82,-182640
y,3,0,83,-162560
y,3,0,84,-172924
y,3,0,85,-82296
y,3,0,86,-21384
y,3,0,87,75712
y,3,0,88,143820
y,3,0,89,183304
y,3,0,90,194528
y,3,0,91,177856
y,3,0,92,133652
y,3,0,93,62280
y,3,0,94,-35896
y,3,0,95,-152064
y,3,0,96,-219300
y,3,0,97,-282808
y,3,0,98,-291536
y,3,0,99,-254848
y,3,0,100,-228956
y,3,0,101,-81400
y,3,0,102,21784
y,3,0,103,80960
y,3,0,104,96492
y,3,0,105,199816
y,3,0,106,260224
y,3,0,107,343616
y,3,0,108,384820
y,3,0,109,384200
y,3,0,110,342120
y,3,0,111,258944
y,3,0,112,135036
y,3,0,113,36296
y,3,0,114,-94000
y,3,0,115,-134656
y,3,0,116,-205116
y,3,0,117,-303992
y,3,0,118,-364360
y,3,0,119,-339008
y,3,0,120,-358644
y,3,0,121,-226296
y,3,0,122,-138208
y,3,0,123,-94016
y,3,0,124,37716
y,3,0,125,126280
y,3,0,126,172040
y,3,0,127,268418
y,3,0,128,326496
y,3,0,129,343342
y,3,0,130,318592
y,3,0,131,251882
y,3,0,132,142848
y,3,0,133,56662
y,3,0,134,-72576
y,3,0,135,-114158
y,3,0,136,-199520
y,3,0,137,-263490
y,3,0,138,-240896
y,3,0,139,-263174
y,3,0,140,-330688
y,3,0,141,-247194
y,3,0,142,-209664
y,3,0,143,-195934
y,3,0,144,-76320
y,3,0,145,-178
y,3,0,146,114560
y,3,0,147,200970
y,3,0,148,246400
y,3,0,149,250486
y,3,0,150,212864
y,3,0,151,146994
y,3,0,152,107552
y,3,0,153,38110
y,3,0,154,-67840
y,3,0,155,-74470
y,3,0,156,-114240
y,3,0,157,-184954
y,3,0,158,-155904
y,3,0,159,-158526
y,3,0,160,-62112
y,3,0,161,1902
y,3,0,162,33152
y,3,0,163,53802
y,3,0,164,128000
y,3,0,165,188822
y,3,0,166,220800
y,3,0,167,237650
y,3,0,168,226720
y,3,0,169,187646
y,3,0,170,120064
y,3,0,171,23610
y,3,0,172,-36544
y,3,0,173,-126298
y,3,0,174,-114944
y,3,0,175,-133918
y,3,0,176,-183584
y,3,0,177,-264306
y,3,0,178,-245376
y,3,0,179,-258230
y,3,0,180,-172160
y,3,0,181,-118602
y,3,0,182,-75392
y,3,0,183,1906
y,3,0,184,67104
y,3,0,185,118814
y,3,0,186,155648
y,3,0,187,164954
y,3,0,188,160192
y,3,0,189,130502
y,3,0,190,84992
y,3,0,191,22274
y,3,0,192,5728
y,3,0,193,-29778
y,3,0,194,-16512
y,3,0,195,-20374
y,3,0,196,-41728
y,3,0,197,-15402
y,3,0,198,-7296
y,3,0,199,-17774
y,3,0,200,18336
y,3,0,201,35134
y,3,0,202,54784
y,3,0,203,75898
y,3,0,204,80192
y,3,0,205,84198
y,3,0,206,86528
y,3,0,207,74530
y,3,0,208,47840
y,3,0,209,6094
y,3,0,210,-51072
y,3,0,211,-58486
y,3,0,212,-82048
y,3,0,213,-122122
y,3,0,214,-113536
y,3,0,215,-122190
y,3,0,216,-148448
y,3,0,217,-127138
y,3,0,218,-124160
y,3,0,219,-74342
y,3,0,220,-43584
y,3,0,221,-32250
y,3,0,222,-18176
y,3,0,223,-2750
y,3,0,224,12640
y,3,0,225,26350
y,3,0,226,51072
y,3,0,227,68010
y,3,0,228,81920
y,3,0,229,91414
y,3,0,230,98688
y,3,0,231,103378
y,3,0,232,105120
y,3,0,233,103550
y,3,0,234,98304
y,3,0,235,89018
y,3,0,236,75328
y,3,0,237,56870
y,3,0,238,33280
y,3,0,239,4194
y,3,0,240,-30752
y,3,0,241,-49394
y,3,0,242,-72832
y,3,0,243,-81718
y,3,0,244,-77440
y,3,0,245,-61386
y,3,0,246,-46208
y,3,0,247,-32270
y,3,0,248,-19936
y,3,0,249,-9570
y,3,0,250,-1536
y,3,0,251,3802
y,3,0,252,6080
y,3,0,253,4934
y,3,0,254,0
y,3,0,255,0
