Path,Length,SHA256
.gitattributes,82,819fda461a5b76c7631a0779138ea34100b6ee3d6fa8e9cfe7e70f120867bfbb
.gitignore,264,18f0673de4974d76a7cba6a5d04058d7a8bdf2c580538b35a3f25f9658732d7f
CITATION.cff,383,7ae79c405f41f40de6e79306eb286eeecb62a0c8895edd392328d3773eceda08
LICENSE,10977,44e03f7e263eb3ad256440c1eeab5e49168baff5a78ecef9a5447261cf3a91bc
README.md,2937,f8a2374ba61e639a48d260426ab6b3f4efd80006214311615b888f4d48d27046
baselines/README.md,1876,83f6f10a7b5cf6c9c66c254276f6240f093be1ce55e71e38814b25faa8301499
baselines/direct/rtl/direct_spatial_parpipe_baseline_top.sv,1319,fb67f061e76307f7473306d97a5c908a768808cbb8034817dbfec0e4bdac82d2
baselines/direct/rtl/ntt46_direct_spatial_conv_baseline.sv,3981,9fd09b11dd9e8ac17f6d38c1265e13aa271f18d63fa3acba9fa5b1175ae7a964
baselines/direct/rtl/ntt46_direct_spatial_parpipe_baseline.sv,8397,057c543f646aa4fe40018fe2e68b3f80d6f1c5ad59886b204206b7bc6e9843dd
baselines/direct/rtl/ntt46_direct_spatial_serial_baseline.sv,5564,acaa8d98c7d305509b786e05aa4f45d945ef06d4af9445e1be6b8e1b083af394
baselines/direct/tb/tb_ntt46_direct_spatial_conv_baseline.sv,9745,a0009c348af1c0c9b0a96e03df4b14b70e0a0bf4a13751846981aa01da9de5a3
baselines/parallel_zero_pad/README.md,2119,eb3fdd4330f8973c53192214dcacf0966318a04ed34003399547f3a7d0ea9325
baselines/parallel_zero_pad/SOURCE_PROVENANCE.json,6524,823ad4b7fdba53bdbee5f6db96b5a61fe8cba6ca8615e79a2b3adb4c47a69feb
baselines/parallel_zero_pad/implement.tcl,1678,d70fdac1a44579cd2c9e67e0607e654556d9d8cb79c578561885453e5bacdb4f
baselines/parallel_zero_pad/model/generate_zero_pad_p520_radix4_assets.py,2848,5ed22fc67ecc19bc853634a6eb6c34d374bfe0459ee8a318f00d4794310ee90d
baselines/parallel_zero_pad/rom/zero_pad_p520_schedule/manifest.json,499,2e43789d9e5a44fe7d13fecad5494652571cc46b6024ee95299cb02b4b831c3b
baselines/parallel_zero_pad/rom/zero_pad_p520_schedule/twiddle_fwd_1024.mem,18280,ad28568aaff87f63360124e0b0012b0525308936fed4cc54df91801e4c794c16
baselines/parallel_zero_pad/rom/zero_pad_p520_schedule/twiddle_inv_1024.mem,18280,1730c3630ea302be310a78953276f437f0b8ca21a270565d2598772935d48d58
baselines/parallel_zero_pad/rtl/fact_baseline/ntt46_zero_pad_n1024_multicin_conv_tile.sv,15905,02ebe3e5a4c24164685e4e8f3f2e021762ce3ba5448db39a88302294c526a037
baselines/parallel_zero_pad/rtl/fact_baseline/ntt46_zero_pad_p520_n1024_local_core.sv,8169,8f2e55d4189773c6390149c41b6b9c017a0837d68f8ce8ca943feabc6a734149
baselines/parallel_zero_pad/rtl/fact_k520193_alias/ntt46_mrec_arith_pkg.sv,5327,8ef7a48fe352e4a39b637b48a42a0b28fac849a342147cf6961850275d2f880e
baselines/parallel_zero_pad/rtl/fact_k520193_alias/ntt46_mrec_params_pkg.sv,2749,9dde9f1f21caa8ef9618f042837b9a89f473f47e768fed420cee5df793929920
baselines/parallel_zero_pad/rtl/ntt46_mrec_direct_input_channel_store.sv,3322,764484105c5661a4de88deff37306056a14aa3db5e1998d7d1a92e34a77be4f1
baselines/parallel_zero_pad/rtl/ntt46_mrec_modmul_j_pipe.sv,1692,58b3de8cef50fdd71efc06ac74d201379cf604fcba52083d2645726c739ddeeb
baselines/parallel_zero_pad/rtl/ntt46_mrec_modmul_pipe.sv,2853,750b142a87b8bf146028cfed3167b4305dea04b958bac15ee1a0654cb81ff59f
baselines/parallel_zero_pad/rtl/ntt46_mrec_radix4_bfly_lane_pipe.sv,8107,174e0d04d0cbf5fb072220fc718315ce86899fe01bb90f33e7bdd493d07af4ba
baselines/parallel_zero_pad/rtl/ntt46_mrec_radix4_bidir_bfly_lane_pipe.sv,11287,f734415738cce809c890c9d32e0766a5099b1ba8c329d813bf8254c4e4a5f22c
baselines/parallel_zero_pad/rtl/ntt46_mrec_radix4_bidir_core_n1024.sv,12239,76c80261b64c547ebf0607df6c4904b370dffbb5e494c03c801958701024b104
baselines/parallel_zero_pad/rtl/ntt46_mrec_radix4_bidir_lane32_group.sv,2912,f36074af2d55de5bba8fe84cd8b4756591c8d095b4e0ceb29501a05a59093912
baselines/parallel_zero_pad/rtl/ntt46_mrec_radix4_bidir_step32_n1024.sv,3690,f2fde984bae743c089578bb8784cc1609847939d45804631b6fa37197a6fa5ca
baselines/parallel_zero_pad/rtl/ntt46_mrec_radix4_forward_core_n1024.sv,11416,f4ba8ee0af1c2fd28e7b04303cf4a84b14443d6cc05402971426109b151071e3
baselines/parallel_zero_pad/rtl/ntt46_mrec_radix4_lane32_group.sv,2456,a324631c51e7801d3d5d281e50b5340f831d484f1d92e6d35e8970fb17e82b1a
baselines/parallel_zero_pad/rtl/ntt46_mrec_radix4_slot32_store_sameaddr.sv,1426,7ce764b748551f50c91455072e5ba00ccdc9a9712faf6ed2f7e163dba507b6e1
baselines/parallel_zero_pad/rtl/ntt46_mrec_radix4_step32_n1024.sv,2648,5fd297114c33bc82cbb592b0e97f153ab7cab3aff038adbeb99fdcb25a18e93d
baselines/parallel_zero_pad/rtl/ntt46_mrec_radix4_transpose_writer32_n1024.sv,7227,513ce8a39cffa4ea70ab4d675f32d9a2fbe6c31db1184469cceca922bcf074ff
baselines/parallel_zero_pad/rtl/ntt46_mrec_radix4_twiddle32_rom.sv,1492,602b48c464db1ed5fcfc6a9321cf13e688a3a93b6187adf360c09c17b4d382d1
baselines/parallel_zero_pad/rtl/ntt46_mrec_spectral_mac32_pipe.sv,2782,11d2dc215b04a423d21ee69c9bc943dd2aafa1d7044af6ee52081e0d15a4d494
baselines/parallel_zero_pad/rtl/ntt46_mrec_word_store.sv,2067,11cf0e22431b344100c72f59f43441eabd3d699110ed59abd8f2c282254b72af
baselines/parallel_zero_pad/scripts/fact_baseline/check_zero_pad_p520_n1024_dump.py,4545,48ea62254de61aa2228b69d3f0a646908c5a23fe24ba28ed96728282339c0086
baselines/parallel_zero_pad/sources.f,941,439e4b02b1711fc4afb4281ddcf99b0f64ba09143044e3bf6eb1f5c1e4645053
baselines/parallel_zero_pad/tb/fact_baseline/tb_ntt46_zero_pad_p520_n1024_local_core.sv,4824,6e5a6e9e11417a3749afe52a02cffbf4f91f084b0121e86b61d1743b078208bd
baselines/zero_pad/rtl/ntt46_zero_pad_radix2_reference_engine.sv,12286,a507a03a99ea95c32c3c0b77cc70603c3bd8f9feb2eb583560c0e5abbbd9e1df
baselines/zero_pad/rtl/ntt46_zero_pad_radix2_residue_conv_core.sv,13395,1e3d1155fe050387174afd44e18785722ecfea7fb9c522c05913aced75da9dc4
baselines/zero_pad/rtl/ntt46_zero_pad_radix2_unified_baseline.sv,7247,f9aa3a88d698906afef00e97d1988fc1d48d78057879a593a9f475e05e17c91f
baselines/zero_pad/tb/tb_ntt46_zero_pad_radix2_unified_baseline.sv,4621,5eb8443c27601642c9c2f7c31e656eb40b46ad5840c93ced540a29ac4540b080
baselines/zero_pad/verify_zero_pad_vector_dumps.py,2327,cb3be5bfc66d4bc8788700ac65ac0f5c703765f52701eaf6dc68297f98a24465
docs/ARCHITECTURE.md,2921,07b1b1de4a518d9652951f5ae6303428d479f28ed7230b90ad2f188b75e6cc67
docs/EVIDENCE.md,5292,decf84c5e3b6c25e2d20ee41bd6c8aa0cd1b92b62b2740a384804c6d7db1d5c1
docs/INTERFACE.md,4442,5070e02619246edeb809d55d60b213bda29878e0bf877546eb55ef0cafb19243
docs/REPRODUCIBILITY.md,5209,187d501ccf5079366da9dbb31b0c69c66e5b3e6ad57f956155dd842c00a5b076
docs/paper/ASSET_SHA256.csv,1827,b554ddfb56c8d31ba7c99a6922503056a84151e7de1decb16e6808261da847c5
docs/paper/README.md,1349,6a12b5c2aaff546ab92175323ca03dad52b42c08039ab49964b1a0d9e1263bfd
docs/paper/evidence/compact_zero_pad.csv,714,273fc8717d651142018afd333f55cadb274ac84515dd6ea6deebd505f45e0037
docs/paper/evidence/direct_mac.csv,677,750b755dc2975d2ffd7d0d81faff959f0252ed4bb560791485a22500f31a37ca
docs/paper/evidence/external_context.csv,6664,56b50eafd32f7b80fb582b960776829d13feae8a57bace7c2b58ad22312f3bde
docs/paper/evidence/fact_routed.csv,1393,d8cead1e5e82bcf6d8061307b0dcc34bb59621796b965e44607c4b4b19536b35
docs/paper/evidence/fusion_ablation.csv,446,b82803aeb3451ec35b3cf8e59a3922c8e9e240bdb9d41ef6a446375d73bcfe15
docs/paper/evidence/parallel_zero_pad.csv,1123,3b8b0dae62f55d2f11cc76e4f9afc9667fc10964069fc7fd7239def3b76b58d1
docs/paper/evidence/runtime_schedule.csv,1217,f382eb42884ff2d88d5ddf2b73f68f62d1b536901cd096011623f5dbb4e0eeb9
docs/paper/evidence/runtime_windows.csv,608,7377665a4ee1bdd3ab60762799e5e32eeb1221f17772311a57aa63a2be19e822
docs/paper/evidence/verification_summary.csv,538,918cc66b2107e38073138e47cead66dd413132a5358dec43cbbb94c5a8e2c129
docs/paper/figures/figure1.pdf,162184,cf97926572cb95e1fdda620645f26806b74a7c28acd1d573fbf35ec743e3a6cf
docs/paper/figures/figure2.pdf,137356,bb5a01edabc18584f97453155614dea34c16367b57acbeae4972cad9f56decee
docs/paper/figures/figure3.pdf,44256,986422f97a876a28ccd22e3d3b58450fadbc1db2052acfae7ab71485938a80eb
docs/paper/figures/figure3.png,249745,c6425194653624b92bf335b3e385764f891145a779dc5b490aba65d9cb89f635
docs/paper/figures/figure3.svg,93532,2df7074d16b46db3106643aba04a0ae4c491ba77fd96a49397fa942d279d9fd6
docs/paper/plotting/fig3.py,11876,83accf631eb3c16611512406960488fb9c5c4e62c73f357b3ce86208486285fc
docs/paper/plotting/house_style.py,2358,211c16ffbf2267367d7f93019843aefa487c10abeb63a7ccc32d37957f6860e8
docs/paper/plotting/requirements.txt,33,a8e2e2f035ca69b3a3310870d2bb6b7cb1a5b4ea6640cfae0209fc8179e6733f
examples/fact_ntt_host_sequence.py,4805,db7aa0a370f5a638e2a7a9e522e595f2ff6dbcb77d8339c2b2ca0b9a3c2d511f
examples/fact_ntt_regs.h,1698,8286991b4d36c8ba4d265fd65752046aa029e5a413c1cb91e5546875009bd4c6
examples/test_host_sequence.py,1354,25d6a36f0b8bb80e8f9f4af6f8facb0d50755e226b97124c9ce3ca083bcef86a
reports/implementation.csv,12722,d8697b3016f65d8927ef9fa6be73923599a0a75355a47a5ea9b0e3d21837e277
reports/parallel_zero_pad/drc.rpt,780367,8b664f2be076b554b5004a0c2999b427504e4d4a198a0223fe9e51866c9b3b7b
reports/parallel_zero_pad/release_smoke.json,364,df4f8f5df8e7dc51448ebabd855998604544207a21af1fa4d84e8537258d2057
reports/parallel_zero_pad/route_status.rpt,651,b72e52db14df219ec11bddf24ed1bb76ca786a46463e4d393bcc7ead77a28d33
reports/parallel_zero_pad/routed_timing_p475.rpt,746038,35f4fb71472279288a0280d9092936ea3de2aa4c708980545c737c213d2b1e9a
reports/parallel_zero_pad/routed_util.rpt,12922,e3e18f6f2884226ef385714f8e64040901227ecc4ff2be10720512b68434a664
reports/parallel_zero_pad/runtime.csv,1659,7726aa5a0f2df2f3f2b13a79cafc1441abf726db7fa9bdfc73ef313f983bf3ae
reports/parallel_zero_pad/vector_cases.csv,330,ec04ce60a1795ff10c3f10cff885879554655ab776661a217b74d54843b49c8c
reports/parallel_zero_pad/vectorless_power_p425.rpt,14136,e3d0c47aebb89ef6e16b67c44cf3a08202fbc9a1aaba8addc3fc5b99851aea95
reports/parallel_zero_pad/vectorless_power_p475.rpt,14028,aa5b8c6293854283a6eec79e94401150aeaa11c237ac7382a9c813e695c8fce2
reports/parallel_zero_pad/vectors/case00_cin1_nh1_p4.csv,6116,149f381482d40e3451e270285bea02bdf44fdfd4400341f0b1c66ac41b4e3a98
reports/parallel_zero_pad/vectors/case01_cin1_nh256_p0.csv,8031,dcbfb71ec62382b19ae5a5315921c8cdef455204483b79af4733fb2ad378f1a9
reports/parallel_zero_pad/vectors/case02_cin1_nh511_p6.csv,9337,9460bb3001a881a07bc5c2e4418b6ba1d3fbf6f39bbc6d96634184e901ca4ee1
reports/parallel_zero_pad/vectors/case03_cin2_nh1_p4.csv,6116,3cc213dfd0330db92fce560113bf9979722608283cd7e79b905a09a414d1451e
reports/parallel_zero_pad/vectors/case04_cin2_nh256_p0.csv,7810,0e6680560054e955a738a3b650a4e093f819329ff481b10a100a5c26c1a2b5de
reports/parallel_zero_pad/vectors/case05_cin2_nh511_p6.csv,9610,5805bde18b5472b7130604a665bffafadf48d3ae62cbefe0c2a70eb1d9ad9425
reports/parallel_zero_pad/vectors/case06_cin4_nh1_p4.csv,6117,e45d2b4300de14f17300db595736f3e2b56b30c8a06e8ecd6fbc23bc51e980d2
reports/parallel_zero_pad/vectors/case07_cin4_nh256_p0.csv,7547,a21706b51bc941d4ae74847c2afe0488d70f772f2cdcd92d1c1f7a4dfc88fd16
reports/parallel_zero_pad/vectors/case08_cin4_nh511_p6.csv,9489,9e7684ee95f6ecd793c1cbd0737d49a6fc159a0b72cab3248a9864efd33c94cb
reports/routes/direct_int4_n1024_p4_000/direct_int4_n1024_p4_000_build_contract.txt,743,11e5def418abf75d3d5148e9c6b1976482fd118a94a2f0eb31744f19e42ac9e0
reports/routes/direct_int4_n1024_p4_000/direct_int4_n1024_p4_000_drc.rpt,5887,b9d56f738a83816f6bd62cc65738ff3b2aee19e6f751672e9411d3bc7f4c49b6
reports/routes/direct_int4_n1024_p4_000/direct_int4_n1024_p4_000_power_vectorless.rpt,10828,6124a726393886108ba014ad21f1233ca2beda89ccff03955927d9ca34fc0300
reports/routes/direct_int4_n1024_p4_000/direct_int4_n1024_p4_000_route_status.rpt,588,6e0a8fd2df0beef8590b99f1f76c46dad5509e9f880af8bd6c86e5cbc6a904f7
reports/routes/direct_int4_n1024_p4_000/direct_int4_n1024_p4_000_timing.rpt,705690,3e61b850abe6fdf1c673f347ba11dea44cf5d4e0536146e7386bbe6558a634d8
reports/routes/direct_int4_n1024_p4_000/direct_int4_n1024_p4_000_utilization.rpt,12324,5cf260edebe7acf27ee4bc9f9fb8f52374a8d38ae5410b312ecc275813e0e036
reports/routes/direct_int4_n256_p4_000/direct_int4_n256_p4_000_build_contract.txt,742,fee2f304fd4cfd3cdd3986e3b0c614e30fe81565516a3055fdb06c3d7312e529
reports/routes/direct_int4_n256_p4_000/direct_int4_n256_p4_000_drc.rpt,6419,ef33e6a4f21513107db78c0d811427d3ee52ea54f3e0428f71674b5692444325
reports/routes/direct_int4_n256_p4_000/direct_int4_n256_p4_000_power_vectorless.rpt,10824,c8694bc9c3e9a0a0717960125b4a9052b96ea355ce5ea72b7606b853f33ea6ef
reports/routes/direct_int4_n256_p4_000/direct_int4_n256_p4_000_route_status.rpt,588,e39f96571c51d82759dc6144aae455de3a0cfcc97e631d6de8cad1cc32e1a5bd
reports/routes/direct_int4_n256_p4_000/direct_int4_n256_p4_000_timing.rpt,702302,1d129f482b19528505c264ce0314977d903ac16b7c3a3ca1656998a0016a0291
reports/routes/direct_int4_n256_p4_000/direct_int4_n256_p4_000_utilization.rpt,12320,da99f35fae19167aa7cdb39b8197345c62f9da297aad098d172a7735bc0d5bed
reports/routes/direct_int4_n512_p4_000/direct_int4_n512_p4_000_build_contract.txt,742,b2300904ee0f10d88b82a5c910ae6bf7e88934ca217de537e27b205f7424b8e1
reports/routes/direct_int4_n512_p4_000/direct_int4_n512_p4_000_drc.rpt,5883,7e91a5c488079ce002cb51cfaaddabf314973118891129028695c6c497f68863
reports/routes/direct_int4_n512_p4_000/direct_int4_n512_p4_000_power_vectorless.rpt,10824,66544dfc11fb8751f4ad2eb88ee5e587a096e8e91444a9b95d97d9102fca7554
reports/routes/direct_int4_n512_p4_000/direct_int4_n512_p4_000_route_status.rpt,588,cfdf48a29921c3b60890ceb57b0a399a9ed77648a3f49efb222a522bb0b6b036
reports/routes/direct_int4_n512_p4_000/direct_int4_n512_p4_000_timing.rpt,706997,4232421c5081b813f48f3cdd88b507875678beed78c83c480d2463cd5f6ebd21
reports/routes/direct_int4_n512_p4_000/direct_int4_n512_p4_000_utilization.rpt,12320,bd445d789837f046d6f1865242aeb776b5f45778bbcf014ea5b8c6656e393f66
reports/routes/direct_int8_n1024_p5_500/direct_int8_n1024_p5_500_build_contract.txt,747,f80ebb98e63e625948eeb932a064fb1548c1c8f5596aca33d90028f2824309e6
reports/routes/direct_int8_n1024_p5_500/direct_int8_n1024_p5_500_drc.rpt,23490,89c381eca12e9d436ad6dc362f1c54d9ed08f5712021e7aae6e3621e3dc209b3
reports/routes/direct_int8_n1024_p5_500/direct_int8_n1024_p5_500_power_vectorless.rpt,10828,8e109031b71a790e4b55f6cced1116a54988f7d0c6a9293c81e0c3d8993fa274
reports/routes/direct_int8_n1024_p5_500/direct_int8_n1024_p5_500_route_status.rpt,651,03671249d84fb4e1012521b664595ebfa0328a1f97c53ffe1335d37e60d98075
reports/routes/direct_int8_n1024_p5_500/direct_int8_n1024_p5_500_timing.rpt,719191,02af66da2effaf4b2ed09a725abc7963d2794a32082ddff28312830f989e6eab
reports/routes/direct_int8_n1024_p5_500/direct_int8_n1024_p5_500_utilization.rpt,12374,d61839a3da931c65cd25a2dc3170f8f0fb966357738534eeaf56a9b0381bd13d
reports/routes/direct_int8_n256_p5_500/direct_int8_n256_p5_500_build_contract.txt,745,a3db712fdd351ac4036091b3f94e7d789b404b9e51a7b36fa483333e7958e129
reports/routes/direct_int8_n256_p5_500/direct_int8_n256_p5_500_drc.rpt,23486,4d06505e98090f2d25b2f7987720776aa0f5f4aac8bb546a753dba012712005c
reports/routes/direct_int8_n256_p5_500/direct_int8_n256_p5_500_power_vectorless.rpt,10824,e5bb7efb66ddca3087164281c569aff2bcae0e34ff38a5aa6bf58f4d6ddeb1d1
reports/routes/direct_int8_n256_p5_500/direct_int8_n256_p5_500_route_status.rpt,651,1cb6512816d02f480017fd0021e2d0657d0a98e0ca0706ec39d20560ef96b2cd
reports/routes/direct_int8_n256_p5_500/direct_int8_n256_p5_500_timing.rpt,719319,eae4a2fb99a2d74cfcfc112bbe833964762b8e2dcc859adf3991f45615236b27
reports/routes/direct_int8_n256_p5_500/direct_int8_n256_p5_500_utilization.rpt,12370,270a5397504f3268da288b5d6f4861c24f2e5044354cddb29ac2c2a49afb3ef1
reports/routes/direct_int8_n512_p5_500/direct_int8_n512_p5_500_build_contract.txt,746,93da66f0f1c183f5da9d9663319f595ca954c199bc67fdedd5fc7aa72e4b07fa
reports/routes/direct_int8_n512_p5_500/direct_int8_n512_p5_500_drc.rpt,23486,d272dc3ed226c74a0e582d452fb1335067e623d66122392e1725067f2b2fd836
reports/routes/direct_int8_n512_p5_500/direct_int8_n512_p5_500_power_vectorless.rpt,10824,92a7fb5ec7e67c5fd3a8aae6e2b21487788e59c2d1b419f5529ade1daa4d7f31
reports/routes/direct_int8_n512_p5_500/direct_int8_n512_p5_500_route_status.rpt,651,a053f1087e7c60d5a22f7427ef71db333701f10e6be092335c116e95fdb76d46
reports/routes/direct_int8_n512_p5_500/direct_int8_n512_p5_500_timing.rpt,711852,76f94815bb9b3f3a164937e71c948dd62ae7eb6ea1931ba79f890c0838f5b70e
reports/routes/direct_int8_n512_p5_500/direct_int8_n512_p5_500_utilization.rpt,12370,374120f3d7844aa16d17565f2d0fe3990b4a3091c7ede134994d5e17231e8577
reports/routes/fact_int4_n1024_p4_125/int4_n1024_p4_125_build_contract.txt,755,6b5436306c64191f82c3baaa2cc9fe84e26ea6f333fc7686082dcc19d2f9b8cc
reports/routes/fact_int4_n1024_p4_125/int4_n1024_p4_125_drc.rpt,743954,20b62ccdb8fc13fa1d462f42beb4199073ad11451f1b9918edf304e66ff34cec
reports/routes/fact_int4_n1024_p4_125/int4_n1024_p4_125_power_vectorless.rpt,11880,c22d796f3399d338fcc8092f0233998b55367bdd08303f6e0709cecd082a003a
reports/routes/fact_int4_n1024_p4_125/int4_n1024_p4_125_route_status.rpt,651,21becad6135418d803609c52b9929ae7fd69728cfacf5c1d6cae81b2bde57f94
reports/routes/fact_int4_n1024_p4_125/int4_n1024_p4_125_timing.rpt,21130,30149fadb7a7740eae3930447637f9025295fdcc8fc36f90870322b0c11178cd
reports/routes/fact_int4_n1024_p4_125/int4_n1024_p4_125_util.rpt,12779,01f77aa274e74468c6ae39d7b952e79e96a2deecd166af0eab86e3b1f8686cb2
reports/routes/fact_int4_n256_p3_500/int4_n256_p3_500_build_contract.txt,748,4342e4a6e024b41805489c8a3ef946101282288c2c790bdedb540025fdec0056
reports/routes/fact_int4_n256_p3_500/int4_n256_p3_500_drc.rpt,383661,45c34e2d88e4637ca1372cb17f49d042af81a3182354d09e876771cadf5d5f40
reports/routes/fact_int4_n256_p3_500/int4_n256_p3_500_power_vectorless.rpt,11538,62d690f3d71681bb549087e61d0bc0c71363f9ca40299e282c6d454e33ee1a07
reports/routes/fact_int4_n256_p3_500/int4_n256_p3_500_route_status.rpt,651,76d068d26a4eb03ebc75dfe1e134d16eb34ac9dd78c4f03d280654dd6730311f
reports/routes/fact_int4_n256_p3_500/int4_n256_p3_500_timing.rpt,21466,760c409139a8e49740fbf4d0e1f211f331cdb0bbaeadc24fa61a56f0f8a9c295
reports/routes/fact_int4_n256_p3_500/int4_n256_p3_500_util.rpt,12727,89416ae3bc2d19b538ec822f506da0345f2dba71c1714b612f1ef43b60df1916
reports/routes/fact_int4_n512_p4_000/int4_n512_p4_000_build_contract.txt,745,d92dfce833163719a5bb9b7fcd151e6129b0d00e630e0b290b1a71159a1471e3
reports/routes/fact_int4_n512_p4_000/int4_n512_p4_000_drc.rpt,441567,a016da99d18e9032848c14da92117d9b0fb32349cfbd75f47d8a78b2c718abd2
reports/routes/fact_int4_n512_p4_000/int4_n512_p4_000_power_vectorless.rpt,11538,eace66e6bca37cf2e220c9739967b039fbc3a6a287e0c65643fc789785df6ee0
reports/routes/fact_int4_n512_p4_000/int4_n512_p4_000_route_status.rpt,651,725628e4c264d07fd75deec7cdb831aeef34ac05d3e3873a8eeff7a861ec9b38
reports/routes/fact_int4_n512_p4_000/int4_n512_p4_000_timing.rpt,26609,9b02b5333eefcecc44dac437d161ea169be06e09cc091146fcc85308ab252e80
reports/routes/fact_int4_n512_p4_000/int4_n512_p4_000_util.rpt,12813,ac2e2ba93c5f01d09e022a9de38859bb1d2c5c57deb3d1f369ddcb852650dffe
reports/routes/fact_int8_n1024_p5_000/int8_n1024_p5_000_build_contract.txt,748,cb4a1a4243d832573877c40f8e2d9603986979a52ca5d1d12c0583b255a3edd7
reports/routes/fact_int8_n1024_p5_000/int8_n1024_p5_000_drc.rpt,1201498,b1c0a2be0fccbcf24042b86ae33521234fb6255615768179552ee885b8a0605b
reports/routes/fact_int8_n1024_p5_000/int8_n1024_p5_000_power_vectorless.rpt,11766,e7b30f975beb55d6f91c781c9c03653c869a71dc04d5b944c0b164fb7411bd5d
reports/routes/fact_int8_n1024_p5_000/int8_n1024_p5_000_route_status.rpt,651,c715d5b17c8e64f589f490e4465a4ae82488a01d152d3325438716386a15b881
reports/routes/fact_int8_n1024_p5_000/int8_n1024_p5_000_timing.rpt,27340,cc42b2301cd8eb6dce5638a09bd349e7c0397c99f00495ac68edeb64510de815
reports/routes/fact_int8_n1024_p5_000/int8_n1024_p5_000_util.rpt,12904,94cc06dd5b2ce33ab161ab931e6f841fe09917221c49870a8f19d9dc1ad08c33
reports/routes/fact_int8_n256_p4_750/int8_n256_p4_750_build_contract.txt,751,17c2221920fc997f831affada822ed6fdd269693781deb2af9543a1c853f9221
reports/routes/fact_int8_n256_p4_750/int8_n256_p4_750_drc.rpt,619230,07839b2e4ca3f74a1671ca40619baeba91409e1656db026ced0dd96b9fdb337e
reports/routes/fact_int8_n256_p4_750/int8_n256_p4_750_power_vectorless.rpt,11367,8523f10e180fb59b1192af395d1f41d8dbb6e9af46c32b0dd55c7bb54e810ade
reports/routes/fact_int8_n256_p4_750/int8_n256_p4_750_route_status.rpt,651,e867fedab7ad602eabae67498574b7d54494d4f9754ea09c679d2433e1e7de36
reports/routes/fact_int8_n256_p4_750/int8_n256_p4_750_timing.rpt,22379,b17059370b9400830ceb4fb4da68f8828aa59c61fbd71f4e65717293599c96c6
reports/routes/fact_int8_n256_p4_750/int8_n256_p4_750_util.rpt,12736,918d329fb57b6ed7b3b9b129e20d4d9138c46f68dfba153c92fd28935c7da2d6
reports/routes/fact_int8_n512_p4_750/int8_n512_p4_750_build_contract.txt,750,e037e0ac667da8698973010c2b09746de8aed5f689434632e7ad3d8781aa970e
reports/routes/fact_int8_n512_p4_750/int8_n512_p4_750_drc.rpt,715452,6560694e89a149ae3f2d5297dceee4f74f5e13bfc6deffc88cf28c9a201107e1
reports/routes/fact_int8_n512_p4_750/int8_n512_p4_750_power_vectorless.rpt,11652,7a6c331e5e74be2e790cff596e96e2ccdcbb5b4d0e2d7fee660c2f04910ffb4a
reports/routes/fact_int8_n512_p4_750/int8_n512_p4_750_route_status.rpt,651,d767a9f82982b8c7c26a9ec22f6f175693995910c27023eff8b4df35c34e5a9f
reports/routes/fact_int8_n512_p4_750/int8_n512_p4_750_timing.rpt,22160,034d8294f8a3cabeef759da156aed03b95087abe3caac235e8cb3ce4019621d2
reports/routes/fact_int8_n512_p4_750/int8_n512_p4_750_util.rpt,12895,5e2d565248486259090fe3f1e17dea7be414ae1ceeb6d868ab0852b40b78c218
reports/routes/rtl_sources_sha256.csv,7293,8a9d961f58aa736206c50d677f2a39e0375461e3b054c109025658d8f744f124
reports/routes/zero_pad_int4_n1024_p5_000/zero_pad_int4_n1024_p5_000_build_contract.txt,748,e27fc59759666516bd1eb7fd832afc18010197cd8c79cad1b98bd4f73b3a8811
reports/routes/zero_pad_int4_n1024_p5_000/zero_pad_int4_n1024_p5_000_drc.rpt,11787,5db6f73cb787f0bffed0d67b1433c6ceeccf3d445d46e0ec6edee534e47173ac
reports/routes/zero_pad_int4_n1024_p5_000/zero_pad_int4_n1024_p5_000_power_vectorless.rpt,11713,a6fea5121340bd7917742e090c39bf318953e634dfd848e64001732b1781481c
reports/routes/zero_pad_int4_n1024_p5_000/zero_pad_int4_n1024_p5_000_route_status.rpt,651,dd1be53d09e20669abd2ef3631769f9c125e8f8fd36c0bcb85ee90b2068760e4
reports/routes/zero_pad_int4_n1024_p5_000/zero_pad_int4_n1024_p5_000_timing.rpt,707032,6913f7f486a8201b7a1956a754a17ff41f3565a650b65de77c561bc8fb5f5d2c
reports/routes/zero_pad_int4_n1024_p5_000/zero_pad_int4_n1024_p5_000_utilization.rpt,12823,c0552a617a8e1dc20c67311031c0de1a8967df6db8d30a27730d6f052264b512
reports/routes/zero_pad_int4_n256_p5_000/zero_pad_int4_n256_p5_000_build_contract.txt,747,3ff49981200653aea807f3dd2764ae3d6623cdcfc2e732a219c9edbe606a5740
reports/routes/zero_pad_int4_n256_p5_000/zero_pad_int4_n256_p5_000_drc.rpt,11783,ea22f02f24d206231cd1fe96f57ed59eb3ca284d32696f048ff772b75ff33113
reports/routes/zero_pad_int4_n256_p5_000/zero_pad_int4_n256_p5_000_power_vectorless.rpt,11709,964997c6b9bc7e3c5abe80ca5ac506250c0f799be63916bc9f31067922fb438d
reports/routes/zero_pad_int4_n256_p5_000/zero_pad_int4_n256_p5_000_route_status.rpt,651,ed6f2c8660fc5e6c2cbcafdec10092b99015bbc6935164e9e8b918aa627dd13c
reports/routes/zero_pad_int4_n256_p5_000/zero_pad_int4_n256_p5_000_timing.rpt,718460,72fdfe47f4daa5e4271d26a5fd12c164127273fa2fb7f22a1d9bf17ff198a669
reports/routes/zero_pad_int4_n256_p5_000/zero_pad_int4_n256_p5_000_utilization.rpt,12612,934559d9e53bf192e2b259949312d8a26372c19585b68159a4acc93a213d5c42
reports/routes/zero_pad_int4_n512_p5_000/zero_pad_int4_n512_p5_000_build_contract.txt,747,12d3879ebd5014e70b2c6ff8668418022bf5c9ea9ebc983748ccb70397f0b63c
reports/routes/zero_pad_int4_n512_p5_000/zero_pad_int4_n512_p5_000_drc.rpt,11783,c54f1b5f57026a34db939b1e549b157b3937c783a4e7ea750d5a9c355a1e5802
reports/routes/zero_pad_int4_n512_p5_000/zero_pad_int4_n512_p5_000_power_vectorless.rpt,11709,9decdb3e0a95198747069303728f34bc078cf388126e012c8b405d3b81ec8524
reports/routes/zero_pad_int4_n512_p5_000/zero_pad_int4_n512_p5_000_route_status.rpt,651,ef8b23f98235099c39f3de2cc7e642502bffd885e12ac6b95e45bce45eacd7af
reports/routes/zero_pad_int4_n512_p5_000/zero_pad_int4_n512_p5_000_timing.rpt,722168,dae89267d5392a5130db7d09d1c5088882ebbc83f2655e1ddce3d8b39f168be8
reports/routes/zero_pad_int4_n512_p5_000/zero_pad_int4_n512_p5_000_utilization.rpt,12819,3148e0b050d8352ff9ab9a3db431a50dc7aef10a1a731c4947e61ba9e6493d8b
reports/routes/zero_pad_int8_n1024_p5_000/zero_pad_int8_n1024_p5_000_build_contract.txt,748,886c055fed26d067be21c73286c096607d6cc5963661b4b0cf90af3c54336108
reports/routes/zero_pad_int8_n1024_p5_000/zero_pad_int8_n1024_p5_000_drc.rpt,26579,29113dd35d66f46167561d17577aeff48a7f97b94b543abe92493dae922d037b
reports/routes/zero_pad_int8_n1024_p5_000/zero_pad_int8_n1024_p5_000_power_vectorless.rpt,12373,a959f980255e1fdce7c524beb6c8b973f013ca9b0a42464a1195de612d298ddd
reports/routes/zero_pad_int8_n1024_p5_000/zero_pad_int8_n1024_p5_000_route_status.rpt,651,46dbcc05a5e27192ef5dfeb2858bc2f13e2981dac10eb9e7f2f90ea91cdab2d7
reports/routes/zero_pad_int8_n1024_p5_000/zero_pad_int8_n1024_p5_000_timing.rpt,795483,cb741846bea148f6bb968ca2cff8ef0f21b8b022086270a33f8087fe24cd542d
reports/routes/zero_pad_int8_n1024_p5_000/zero_pad_int8_n1024_p5_000_utilization.rpt,12823,ae23df1be60f9c226c36cc524cc97998631d92f4856d8c5557616f21ac3985be
reports/routes/zero_pad_int8_n256_p5_000/zero_pad_int8_n256_p5_000_build_contract.txt,747,312f3d38cfb8a3836e0939de90800dcb3c45a20c78ccfad3d0b3b2604d8b3db2
reports/routes/zero_pad_int8_n256_p5_000/zero_pad_int8_n256_p5_000_drc.rpt,26575,e5ea2b918c4639c0f53bc17ce0c0ca5febacec79fac3a1b672712f2485408d27
reports/routes/zero_pad_int8_n256_p5_000/zero_pad_int8_n256_p5_000_power_vectorless.rpt,12369,94de87ac6267d9bbaf2b176ca3674e18151979c5f11b36c04b02bc7d729d6f27
reports/routes/zero_pad_int8_n256_p5_000/zero_pad_int8_n256_p5_000_route_status.rpt,651,abafbe5862f89b628edcd3a62986b0609029832d8f06a5df50fb2d950cb9fff0
reports/routes/zero_pad_int8_n256_p5_000/zero_pad_int8_n256_p5_000_timing.rpt,782847,9e022025f21aa92076c7fea0a19161b071cf2de83808c32316812be79251799c
reports/routes/zero_pad_int8_n256_p5_000/zero_pad_int8_n256_p5_000_utilization.rpt,12819,984ddbb9334b017630c78a1af1606e6e9e2ae10dc8cb804150d2a67874669a14
reports/routes/zero_pad_int8_n512_p5_000/zero_pad_int8_n512_p5_000_build_contract.txt,747,1d2ad02e4a9bd88d5681cf934e080ba8a5085300ec365d90763fab5b78511f41
reports/routes/zero_pad_int8_n512_p5_000/zero_pad_int8_n512_p5_000_drc.rpt,26797,9817b23d9c8b4a88894568e08b3838208565ab4ccbfe49f910180a31724f05b9
reports/routes/zero_pad_int8_n512_p5_000/zero_pad_int8_n512_p5_000_power_vectorless.rpt,12369,d5fd628c5632c39c47970589db57ea6e754078213a24cd75de13104408de0cf7
reports/routes/zero_pad_int8_n512_p5_000/zero_pad_int8_n512_p5_000_route_status.rpt,651,436ea6a8a22f8109edc63673b60b7d5546fb52958c3ac0ca3c5a404502f59c93
reports/routes/zero_pad_int8_n512_p5_000/zero_pad_int8_n512_p5_000_timing.rpt,775948,dc637b3e668524447056fae721d9d9f3b67580bac41a3d1725eb37c67144e207
reports/routes/zero_pad_int8_n512_p5_000/zero_pad_int8_n512_p5_000_utilization.rpt,12819,96b4e56c06411cb1362169003ed90fedf92acca826a4546dd7c70e7fd17c023f
reports/source_manifest.csv,6005,9d7889d5e421993ebfc4a24a837f962cc62c06ea2515c906630a1de038b21e8c
reports/verification/ablation/cin_fusion.csv,313,da522c68a6ec3dbb09679d5b9cc1d9d35d552c3c5574da2309d56590f3130a56
reports/verification/ablation/p4_n1024_c1o1_b0/fact_output.csv,10377,98bf663785069f634048f1ae487abd56f068baacb5ed37ad09bf45fa543eaaf2
reports/verification/ablation/p4_n1024_c1o1_b0/xsim.log,1863,7b826d8dbc556ea0a16c45ab3fbe8857bda7a2178a7e51d7c1222d0f6ec36976
reports/verification/ablation/p4_n1024_c1o1_b1/fact_output.csv,10342,c098271ad319264d7fc86cfe4b2aeb889e9ec9c917a20c2e38c6f11c3cb5063a
reports/verification/ablation/p4_n1024_c1o1_b1/xsim.log,1863,c31e19c4a4b39e586609e51c01029a77c91cf4712e5818e93fbf09491896304f
reports/verification/ablation/p4_n1024_c1o1_b2/fact_output.csv,10388,911136f91a44f974c1e28adda45e64537375542ca3370b137e65b56061d37aa5
reports/verification/ablation/p4_n1024_c1o1_b2/xsim.log,1863,ba683123b6c16239775190a4f5dd25d64147bef4e2703c958b30c9db0730f89d
reports/verification/ablation/p4_n1024_c1o1_b3/fact_output.csv,10371,5cc9da8fe0bb8a916f13f0a0bab4b247b914d176a1f042953bc98d272d744e04
reports/verification/ablation/p4_n1024_c1o1_b3/xsim.log,1863,ae0ce6030675ee7daa3b9fd9c6457d7bba4763a9624dce5b3f62c5cad6cc9593
reports/verification/ablation/p4_n1024_c2o1_b0/fact_output.csv,10463,12b336cc7e192046253fce2bd221c72d2e1915d8dd671ee99159350ba0d9c38e
reports/verification/ablation/p4_n1024_c2o1_b0/xsim.log,1863,195de8755fc796a303ffafb3a6c7aa5e9e98ac7939a0994009c4821f4a5f3889
reports/verification/ablation/p4_n1024_c4o1_b0/fact_output.csv,10620,76273326c5729c5dc872127c311c69885ddd2436d0274b94cf1934b7124af2b3
reports/verification/ablation/p4_n1024_c4o1_b0/xsim.log,1862,d7ab32d69080b4fc0bae4fe37b35cccc5c0c83a4322482620090719da22d787f
reports/verification/ablation/p8_n1024_c1o1_b0/fact_output.csv,12859,8e44ca7bd1f93c2d0784dc69d190bc726dc7ef063e4a456fa14b2b7d0e5448d3
reports/verification/ablation/p8_n1024_c1o1_b0/xsim.log,1864,dc3f0a7f3057a99847fe9ecf93c2a34c4722fb60abecdfadb11b28b528d642ad
reports/verification/ablation/p8_n1024_c1o1_b1/fact_output.csv,12845,8c5dc775e710beb2065d2d8ddfd1c0e7b1edc17f7269a66467aaa7a8a3da5193
reports/verification/ablation/p8_n1024_c1o1_b1/xsim.log,1865,fb15a93ba1bb6320e0dc335b79da24c5e53f2d7355191eacef33bd02030fabfe
reports/verification/ablation/p8_n1024_c1o1_b2/fact_output.csv,12879,1c88e7ecdd77e77572da48b4c75382c17d1cc935ec5e8d88f3303d133adaf8b3
reports/verification/ablation/p8_n1024_c1o1_b2/xsim.log,1865,d750daab83c5312d3502a3c95d67de8e6d53fef06cc96970fde0029331a8a946
reports/verification/ablation/p8_n1024_c1o1_b3/fact_output.csv,12831,f530f36dc5ba12236c89e6c8da302c5c68af0d40f75cc179d6e045daeb91d075
reports/verification/ablation/p8_n1024_c1o1_b3/xsim.log,1865,f9ca26fbcee60d638040f8e74367c7a0f4eb5bb3c51a92a38038b65760c5859f
reports/verification/ablation/p8_n1024_c2o1_b0/fact_output.csv,13016,61ae458fb11e4cf7c7a4d6f3981634bf708964db961218f24822a36bbd6f72ff
reports/verification/ablation/p8_n1024_c2o1_b0/xsim.log,1865,73bf68fd86eac4ca0b3463a674f924e0a85c971cbbff994347d35e4b55dc3a4a
reports/verification/ablation/p8_n1024_c4o1_b0/fact_output.csv,13193,fe60c98f7ef167cfc4a1041fa0e963dac205ec2057dd12b7b5109a153defb34c
reports/verification/ablation/p8_n1024_c4o1_b0/xsim.log,1961,b12ebe20aff6abab984903d858e720bc0fc6906c0a5c6011efc567356bd720b6
reports/verification/direct/nx128_int4_c4.log,2685,ef5dbd3d31978ccf296709bc5b11a5879deca95427148638ac8ba3101c14be1a
reports/verification/direct/nx128_int8_c4.log,2685,3afedcc44b6343e255bc71afd5740acfdb2f4fb8bb7e3a6d0bd9968fde7b9b34
reports/verification/direct/nx256_int4_c4.log,2688,c5820abfec6b413f38e18374bbde191cceb3e8c0bda2b3e2c32e340ae6a72c27
reports/verification/direct/nx256_int8_c4.log,2688,fcbb34491231db2a73d13634276c5569201a66356c9daae36ef1ffd6af962981
reports/verification/direct/nx512_int4_c4.log,2691,4da972c6bb91a157a0be084906f0f16a2b4150a3bc2f463c2c30e54bac17866a
reports/verification/direct/nx512_int8_c4.log,2691,cc079d922ffadc497053109ada7c557e030c16440c1345852198c8d0f1e4abeb
reports/verification/fact_matrix/crosscheck.log,33801,228d2d3034b9219521e3b1fa0fa5c06813d7cae80a8c485b97f4f37690a97ac7
reports/verification/fact_matrix/p4_n1024/dumps/p4_n1024_nh1_c1o1_pat6.csv,8862,4ae70a6c3b100b9e028e0569a45ff7b6ad4e1c93acfddb13bdf6eda2b2ba869d
reports/verification/fact_matrix/p4_n1024/dumps/p4_n1024_nh1_c1o2_pat6.csv,17511,873f578a473aedfefbb9533479e6c6e7490eee36ff654bbdec55912f3f5b9cc5
reports/verification/fact_matrix/p4_n1024/dumps/p4_n1024_nh1_c1o4_pat6.csv,35089,f07429e9210cc56b7dfea7ac99631c9d28e751217e714dc47c479a7849ed2753
reports/verification/fact_matrix/p4_n1024/dumps/p4_n1024_nh1_c2o1_pat6.csv,8819,7fc32e8f447feeaa86330b4d89e20d66d4ad5660fe5b8812f07b83465d782b9a
reports/verification/fact_matrix/p4_n1024/dumps/p4_n1024_nh1_c2o2_pat6.csv,17626,3a8d68e0882029ae0f5e1c577fd240d060e6c21d0f4017ab13d6b30dc0fee21f
reports/verification/fact_matrix/p4_n1024/dumps/p4_n1024_nh1_c2o4_pat6.csv,35207,3f63b9f3bc5ba530d9febe8a0be5660ee8df241fa911b52102462c6bcad199db
reports/verification/fact_matrix/p4_n1024/dumps/p4_n1024_nh1_c4o1_pat6.csv,8845,c2d750ab5c66efe9f321addd76cbff92dac397a41803635ff546365254a941fa
reports/verification/fact_matrix/p4_n1024/dumps/p4_n1024_nh1_c4o2_pat6.csv,17725,aa343d14b929222b8ba76b72564a8fa86c6b7034976f7f7548735fd6d70f7c91
reports/verification/fact_matrix/p4_n1024/dumps/p4_n1024_nh1_c4o4_pat6.csv,35310,79061804bf96f7984c60265c55c091f0a3668c65365827b9e710798111adb6ad
reports/verification/fact_matrix/p4_n1024/dumps/p4_n1024_nh256_c1o1_pat6.csv,9792,f09956b358623e30a9f88b9e56144ac2eca7fdb9c538894b2e567a88a63e6e6d
reports/verification/fact_matrix/p4_n1024/dumps/p4_n1024_nh256_c1o2_pat6.csv,19514,816e6d7cb2491a3193c736f40b555779f4945b17455fbea1ea9e4b04a209ac45
reports/verification/fact_matrix/p4_n1024/dumps/p4_n1024_nh256_c1o4_pat6.csv,38890,94b6ae81eaf00ed0577b3b43eca998ed07eeed92e60f2a06273e69963dbf1a5b
reports/verification/fact_matrix/p4_n1024/dumps/p4_n1024_nh256_c2o1_pat6.csv,9844,5fdd715d2e5cd9e4dc78db161f35184a3ce4f3fdf8a12d03b59e1c75844635e5
reports/verification/fact_matrix/p4_n1024/dumps/p4_n1024_nh256_c2o2_pat6.csv,19648,a611866288651bdafc86da62a21b63345c0883a5331a27c282cbd04a2e122b84
reports/verification/fact_matrix/p4_n1024/dumps/p4_n1024_nh256_c2o4_pat6.csv,39187,5d01103b278e9c102e1e823ed781f12d85563f999359f82854cbf554a0a32db2
reports/verification/fact_matrix/p4_n1024/dumps/p4_n1024_nh256_c4o1_pat6.csv,9976,03f51f1bf4a26015bce31fc9518e1afc401ccd6eb9513b46883d26804334877d
reports/verification/fact_matrix/p4_n1024/dumps/p4_n1024_nh256_c4o2_pat6.csv,19857,dc5102b1b139793347e939f237becd289093ae69a0a3713060c1a76129fd4ac8
reports/verification/fact_matrix/p4_n1024/dumps/p4_n1024_nh256_c4o4_pat6.csv,39587,16a150ef47d4ae238dd109d2b44be5a3840af12b89aab993795c7015f190f7ab
reports/verification/fact_matrix/p4_n1024/dumps/p4_n1024_nh511_c1o1_pat6.csv,10377,98bf663785069f634048f1ae487abd56f068baacb5ed37ad09bf45fa543eaaf2
reports/verification/fact_matrix/p4_n1024/dumps/p4_n1024_nh511_c1o2_pat6.csv,20631,86b930af2072f958f2f87ed23d0ca54fc6de5b333fac332e3df2533be83e70ba
reports/verification/fact_matrix/p4_n1024/dumps/p4_n1024_nh511_c1o4_pat6.csv,41235,f416fb91cbc73bc95412cec95d454db5fd93e0eadcc4e360d80c56bec8d12325
reports/verification/fact_matrix/p4_n1024/dumps/p4_n1024_nh511_c2o1_pat6.csv,10463,12b336cc7e192046253fce2bd221c72d2e1915d8dd671ee99159350ba0d9c38e
reports/verification/fact_matrix/p4_n1024/dumps/p4_n1024_nh511_c2o2_pat6.csv,20794,8b2321301a11da47ae35a556b8e8598f6ae71938c032953e62df4ad8d0361b3b
reports/verification/fact_matrix/p4_n1024/dumps/p4_n1024_nh511_c2o4_pat6.csv,41616,8d007017c9fc2c35c416205b6c89ab54a69141e3687052ada8e97be43d22ef88
reports/verification/fact_matrix/p4_n1024/dumps/p4_n1024_nh511_c4o1_pat6.csv,10620,76273326c5729c5dc872127c311c69885ddd2436d0274b94cf1934b7124af2b3
reports/verification/fact_matrix/p4_n1024/dumps/p4_n1024_nh511_c4o2_pat6.csv,21125,6a28f177b5f43efdbc8513c18f0143e7b0b7c654159f95476b6ad54f1b891442
reports/verification/fact_matrix/p4_n1024/dumps/p4_n1024_nh511_c4o4_pat1.csv,48411,bf97aed6f89b9344d419cc1291f9e8654508935e7173e3cd2ce4724bc3aee08f
reports/verification/fact_matrix/p4_n1024/dumps/p4_n1024_nh511_c4o4_pat2.csv,49483,6258867f496a256669aa838a20503d521935f028ad422ff2d956d73a43b21b74
reports/verification/fact_matrix/p4_n1024/dumps/p4_n1024_nh511_c4o4_pat3.csv,39915,e14d223f52172c714a650412f0e7b1a19ae5f3f06cc7922aafa01ddc5bcec722
reports/verification/fact_matrix/p4_n1024/dumps/p4_n1024_nh511_c4o4_pat5.csv,32857,a04b1441d4672bed140b17c1d2246dc697f50e3f5ee7750403ea87e16e23a84e
reports/verification/fact_matrix/p4_n1024/dumps/p4_n1024_nh511_c4o4_pat6.csv,42179,79faa552db10012d743d075b2231d03b4b2e00dec3d95fe7ec488049a652c3ed
reports/verification/fact_matrix/p4_n256/dumps/p4_n256_nh127_c1o1_pat6.csv,2491,ea42fa56fa45a0e8194252e3621dfcd73790fa4f39d345d963a3616711a9b8cb
reports/verification/fact_matrix/p4_n256/dumps/p4_n256_nh127_c1o2_pat6.csv,4909,b5ceb6177d5725350e699bd2b007da284d1392d715ec5833b63ed4872552a108
reports/verification/fact_matrix/p4_n256/dumps/p4_n256_nh127_c1o4_pat6.csv,9723,26b158a3be420561d09a82be7da51e0e256ccb5e380b3f601a3808914c5aa8b8
reports/verification/fact_matrix/p4_n256/dumps/p4_n256_nh127_c2o1_pat6.csv,2522,8fd83d79a849828becb53183ac1187b60ed574425bbdb6d1460854f4412cdfaf
reports/verification/fact_matrix/p4_n256/dumps/p4_n256_nh127_c2o2_pat6.csv,4957,74c472481ea9d6b4b20c295f3b55bfc5cd3de6701e54537c31ca33c7268d0983
reports/verification/fact_matrix/p4_n256/dumps/p4_n256_nh127_c2o4_pat6.csv,9880,d14fe7bed6600664cfab17b07a5be786393df6c8081569cd677a820c6d5eae0a
reports/verification/fact_matrix/p4_n256/dumps/p4_n256_nh127_c4o1_pat6.csv,2559,86bc419671a7e5d40a49e7f1f362fe3f83450f4b623d9a941d02371924a2071a
reports/verification/fact_matrix/p4_n256/dumps/p4_n256_nh127_c4o2_pat6.csv,5034,84188c94e1f70d8b79e4aa26d58f44027539d002d52d7f05a4efacab3195348f
reports/verification/fact_matrix/p4_n256/dumps/p4_n256_nh127_c4o4_pat1.csv,11441,95ee2229fe2ba5180023c7b7f72051012d07c6590f513c867e6e031d246e6aca
reports/verification/fact_matrix/p4_n256/dumps/p4_n256_nh127_c4o4_pat2.csv,11553,aca868e9ce8575430a47c3371f67a507359d0fd0a96f7dadb8f8c455d2312dbf
reports/verification/fact_matrix/p4_n256/dumps/p4_n256_nh127_c4o4_pat3.csv,9097,a3795cacdaf9f7ae69d49b19ff755aab778a4f07d51ebe5d88bc030b5b1e304b
reports/verification/fact_matrix/p4_n256/dumps/p4_n256_nh127_c4o4_pat5.csv,8183,4b3eeb74fccc691d78631974e23803bdedd4a11b719212f534c1164a8b814133
reports/verification/fact_matrix/p4_n256/dumps/p4_n256_nh127_c4o4_pat6.csv,9981,ea2c3024fc602cfa4579ba86dce6031993b2aa0d8971737ea17201055bc5368e
reports/verification/fact_matrix/p4_n256/dumps/p4_n256_nh1_c1o1_pat6.csv,2187,e860a80a5205fcb7f754123615d0a8c910f041275d65e6d791db0bbae4cc6f24
reports/verification/fact_matrix/p4_n256/dumps/p4_n256_nh1_c1o2_pat6.csv,4263,0411451d4832cd0fd847efe04f6141b7cb1e7c0c6ce822e99b964c2c18550d54
reports/verification/fact_matrix/p4_n256/dumps/p4_n256_nh1_c1o4_pat6.csv,8495,71fb5069be2ca3caca37cbcfc2843dc890265a12058eaf1fa8d2417bf9722ab6
reports/verification/fact_matrix/p4_n256/dumps/p4_n256_nh1_c2o1_pat6.csv,2179,c632cab56197b5f2c26a2a0fb763f3b94c425834dc515889122294508c6b15bd
reports/verification/fact_matrix/p4_n256/dumps/p4_n256_nh1_c2o2_pat6.csv,4288,c7b149bfa5e40c1c64dca7c0e4e632020c61520b59612d7ac5b098f2690d897d
reports/verification/fact_matrix/p4_n256/dumps/p4_n256_nh1_c2o4_pat6.csv,8505,55fe21de69b5df55e8a34e52f3af38427fa5400ec21d0bc3b668f8a4389631b9
reports/verification/fact_matrix/p4_n256/dumps/p4_n256_nh1_c4o1_pat6.csv,2173,1bb448a9cbe7ea931b99d82eea20239610e922ca131ade1051f03a61e0404f0e
reports/verification/fact_matrix/p4_n256/dumps/p4_n256_nh1_c4o2_pat6.csv,4296,e7c004079ae48f735e95d3d9f62a0c44749758ea752171b4bdec29f63a2d52f3
reports/verification/fact_matrix/p4_n256/dumps/p4_n256_nh1_c4o4_pat6.csv,8508,24351a3c030d2005d3ab33daa8e375bb6b8a1b8eb5bd7d2b5d740350fc28c50b
reports/verification/fact_matrix/p4_n256/dumps/p4_n256_nh64_c1o1_pat6.csv,2352,5f840013e79b83fd488618092cde02b172e80973121efecb7b0d9b3db12901b8
reports/verification/fact_matrix/p4_n256/dumps/p4_n256_nh64_c1o2_pat6.csv,4651,63a60be814da51393e588f0a0567e63eed15399205980c9cc4123fdef4e3bee4
reports/verification/fact_matrix/p4_n256/dumps/p4_n256_nh64_c1o4_pat6.csv,9219,060b7357520aa433f1f66e64c275f2382514c17070cec49f9b1ba5d682fe2d1e
reports/verification/fact_matrix/p4_n256/dumps/p4_n256_nh64_c2o1_pat6.csv,2399,41c1fb77808d1ea614f4ed140de1c81526b57903c65159d3e19f20ca8e0b449d
reports/verification/fact_matrix/p4_n256/dumps/p4_n256_nh64_c2o2_pat6.csv,4710,5a1c64ddf1c58fddf5aff57e62ba148b27236274bf6a72a5d604e32b388d96da
reports/verification/fact_matrix/p4_n256/dumps/p4_n256_nh64_c2o4_pat6.csv,9364,7152d2eb13263eb32b8ddadaade1dd24a4b46e39f8d995fb19bfde5d814e1345
reports/verification/fact_matrix/p4_n256/dumps/p4_n256_nh64_c4o1_pat6.csv,2397,cd174892e030d9c404a6862c43a08421f5095f7cbb52483d9299f316456dc2bb
reports/verification/fact_matrix/p4_n256/dumps/p4_n256_nh64_c4o2_pat6.csv,4735,6165a16f7fba751250af06a2c2eaa589a7789db5a38690ada4b212243dcd3111
reports/verification/fact_matrix/p4_n256/dumps/p4_n256_nh64_c4o4_pat6.csv,9415,b86b1aeabeca4db6bb0a97973b4cbc07ba38b372eba3673b4e1c9503b4a46059
reports/verification/fact_matrix/p4_n512/dumps/p4_n512_nh128_c1o1_pat6.csv,4795,4f7f18b5d44a3e5027a640370dbe7aef14f945c31f86950a8a63cda0a9cd86c4
reports/verification/fact_matrix/p4_n512/dumps/p4_n512_nh128_c1o2_pat6.csv,9548,ee9f67ad5dd4c2910ed44df7e6ef4045217c315dbba05203c3c35e861b8c5221
reports/verification/fact_matrix/p4_n512/dumps/p4_n512_nh128_c1o4_pat6.csv,18995,b3dccc485f3a577bb3d8686f9f20defb1f8547a019e88d1d124bb1b186636276
reports/verification/fact_matrix/p4_n512/dumps/p4_n512_nh128_c2o1_pat6.csv,4861,501e7f11fe3ef8bdfa47ecd479197f52a830e26e55dc21b7f9bd727b42fd25f9
reports/verification/fact_matrix/p4_n512/dumps/p4_n512_nh128_c2o2_pat6.csv,9623,2411db7bba62b09f3c44fa306117b45f6769487707aafa58856de75f54f80fa8
reports/verification/fact_matrix/p4_n512/dumps/p4_n512_nh128_c2o4_pat6.csv,19178,d6b72ad180b2a096516da470c1dae909f8c99465852a20cf2c7e7851d4c16c04
reports/verification/fact_matrix/p4_n512/dumps/p4_n512_nh128_c4o1_pat6.csv,4920,b1f247b8cc08465ca8e30a719e1c9837535764d814f9f95aa52152eac7a9f8ce
reports/verification/fact_matrix/p4_n512/dumps/p4_n512_nh128_c4o2_pat6.csv,9745,f77b11af52df2bcd294dc2494ad21745112c9214ede645cd6f6824652409ce22
reports/verification/fact_matrix/p4_n512/dumps/p4_n512_nh128_c4o4_pat6.csv,19400,9dfdfaaef19ee81802e107f32bea7b207c1bf1fb63189776401fd4f19ecdfcaa
reports/verification/fact_matrix/p4_n512/dumps/p4_n512_nh1_c1o1_pat6.csv,4405,3820c981c328141072becce56686ad529e47651ec537dddecf8452d3be46983e
reports/verification/fact_matrix/p4_n512/dumps/p4_n512_nh1_c1o2_pat6.csv,8666,6b60e268c1e4fc508050b48e523b09f6edec5c42f13027c115a118efc44f0b58
reports/verification/fact_matrix/p4_n512/dumps/p4_n512_nh1_c1o4_pat6.csv,17334,b9a9f5299c1eec9e8c2c68d282ff7a9cc5a39d785d3ff327bed502665f4cb4bd
reports/verification/fact_matrix/p4_n512/dumps/p4_n512_nh1_c2o1_pat6.csv,4387,81b8ce5785734d2ed0e639ffe755affba687a38b0626e52c9cbab664f16cefb2
reports/verification/fact_matrix/p4_n512/dumps/p4_n512_nh1_c2o2_pat6.csv,8713,d962e6ce71a713556fd192506060ce907448a922c73d16f0325bd62ad5f91226
reports/verification/fact_matrix/p4_n512/dumps/p4_n512_nh1_c2o4_pat6.csv,17371,da6e20c38ba1e7f736438beedff4c67f9ec1fae9e6615af3538696576c7a807b
reports/verification/fact_matrix/p4_n512/dumps/p4_n512_nh1_c4o1_pat6.csv,4385,f6bc25e2de9803b2e56a82c3fefa6ee3e5e7927f04eea0a35dc86d71b2d5d16e
reports/verification/fact_matrix/p4_n512/dumps/p4_n512_nh1_c4o2_pat6.csv,8753,a79351a9bee5b5bca1cf7e488463e3284179dbbb197bafb5fd8a811b7b98c3dd
reports/verification/fact_matrix/p4_n512/dumps/p4_n512_nh1_c4o4_pat6.csv,17403,845aa9c8f3c44fef1eb01d098fb690d7f8c6d647fdf06f446ca91d84072ee2b2
reports/verification/fact_matrix/p4_n512/dumps/p4_n512_nh255_c1o1_pat6.csv,5099,b68d1b5d43b2da45f1c7cb8586850cb62a7a4d1f7552a7c3df2aae0ff57da23f
reports/verification/fact_matrix/p4_n512/dumps/p4_n512_nh255_c1o2_pat6.csv,10134,08aba6af8d21c34b740f6e5dc1edc55acf488bc311eeb1289003d48b2b5b7605
reports/verification/fact_matrix/p4_n512/dumps/p4_n512_nh255_c1o4_pat6.csv,20140,3cc8b1ffd6c6e586e47d7b312702852de45ac79fbdfaa724d51f108fd1c72c63
reports/verification/fact_matrix/p4_n512/dumps/p4_n512_nh255_c2o1_pat6.csv,5144,83822f40f9745b7ab04e21e8e36d6d702e72d14700e2174e6ff22335a31792f0
reports/verification/fact_matrix/p4_n512/dumps/p4_n512_nh255_c2o2_pat6.csv,10242,9b666b4aacb1b1853b1c3a909a24b8212297377922e72783f6de499219f990a9
reports/verification/fact_matrix/p4_n512/dumps/p4_n512_nh255_c2o4_pat6.csv,20395,304338fc761bfa360b5ab2a06ff1c67cd176d9761413860e066deac0c2ffa743
reports/verification/fact_matrix/p4_n512/dumps/p4_n512_nh255_c4o1_pat6.csv,5231,6522974567d7df12fffd714862cfecbcff946ac3aff1b9cbfaf122d296cf7f50
reports/verification/fact_matrix/p4_n512/dumps/p4_n512_nh255_c4o2_pat6.csv,10372,49bed8d9dbaac4b09354e7a98b7a20963a282c928a23e5606eaf1d9a05ca1ad5
reports/verification/fact_matrix/p4_n512/dumps/p4_n512_nh255_c4o4_pat1.csv,23729,8b91cd81eaca251840e9e8b22c855b22e09e989c05bd2ab63a075cf976e52d85
reports/verification/fact_matrix/p4_n512/dumps/p4_n512_nh255_c4o4_pat2.csv,23841,d931fdecd1b7664a73ee147e59b74e605b4ba5c5d3664f9a49b4cdaa8d6e7a4c
reports/verification/fact_matrix/p4_n512/dumps/p4_n512_nh255_c4o4_pat3.csv,19337,46a90ea9bf5478ffdf2ebd122b8c8b38e2c8b7ed4b6bec18655561fa9c889416
reports/verification/fact_matrix/p4_n512/dumps/p4_n512_nh255_c4o4_pat5.csv,16375,f01f9d7f36cd3a4c0d8f9b1f3da6527ce3a46572193364241ff76608145f2f28
reports/verification/fact_matrix/p4_n512/dumps/p4_n512_nh255_c4o4_pat6.csv,20631,00ae9e3d6a56a3ecc786f0b85ebd9b7fa8dcee420c9a7f4314366c9959e8e335
reports/verification/fact_matrix/p8_n1024/dumps/p8_n1024_nh1_c1o1_pat6.csv,9905,60f8a80ef6c9ce6afd77ba425013fbebfe25f976d4aed41c9ecfdba96c28ed5e
reports/verification/fact_matrix/p8_n1024/dumps/p8_n1024_nh1_c1o2_pat6.csv,19397,872366e351bb1c72078bc20e6ec392419cf93d6f24646db76b9b8bcff6384eb3
reports/verification/fact_matrix/p8_n1024/dumps/p8_n1024_nh1_c1o4_pat6.csv,39142,16cc3a1c3d627d7cf8a74611a41c8351b49f11e90329092086a95179f5fafc0c
reports/verification/fact_matrix/p8_n1024/dumps/p8_n1024_nh1_c2o1_pat6.csv,10121,c6318f84edd176b649b1e27a133872154033ad7ae4143e129522675f155da590
reports/verification/fact_matrix/p8_n1024/dumps/p8_n1024_nh1_c2o2_pat6.csv,20058,31ad7b79dff89f3d770a85513f008e6f4dbe82d13fadf7006107b8a0053a5f60
reports/verification/fact_matrix/p8_n1024/dumps/p8_n1024_nh1_c2o4_pat6.csv,39811,cd8442b39b6f0d11637d2857f7cf76859380808ff7a90517388c2f6debb281be
reports/verification/fact_matrix/p8_n1024/dumps/p8_n1024_nh1_c4o1_pat6.csv,10143,eacfbdf8329250c91e6d565cae0c6689205eadf48c0874ba9d684ea2e4d2f462
reports/verification/fact_matrix/p8_n1024/dumps/p8_n1024_nh1_c4o2_pat6.csv,20206,f3e4a957cd56e5bfd1d55cf9e43e671722a1c93935760ebdd452eb876d72affb
reports/verification/fact_matrix/p8_n1024/dumps/p8_n1024_nh1_c4o4_pat6.csv,40282,403998242cf5e82b860b2610f5adf7b47b2344beaf06d71480e07e5b26068ca9
reports/verification/fact_matrix/p8_n1024/dumps/p8_n1024_nh256_c1o1_pat6.csv,11656,fac9231ac5df264f465aa622796b4ff534c5d805c691bee709b7e5e31678fb6e
reports/verification/fact_matrix/p8_n1024/dumps/p8_n1024_nh256_c1o2_pat6.csv,23181,254ce0a4545d2266665aabcdcbf73c0fb48342dcc27eed2f60afb999e2c83012
reports/verification/fact_matrix/p8_n1024/dumps/p8_n1024_nh256_c1o4_pat6.csv,46349,4ca13d30ebccaf9a405bde6dc3e9d8f55693ae4204c410537b036ed15f25fd23
reports/verification/fact_matrix/p8_n1024/dumps/p8_n1024_nh256_c2o1_pat6.csv,11761,de732171368e85514fc4c6be79da0f012fa5cf3694a38497bcd493e4b844a1ec
reports/verification/fact_matrix/p8_n1024/dumps/p8_n1024_nh256_c2o2_pat6.csv,23438,7644e644d6e53cdad42b48a7068aaa8edc47d19afdd2af635d119024715d8cf4
reports/verification/fact_matrix/p8_n1024/dumps/p8_n1024_nh256_c2o4_pat6.csv,46844,a4b2673b0686bac447879e0a6649cf8bbfa08a8554898646f2e8295e1a1ceb56
reports/verification/fact_matrix/p8_n1024/dumps/p8_n1024_nh256_c4o1_pat6.csv,11870,58ab97ae7af95e24c5407d496c4aba04d1d59e6234ddc769d915b0ba37c83ded
reports/verification/fact_matrix/p8_n1024/dumps/p8_n1024_nh256_c4o2_pat6.csv,23659,fcafe70d1a12ea6f5290f02ff7abdd24bbb107fb76bad4b49d6863c88320d2a0
reports/verification/fact_matrix/p8_n1024/dumps/p8_n1024_nh256_c4o4_pat6.csv,47316,0caf85eb825a91ef1dc163d2bebdc777e186176a9d9c7ab6c5acb81ff01fc024
reports/verification/fact_matrix/p8_n1024/dumps/p8_n1024_nh511_c1o1_pat6.csv,12859,8e44ca7bd1f93c2d0784dc69d190bc726dc7ef063e4a456fa14b2b7d0e5448d3
reports/verification/fact_matrix/p8_n1024/dumps/p8_n1024_nh511_c1o2_pat6.csv,25633,2ba53c1c4a66760a884047068e29728332e660a826a5e20a591955502ccc8fc0
reports/verification/fact_matrix/p8_n1024/dumps/p8_n1024_nh511_c1o4_pat6.csv,51265,9a610d82e5c148e3387e89b8fd8d7b781a105a89de4f515a7cd837a0ff518fb8
reports/verification/fact_matrix/p8_n1024/dumps/p8_n1024_nh511_c2o1_pat6.csv,13016,61ae458fb11e4cf7c7a4d6f3981634bf708964db961218f24822a36bbd6f72ff
reports/verification/fact_matrix/p8_n1024/dumps/p8_n1024_nh511_c2o2_pat6.csv,25986,c30490f1bd159a006ca016a9c52d279844d89139bb338d9b9db0bec174e34305
reports/verification/fact_matrix/p8_n1024/dumps/p8_n1024_nh511_c2o4_pat6.csv,51907,6c1e146d6952260908ab7b22920d3495586064b5764ec5c95159b3258208c0bb
reports/verification/fact_matrix/p8_n1024/dumps/p8_n1024_nh511_c4o1_pat6.csv,13193,fe60c98f7ef167cfc4a1041fa0e963dac205ec2057dd12b7b5109a153defb34c
reports/verification/fact_matrix/p8_n1024/dumps/p8_n1024_nh511_c4o2_pat6.csv,26304,b03e00b0138b06a3419d937cab0230368002bade1cd18390cbfb8017932b6d5e
reports/verification/fact_matrix/p8_n1024/dumps/p8_n1024_nh511_c4o4_pat1.csv,59749,40d7eb64e5b0291a75d623e1805e80bea22651713c42d413334cab240165436d
reports/verification/fact_matrix/p8_n1024/dumps/p8_n1024_nh511_c4o4_pat2.csv,59773,6f1df694b19b55a634cb2df40bca534b0c09e1bef5a87103d28fdfa6d3955c9d
reports/verification/fact_matrix/p8_n1024/dumps/p8_n1024_nh511_c4o4_pat3.csv,40253,88d621862671c2e97b2ee385c0d91538f4a9fd41148369fe470c789820d30a5f
reports/verification/fact_matrix/p8_n1024/dumps/p8_n1024_nh511_c4o4_pat5.csv,33163,44fc3e553191c8ca72ce2dfa17237ba1d3185390a1384bd9829f65da7f585129
reports/verification/fact_matrix/p8_n1024/dumps/p8_n1024_nh511_c4o4_pat6.csv,52588,565e2b21f05e5758de7bb933edc7a6d51c6467a53ef533876b1302e987becca8
reports/verification/fact_matrix/p8_n256/dumps/p8_n256_nh127_c1o1_pat6.csv,3103,b9ec33c643e8b4e5c5afde6be016dcc6cb977cf5c5cfe3bdaf575109b305d07d
reports/verification/fact_matrix/p8_n256/dumps/p8_n256_nh127_c1o2_pat6.csv,6105,b2204771da65da865378d7814bb0ca1040d6991743018901f866e480f03f443e
reports/verification/fact_matrix/p8_n256/dumps/p8_n256_nh127_c1o4_pat6.csv,12192,9bb5877b14f94fc22cc614f2f545f1489391201f0ce7af54efbf86aac8f392d6
reports/verification/fact_matrix/p8_n256/dumps/p8_n256_nh127_c2o1_pat6.csv,3116,fb34114e96b155e95af09b757552cde6d74ca5b0ca9cd7ba89485bd1807e74f4
reports/verification/fact_matrix/p8_n256/dumps/p8_n256_nh127_c2o2_pat6.csv,6164,de61b331b3fa2da7abe1cde9c4ec5c1fd0d13712234a0ef4a3108c1fc1f12b8b
reports/verification/fact_matrix/p8_n256/dumps/p8_n256_nh127_c2o4_pat6.csv,12314,6df9eea18a950df154ca8b77d1f6e1a764c529ab7335888a61abaf50f05510e4
reports/verification/fact_matrix/p8_n256/dumps/p8_n256_nh127_c4o1_pat6.csv,3156,651f19a08e03c3779710dc776609d23d2902ee75d4e93ff6c1fb59d4db54f24d
reports/verification/fact_matrix/p8_n256/dumps/p8_n256_nh127_c4o2_pat6.csv,6248,aaee069f9257fcdea1a374f9d436c728e43af792672c013935fbde1d913b5958
reports/verification/fact_matrix/p8_n256/dumps/p8_n256_nh127_c4o4_pat1.csv,13795,ad41016f048e8aacc9899f0aec29d3070627aedd89b0aae9ad5000793eb24e06
reports/verification/fact_matrix/p8_n256/dumps/p8_n256_nh127_c4o4_pat2.csv,13795,8f7458093dd1199ee501790f583f3d94ff78a7fcdb595cac9a8eee58484ff108
reports/verification/fact_matrix/p8_n256/dumps/p8_n256_nh127_c4o4_pat3.csv,9435,257990612dbb6b1ac82f60461112f9b568869a4a8fcda51c8783e4d5bb9dbea2
reports/verification/fact_matrix/p8_n256/dumps/p8_n256_nh127_c4o4_pat5.csv,8489,8e719d6bbcf52b18e69a1fdbfa2dfe9bff39b7c68fbb9e64e3ed6b51029f904d
reports/verification/fact_matrix/p8_n256/dumps/p8_n256_nh127_c4o4_pat6.csv,12480,ebc9e398cb2b4aea9a28ae06c8b98bdacf7ad40f00014fbaa38a3e80e1f84921
reports/verification/fact_matrix/p8_n256/dumps/p8_n256_nh1_c1o1_pat6.csv,2446,d76370d5ad6d3e5e691af33b87e4b48049e6e071f28705f93d6c8452df7f8d3e
reports/verification/fact_matrix/p8_n256/dumps/p8_n256_nh1_c1o2_pat6.csv,4732,85876ff41947802fccb2e22d57c48dc5a2be412d23de851c2765eb02f9a7abd6
reports/verification/fact_matrix/p8_n256/dumps/p8_n256_nh1_c1o4_pat6.csv,9498,62abfaed0088541c9be25594ade2e0302d9390bfa81719219941748da6842362
reports/verification/fact_matrix/p8_n256/dumps/p8_n256_nh1_c2o1_pat6.csv,2500,d7eff132797665d2b30c491e1f988f741438ecec1496716b259c8bb274d306bf
reports/verification/fact_matrix/p8_n256/dumps/p8_n256_nh1_c2o2_pat6.csv,4897,7b45e709f965b7d1254dfa9e45d8b6fd2750241745ea4b0827064d7de5e64942
reports/verification/fact_matrix/p8_n256/dumps/p8_n256_nh1_c2o4_pat6.csv,9662,99b4ccec992fff0f820a01f5181781f10c35c0a51293aae5b4f2b272afd6df2b
reports/verification/fact_matrix/p8_n256/dumps/p8_n256_nh1_c4o1_pat6.csv,2498,b2d8700ad8571243c2f725b22cb66aa41d59aa3d1b80f0a46a91600c162dd1c1
reports/verification/fact_matrix/p8_n256/dumps/p8_n256_nh1_c4o2_pat6.csv,4923,8304165e2d6090d024ccbdce3da4fa3b27f36c77b88f1386a521368517e7f2d3
reports/verification/fact_matrix/p8_n256/dumps/p8_n256_nh1_c4o4_pat6.csv,9776,3453af625394c619f9ec4a68b20d74d5125837665b4bfd6efb41469b736f9be6
reports/verification/fact_matrix/p8_n256/dumps/p8_n256_nh64_c1o1_pat6.csv,2838,1a28b80b653f2b6219b07274026e26b4a7045af42f41e3fa2c6df8beaaa6d744
reports/verification/fact_matrix/p8_n256/dumps/p8_n256_nh64_c1o2_pat6.csv,5576,df7ad2976fb6aeb55b5312d483f9e4084d3aed0cb1cf1cf6de8146e01c5d261e
reports/verification/fact_matrix/p8_n256/dumps/p8_n256_nh64_c1o4_pat6.csv,11073,ee08cb2e537f77716c41cab09938c7a006783bd5f21ce1f42f2d60a193b5ac39
reports/verification/fact_matrix/p8_n256/dumps/p8_n256_nh64_c2o1_pat6.csv,2857,781a2a6d2b54b6d9d350a28a72d7bc3f6405430a108700cb4ed438276c8fbaea
reports/verification/fact_matrix/p8_n256/dumps/p8_n256_nh64_c2o2_pat6.csv,5620,7b2e151d120c16f18839f6815ab380ad2cb848edb9a4c69ab96a018e33a1c0f1
reports/verification/fact_matrix/p8_n256/dumps/p8_n256_nh64_c2o4_pat6.csv,11156,37342753f574f3b43b7644290c3489592c66d1c8949760201c8a666417ad4062
reports/verification/fact_matrix/p8_n256/dumps/p8_n256_nh64_c4o1_pat6.csv,2868,f4a5a41b67cb30f7ed039be556f0b5d9e740286ea0b9a5778472321ae21b982f
reports/verification/fact_matrix/p8_n256/dumps/p8_n256_nh64_c4o2_pat6.csv,5660,6fea4088fbee6728c3f4e7b889035c12aa85e36f499e6f1c97a3c8e1a144534c
reports/verification/fact_matrix/p8_n256/dumps/p8_n256_nh64_c4o4_pat6.csv,11243,d2a55f54200a91250db4e576306919af9ce00be560ba4f889b74950537c0d2b3
reports/verification/fact_matrix/p8_n512/dumps/p8_n512_nh128_c1o1_pat6.csv,5735,f16ff603cdc91395623b2f0ac77d24595a7cc5dd40f7a8a67400cfdc404fe9f7
reports/verification/fact_matrix/p8_n512/dumps/p8_n512_nh128_c1o2_pat6.csv,11362,5b9535dac2b70fb1b722ce1fa7fdf989e051a60dc5bc96d3fa7df2c03fee8941
reports/verification/fact_matrix/p8_n512/dumps/p8_n512_nh128_c1o4_pat6.csv,22707,8b9b90fb0ae705280476e7dc8b5fefe9e00c085289695cf790c49e62b04bfa7c
reports/verification/fact_matrix/p8_n512/dumps/p8_n512_nh128_c2o1_pat6.csv,5768,abc352ec99df0bc961348517855c4fad14c69c17bd0231607a9aae81dc298702
reports/verification/fact_matrix/p8_n512/dumps/p8_n512_nh128_c2o2_pat6.csv,11462,1f3e29761151cd365ff2956e650ed4d32ddc9268248c4107324476c6bf1430d3
reports/verification/fact_matrix/p8_n512/dumps/p8_n512_nh128_c2o4_pat6.csv,22893,1791cd5278df32df507f25c4e4b2c873836fcf36167a21a4a4bd9d5ae1a2b292
reports/verification/fact_matrix/p8_n512/dumps/p8_n512_nh128_c4o1_pat6.csv,5829,7309d1108970a9f34cff48af245121524c19d141ff31fc65502900e7e2c3bd42
reports/verification/fact_matrix/p8_n512/dumps/p8_n512_nh128_c4o2_pat6.csv,11583,48332595fb0ae83f8a0e165de311281213318a17aa62dd00705b6bd7275855a0
reports/verification/fact_matrix/p8_n512/dumps/p8_n512_nh128_c4o4_pat6.csv,23156,36ff2e506353c997b659b8377271d886ff533d663e53238b6d4ca7bf88ce9462
reports/verification/fact_matrix/p8_n512/dumps/p8_n512_nh1_c1o1_pat6.csv,4935,7a53b7abed3a789ff270cb21079db33a48a5c2473a15c592595ff4717e60779c
reports/verification/fact_matrix/p8_n512/dumps/p8_n512_nh1_c1o2_pat6.csv,9628,c231bf2066a470af4a054b973ba8313e24fb2cf074f553c4746a246ffd96187e
reports/verification/fact_matrix/p8_n512/dumps/p8_n512_nh1_c1o4_pat6.csv,19401,c15777b71039d0ff803dadc7892fe78aecc8034eab8dd8652e79dcbd40248ee3
reports/verification/fact_matrix/p8_n512/dumps/p8_n512_nh1_c2o1_pat6.csv,5035,dab791e16d942d5ac8c49c8910aef88ef63e24d956279ebcd2e56f1e23d94136
reports/verification/fact_matrix/p8_n512/dumps/p8_n512_nh1_c2o2_pat6.csv,9940,dd6fc5eb80576bfb8620953156119e988775bcaa68b5e75c15a4017a515fa901
reports/verification/fact_matrix/p8_n512/dumps/p8_n512_nh1_c2o4_pat6.csv,19711,84e972b791753479b0c1a16c6a517d92885832a956c74b64abf22d8584528542
reports/verification/fact_matrix/p8_n512/dumps/p8_n512_nh1_c4o1_pat6.csv,5039,5605febb1a75854101150a9039df58d2beb0c362aebbb3f1bba8ad7152d285f9
reports/verification/fact_matrix/p8_n512/dumps/p8_n512_nh1_c4o2_pat6.csv,9990,4eee26484f24f9afc7db811d6c01a584be69c737981068233baf9a887e00dc78
reports/verification/fact_matrix/p8_n512/dumps/p8_n512_nh1_c4o4_pat6.csv,19900,0c71db78d5c5c7d2fe0a118b86cf55efbd22b6bc3c2010a95bc4e13b683628e5
reports/verification/fact_matrix/p8_n512/dumps/p8_n512_nh255_c1o1_pat6.csv,6341,1f131b3241e01cd017908a7da09fd7cadcffda5ceddb9c3c12dab0668a5f1444
reports/verification/fact_matrix/p8_n512/dumps/p8_n512_nh255_c1o2_pat6.csv,12539,b84f81a162b27a1f798fcb782f726f69a5c6ecf69a42c45fd1fc21a2b36f3ca3
reports/verification/fact_matrix/p8_n512/dumps/p8_n512_nh255_c1o4_pat6.csv,25083,88731b7a1108d7c394412c5b5690ba8ba46fbb639175f930081039c3842498c4
reports/verification/fact_matrix/p8_n512/dumps/p8_n512_nh255_c2o1_pat6.csv,6399,9f0a722c81dec199c73806db34c5f12769de34be8d53e8ad6782e392e4830032
reports/verification/fact_matrix/p8_n512/dumps/p8_n512_nh255_c2o2_pat6.csv,12722,b87b25d4b6be0329b65b020c4bbb74688ad2b3fd1373a4f32cf79a49232e195e
reports/verification/fact_matrix/p8_n512/dumps/p8_n512_nh255_c2o4_pat6.csv,25419,3c5694ef924f83c685c825f5b8765df999e78371bbb5dbb03bd7e5c2fd6900cb
reports/verification/fact_matrix/p8_n512/dumps/p8_n512_nh255_c4o1_pat6.csv,6482,c3973cf90e2f0e965a608e44b8e5fc15e023233a392733cd7dfbe117d0e5aa27
reports/verification/fact_matrix/p8_n512/dumps/p8_n512_nh255_c4o2_pat6.csv,12883,051c7929998dd607290b2354c3b6525e2397c7b890429883883d4612b546a58e
reports/verification/fact_matrix/p8_n512/dumps/p8_n512_nh255_c4o4_pat1.csv,28931,d922441a09c9903f28eed1303c14bdce241061b8508992e0ff333f06a57cbe2a
reports/verification/fact_matrix/p8_n512/dumps/p8_n512_nh255_c4o4_pat2.csv,28955,7df26fa9f174a6710e4ac7b1b8bc334bbd27892e45df5f26decb62b2695eabef
reports/verification/fact_matrix/p8_n512/dumps/p8_n512_nh255_c4o4_pat3.csv,19675,d464b122c746cc394ec2872b0936ba3d6637c8a5a564dba10dae936920ae2d42
reports/verification/fact_matrix/p8_n512/dumps/p8_n512_nh255_c4o4_pat5.csv,16681,48dc74ff062c3cc585231679ff1e8b5e3cb146428c278912d618ce408ad5bb51
reports/verification/fact_matrix/p8_n512/dumps/p8_n512_nh255_c4o4_pat6.csv,25706,2f57a8a062a511b239d4691c2f21e89cc3961361635aea288102b4444ef48bcb
reports/verification/fact_matrix/results.csv,52275,301f877773f328b32e0827f0b3a7845b40c0c1c2347a97f851340a9058dde3d8
reports/verification/fact_matrix/simulation.log,242624,cdd234d1b14ed334ec7873180bb59f73230afb3d0d439316f6dc0272d86a915f
reports/verification/fact_matrix/verification_inputs_sha256.csv,7449,45ab954b6868fc0a99f9a9d3bbcc48680767be31476102d5770d7bea555c72e4
reports/verification/fir/fact_output.csv,36682,75b318b50bc129ecd0d33e72098f39d562c0fc1f0e1c3d9f4ae3023f25ef8afb
reports/verification/fir/fir_python_check.log,65,5edf83226c55fadbdcea72d4c279f0aaf7ce275600251143dd4f713a40b888db
reports/verification/fir/xsim.log,2066,6074a2a002eda19a5aebfc25534e522f23c2de31970f4fb8a5ade1336486627e
reports/verification/parameter_audit/checks.csv,20123,a2c401d574cee2d0cabad9b461690c7d8f1860bbfd69dac2795c227e57606dc4
reports/verification/parameter_audit/summary.md,1033,d2b42d262d5f90bf3c23ebaf964b63830e3055c4a7a4abb4aa4440bca89f77b8
reports/verification/protocol/int4_n1024.log,1982,fee580e7ba92c5db0f9db2c9a2b2a11f34b56e64ec467a1bd502e47aad4c27af
reports/verification/protocol/int4_n256.log,2272,72e146b8e9b51f2d4c7be767f9c5a68911d746405c8894b9a3fd930c3ea7d2dc
reports/verification/protocol/int4_n512.log,2273,0536b3880cd09b78fc14ea37c406a5ebe84509a0d3e5c0ba459e4fef5ba50aea
reports/verification/protocol/int8_n1024.log,1984,409128b8689fd98b0d0eb6464afac7d1f501b4e904a7f6afd10eddee4312d8f3
reports/verification/protocol/int8_n256.log,2275,b59c272c751cc4fb007b455c937549abd1e47abf9f377dd424af34011f7cbb3b
reports/verification/protocol/int8_n512.log,2275,85078d16034455444f6f24d30b2007cdd66035575c8b6c0311a3f22641fa8fe0
reports/verification/zero_pad/python_direct_check.log,5330,bf4148199ea2b22c0a38553ba5cc28fb29687617a308410ec2d5c6ab84b68089
reports/verification/zero_pad/results.csv,3267,d50f145b87b64553fc12657fe9e797954cece1930fdccc71ce859b99b16d802f
reports/verification/zero_pad/sim_n1024_int4_c1o1.log,840,e1f61d0a2770b8e9973de40e791b82c1ed57dbfb3a5e6122490147b02a3fa030
reports/verification/zero_pad/sim_n1024_int4_c1o2.log,841,a45247b9e44f5a111ce6854319396763e972c15263b2968d3eb7dba411f9f437
reports/verification/zero_pad/sim_n1024_int4_c1o4.log,841,ea01d1f57adba373c084fb3ec9401bc6bd03122fe9eff80a3bb466dced0ebb9e
reports/verification/zero_pad/sim_n1024_int4_c2o1.log,841,52d7bfe188127e7672664c8a1677f57f7f17fe0d90820c2b02df24772ed352d6
reports/verification/zero_pad/sim_n1024_int4_c2o2.log,841,ecf8960b32555d1a2be74fbc58f16add74d9d317b2eaa57842a8abc7e2666368
reports/verification/zero_pad/sim_n1024_int4_c2o4.log,841,0cd2cfa20236840c37ca001dfa52f62d28f4e02d0e5f8ef0311d047b2e88b506
reports/verification/zero_pad/sim_n1024_int4_c4o1.log,841,741cb6165bf239bc62b0af634736c8bf92069a4a93daed4a46157793f1ca35e2
reports/verification/zero_pad/sim_n1024_int4_c4o2.log,841,94fb0925450894578d6fea81f09a8734ba0f6eb1886baf8d29924a2046f7b648
reports/verification/zero_pad/sim_n1024_int4_c4o4.log,939,16b384e7bfa1dd9bddb55327f3ad9c49be415958066ddff09cd55617841f80d9
reports/verification/zero_pad/sim_n1024_int8_c1o1.log,840,9f85e5c27b0008b8d7b14a733acb2fc119e48219dac54bed0b6bec8819ada2ac
reports/verification/zero_pad/sim_n1024_int8_c1o2.log,841,830b0f7be820a7c4a67d83d9f7b769d0e343a7ef4ed09e37d099930ab0f279f3
reports/verification/zero_pad/sim_n1024_int8_c1o4.log,841,a6551f5cd4171ba91ca5d4ff02ff44721c8ddf69d7d4f2ab016eb50ce540df0c
reports/verification/zero_pad/sim_n1024_int8_c2o1.log,841,9c1471ee552d2667bea58340d080fa79e82d7b4dabed830ecdfdf35d320f4d20
reports/verification/zero_pad/sim_n1024_int8_c2o2.log,841,fd6c48bd4ef4e972eb0d70221a4534aa1b11cbd828db33c772d66b99b9999e37
reports/verification/zero_pad/sim_n1024_int8_c2o4.log,938,a768babb5909ddfe2c0d5f40221e530b74db030d191854742484aae31063bb20
reports/verification/zero_pad/sim_n1024_int8_c4o1.log,841,8343d0cb38951199d47f4f3967a6ce6654359c160de497fabe35b464d82ccae4
reports/verification/zero_pad/sim_n1024_int8_c4o2.log,938,cd5ae59c1098d543da0f96a07b78d29ab52ce1e759b751de96c674dcdf5b444c
reports/verification/zero_pad/sim_n1024_int8_c4o4.log,939,09294c7cfbfd55b9f9097c360c6be46e8102cd02e242b4ee7e2026fe483f8563
reports/verification/zero_pad/sim_n256_int4_c1o1.log,836,a1961198aa033aa8f5a343e97e6cdfa23b943b3577564849ca0eeaa7e2b91cc5
reports/verification/zero_pad/sim_n256_int4_c1o2.log,836,70bd8d4c872690073f3ad88c94d0be26ac78e1278b19bfd2c17306e9ce2db85b
reports/verification/zero_pad/sim_n256_int4_c1o4.log,837,008d01d55fb69c8c20badae73a47233b70bd646d9b7a5573840645e79ecdf829
reports/verification/zero_pad/sim_n256_int4_c2o1.log,836,c489953329278adc2a48e5fd633c2b355dac64bebc3d86e59980dfbed2b80b70
reports/verification/zero_pad/sim_n256_int4_c2o2.log,836,b18674dfed5652d162d2670e8cc215fcf72cc78a7d643664b3819d465179c1bf
reports/verification/zero_pad/sim_n256_int4_c2o4.log,837,90e9a682042f20f452b5ead2db08da6258d1ed495e1f2763e634b05cae219916
reports/verification/zero_pad/sim_n256_int4_c4o1.log,837,6889d02e716246b299ecf593d0bfd451f9674b471fcfb188affcc74aea1d4e4c
reports/verification/zero_pad/sim_n256_int4_c4o2.log,837,4703154ce206816d7385eb765145b9af6f7f6a92be69c1efd05ca1de215e163a
reports/verification/zero_pad/sim_n256_int4_c4o4.log,838,f91249bec9959e0bac19f667ae5aad38994c4f19b463fe02ec1047c4f1bc4d77
reports/verification/zero_pad/sim_n256_int8_c1o1.log,836,5d2f4e63ddbcf0ffd006f6d9e61d84b19f44c1c8eb04fa36076f1a12b83aa79c
reports/verification/zero_pad/sim_n256_int8_c1o2.log,836,b268093e4dc785d6506d8bab811f66405625134a196178fdfabd2c6fc0e82082
reports/verification/zero_pad/sim_n256_int8_c1o4.log,837,d6010320777a00c2c5b090c85131cf095b344331ec591798c1fd4f9e419cae50
reports/verification/zero_pad/sim_n256_int8_c2o1.log,836,0885ebf8667700b885a2f6dd514ae5c0e13a77a9289713c8818aae5f93d4b75f
reports/verification/zero_pad/sim_n256_int8_c2o2.log,836,03a2616a24d49b951e4ccc004d2320d20a54739df439d8ee732bc2cbc7928b51
reports/verification/zero_pad/sim_n256_int8_c2o4.log,837,67563017422c1f4194baa23fb2884870991a3488dcd307f3b514be3de8a2b542
reports/verification/zero_pad/sim_n256_int8_c4o1.log,837,933f28caa90d56cea309e248c52d2186d81d27c28049169dcf886b65edde28ad
reports/verification/zero_pad/sim_n256_int8_c4o2.log,837,610a8eb1a4ae5e8e8b4b0f44cce8c908e60a2e112b2101da84b9ff213e76382e
reports/verification/zero_pad/sim_n256_int8_c4o4.log,838,283e8bc2b642ba1c1f67b8934a17be0cdd2209cc6419433bb1bf5347301125d1
reports/verification/zero_pad/sim_n512_int4_c1o1.log,836,988388e941c690324c0b937e8e2c0431a633505d029e1c2ff6d69d1a21ecccb7
reports/verification/zero_pad/sim_n512_int4_c1o2.log,837,882cd529189a11751e319294288e7311ea74eaf22b6d7a996c7b65433b292396
reports/verification/zero_pad/sim_n512_int4_c1o4.log,837,92e596c79f9e3af9731928084e38fa18f97b80927fb720a9f044c8baa91ab88b
reports/verification/zero_pad/sim_n512_int4_c2o1.log,837,675f314a5933f9dd52a93494450c8e7aa9f60d1c66ccddab143f9b84b4a3e4e5
reports/verification/zero_pad/sim_n512_int4_c2o2.log,837,65f0fae9cd241663723cd1b71b67916b54ca7612a107b9c6b4d4a5a857c68146
reports/verification/zero_pad/sim_n512_int4_c2o4.log,838,7469e1936bb34954bd018ab926fc4fc8329cbc2ab4db10675c803ef73e205d2b
reports/verification/zero_pad/sim_n512_int4_c4o1.log,837,f4af98f8db6550c8f901b5afdd6030226104754bf2b66bf360ac364aa38d53bc
reports/verification/zero_pad/sim_n512_int4_c4o2.log,838,f9f439a2b3d1747ae737602650822a42d3c17db4bb8e1f564774f32b5339e83e
reports/verification/zero_pad/sim_n512_int4_c4o4.log,838,17c5eae30be9821f5fcf4cc1d82d0db59028187b76ecf31e33a49419d19a2428
reports/verification/zero_pad/sim_n512_int8_c1o1.log,836,a26be7213e049ffad070ef5f8c24be5ad111222de9984edeefba1ee4f767021f
reports/verification/zero_pad/sim_n512_int8_c1o2.log,837,28eb0bacf35b286583fefcdea280886d5d9d5687286d13d59130f4fb88ecbfeb
reports/verification/zero_pad/sim_n512_int8_c1o4.log,837,869ddf2800f8191dbde8c750445079724eced797a69e13943f4d11f395878cb3
reports/verification/zero_pad/sim_n512_int8_c2o1.log,837,3d1504900c3327f603e6002fc6bf3d2f1d5b4e45f5ef0bb3317190dd9ac931bd
reports/verification/zero_pad/sim_n512_int8_c2o2.log,837,6bd2f51794e4050b5e114c1612b949f9a2b56ecceaf3095c6e79c141f487996d
reports/verification/zero_pad/sim_n512_int8_c2o4.log,838,5088d6c531a32a9dc2adee33c8390240effd990b9de23cc50aa6cd65de49fcb8
reports/verification/zero_pad/sim_n512_int8_c4o1.log,837,45774f197c25ee707cd249924c38b77a052fc93b84cce9b5464b0f17f7f92c35
reports/verification/zero_pad/sim_n512_int8_c4o2.log,838,12f84af43aa17dee8c85797c9c8318896498b6bd4acce79a1523bdddcf65bac9
reports/verification/zero_pad/sim_n512_int8_c4o4.log,935,2b3c4104eff63cde98c2719a757cd14891a3567724dbfa5053599dcd34a8eb1d
reports/verification/zero_pad/vectors_n1024_int4_c1o1.csv,27429,c1bdbdcd070d147220de5468e374809d0bf8db7197453d3e9fb99a4419ad320a
reports/verification/zero_pad/vectors_n1024_int4_c1o2.csv,48547,909e36f02b4d716837efa72e23805e6899906c6cc0ff834deac8c43724dfe1e8
reports/verification/zero_pad/vectors_n1024_int4_c1o4.csv,90775,2d92a92ddeba2a11ab3890a16d99c0ba85824cc6730780c947bd2b7c3f83d5ac
reports/verification/zero_pad/vectors_n1024_int4_c2o1.csv,40192,9d95adcab3190f12ee7f18a35b7aba2fff83787a2f0985a5c7043e164d1d1bd7
reports/verification/zero_pad/vectors_n1024_int4_c2o2.csv,67779,fe21c7cf70c17516b89cdb2625dec86d5ef493d87a4aa079d11f1b5d6bde6429
reports/verification/zero_pad/vectors_n1024_int4_c2o4.csv,122951,dc37124671003d3f4afda1218bbe7667342388f201b615bc3f0ed45d1f165b60
reports/verification/zero_pad/vectors_n1024_int4_c4o1.csv,65518,f20b59cb4421bbcfe4d90e5b78704e3f7aed1c70169bcf0878a1d06944e3bac9
reports/verification/zero_pad/vectors_n1024_int4_c4o2.csv,105917,d2a42bee409285e5a33ae215f1c793d841003c1ddb67cc961c647f37a623a214
reports/verification/zero_pad/vectors_n1024_int4_c4o4.csv,186588,b4d67649496e4a8c963b6d66cc5f419ee3fe2c8d276f61f79d38ba0df2f8252d
reports/verification/zero_pad/vectors_n1024_int8_c1o1.csv,30634,e41ecaa8adac60d0a515ed66fc884a518b5a8679e5bd2f40ea6b328c1c84fe48
reports/verification/zero_pad/vectors_n1024_int8_c1o2.csv,54299,cfe9f7b32ba5efb548e4c6ba3e437d062476a424d6df2d01dce193d6df444aa9
reports/verification/zero_pad/vectors_n1024_int8_c1o4.csv,101765,8898549e0562c438f7567cad65d604b0c47eebddf5fb634b6e10b9cfecd1348a
reports/verification/zero_pad/vectors_n1024_int8_c2o1.csv,44734,1e101a240541789e6f429a221cdc143912fdc57eecb1f63e9fb3c6b862808ef9
reports/verification/zero_pad/vectors_n1024_int8_c2o2.csv,75582,820479d2e5cbfa4df32b485d43a8dea402a0d22b7835bbde245427c570d4c2b4
reports/verification/zero_pad/vectors_n1024_int8_c2o4.csv,137488,e68e9347a996ed16b525a9da17e0186441bd883f4f25fdea99e450356ab9633d
reports/verification/zero_pad/vectors_n1024_int8_c4o1.csv,72248,7f043e85a5420b12fcbc062c94ab32eb085e0be66e50840806e695e3a505eb23
reports/verification/zero_pad/vectors_n1024_int8_c4o2.csv,116933,a527281107f1d72c46883192446df94713ebfac5d60433db6fe05d8f762df822
reports/verification/zero_pad/vectors_n1024_int8_c4o4.csv,206512,3461f62d88785f0aa5b4285ab3a2fd98e94f01e1115413680da46441632167c3
reports/verification/zero_pad/vectors_n256_int4_c1o1.csv,6460,64506f825e1be1312e5e125d18c407324e98783f78a7f8363f0e49e328bf7b0f
reports/verification/zero_pad/vectors_n256_int4_c1o2.csv,11407,d79c192bb591297789b98886d815babc4531e38d723c62985035790ec966a5c9
reports/verification/zero_pad/vectors_n256_int4_c1o4.csv,21301,b1101bb1508186f2bc0c4ed96d9f6a6512c97e2a30bde2be5eae471d6ac9a7f0
reports/verification/zero_pad/vectors_n256_int4_c2o1.csv,9455,6cee50918d614509f6069296520d436c3a0e82ef3dda85d741092f2a95923f45
reports/verification/zero_pad/vectors_n256_int4_c2o2.csv,15900,8b88009523b5724351744295630f140540c35ea268b0db4c733eb0bac6cbc358
reports/verification/zero_pad/vectors_n256_int4_c2o4.csv,28792,00f133ad14e02676339d80cef4ae67c6f3f065db10ae00137f33742182c912c1
reports/verification/zero_pad/vectors_n256_int4_c4o1.csv,15450,0d1a3a5610c83311200515e08ce7546f0e96c4b560260ccbede341b6566ad646
reports/verification/zero_pad/vectors_n256_int4_c4o2.csv,24932,996d095bf3c02708a47e489f45362ab064894c6fa25e1c17226b3740301dcb9e
reports/verification/zero_pad/vectors_n256_int4_c4o4.csv,43866,181251e11577afdca0bcb980eeea34d3c556182706b525f21440d5adcd056ee3
reports/verification/zero_pad/vectors_n256_int8_c1o1.csv,7404,d7d05b76034dce1cef64f317e59be1b0799ec09a9f0aa8c70d49a3e4844712b4
reports/verification/zero_pad/vectors_n256_int8_c1o2.csv,13131,f37de702ba424d14420a106c260051fffae7d6b612c97fa1d8b847bbf3dab5cd
reports/verification/zero_pad/vectors_n256_int8_c1o4.csv,24568,3b182e178f45a7d3d5f1b49c6781772095bbb1624dd658d1b6226a15fe0c4f36
reports/verification/zero_pad/vectors_n256_int8_c2o1.csv,10763,0883aab614bda31178f40deb2b6729b6501484a499ff673723987b90693e7cd9
reports/verification/zero_pad/vectors_n256_int8_c2o2.csv,18188,a0959e319e53a07d6104dde1fb9ea230fca81e453258dfcc0257b82ee8bfc139
reports/verification/zero_pad/vectors_n256_int8_c2o4.csv,33027,cd3fd344da0d0d546af2a10e237b1e9024c9548a846fe5e169000df014a18525
reports/verification/zero_pad/vectors_n256_int8_c4o1.csv,17313,8a59fadf1de19dc70c1ab6437814a8a80d21fdfa9565a39e15e24afaec7700cf
reports/verification/zero_pad/vectors_n256_int8_c4o2.csv,28006,c5dc32bae13981ff9f3995710b379272a5f65926efe1a29cfeb08e08807290c9
reports/verification/zero_pad/vectors_n256_int8_c4o4.csv,49380,cf8e20dc920a63ee43f93f2f1c5c25a90214382df4ede372c7571d7a13840035
reports/verification/zero_pad/vectors_n512_int4_c1o1.csv,13414,4e8679fa99f8b085c41df369bd7cd9758f9ba1a3452c6b977c0f19a363c7c4b1
reports/verification/zero_pad/vectors_n512_int4_c1o2.csv,23717,ddfb1011a04f0afb5ae5a1ea8af8c1ed7e30d093accd3e659731671142759ffd
reports/verification/zero_pad/vectors_n512_int4_c1o4.csv,44320,8204c30901a34def8bc989c48a34e98d762c1444217b0ffab56011031c2f6d39
reports/verification/zero_pad/vectors_n512_int4_c2o1.csv,19657,0f44390648a81843a446b7594270179d9169afcba13476ef84fd0cc3b6c2a967
reports/verification/zero_pad/vectors_n512_int4_c2o2.csv,33108,4b34e444be4de31bd4dde382633045710912a1e8f6d1af7a374e7bafbf9769b1
reports/verification/zero_pad/vectors_n512_int4_c2o4.csv,60009,a48464d082244f922d5b5770919ca6d598f04d5fc6dd100a0be7654f723452e4
reports/verification/zero_pad/vectors_n512_int4_c4o1.csv,32118,1bcb8d8ef9b4240f8b3910e6515bb7ac2069af5fff599a4939564cd42a0b9917
reports/verification/zero_pad/vectors_n512_int4_c4o2.csv,51885,74730a3c53346c9e53a33d59adde2985fb60a9763e53aa0e64d541d58512c79b
reports/verification/zero_pad/vectors_n512_int4_c4o4.csv,91356,575ab1acd149f2de2f01ff5c3a4440108258c1c27a385658ff9f7788ca7c4ee8
reports/verification/zero_pad/vectors_n512_int8_c1o1.csv,15123,53d4fd24c578651e5535d2802fd3d4db14cd70badc91d4ae256db049d27ae1cd
reports/verification/zero_pad/vectors_n512_int8_c1o2.csv,26807,7b815ee98870ff39e747f682fe4430c58527087315af1080e2210168c39f266a
reports/verification/zero_pad/vectors_n512_int8_c1o4.csv,50265,3ec8384780fff6e42f8c8290153aa29a4ab8849df6131c7084d939d213e7cec0
reports/verification/zero_pad/vectors_n512_int8_c2o1.csv,22065,83b274115b4f44ee8dca8226e4d98c7c709e613d646f2eef25c7945e9fae2dc5
reports/verification/zero_pad/vectors_n512_int8_c2o2.csv,37287,5f9aef359fa8b460051963f0fcd8327ee4d119270ba804d461e46fdfee523bf0
reports/verification/zero_pad/vectors_n512_int8_c2o4.csv,67841,178a1b4ef8bb27ee544dfb6c7aadc30952dd8714d0a164ca203dbfc4aa63fd7d
reports/verification/zero_pad/vectors_n512_int8_c4o1.csv,35584,e46c41529829c7e9f8b11f1981b0c9db49f2104f27fccf8a6afbc9d626b846f9
reports/verification/zero_pad/vectors_n512_int8_c4o2.csv,57604,c42ac429876c48bbf1a3b888287d5277ae64ecb928fb12d4a94f7a4d19c184e2
reports/verification/zero_pad/vectors_n512_int8_c4o4.csv,101731,c3ee381eb3e65ecc18c348e66d748508c1f979323141a91a2b8d186457c58ce6
rom/p254/fact/fact_psi_inv_word16_r128.mem,592,516311488756cd21ad065b671bec6a430d08ac6ed81d4c986953008843fd1195
rom/p254/fact/fact_psi_inv_word16_r128_l8.mem,592,516311488756cd21ad065b671bec6a430d08ac6ed81d4c986953008843fd1195
rom/p254/fact/fact_psi_inv_word16_r256.mem,1184,6d816b15161a3a4f41780db388caaef7e1b674efa1a8b225503a94609647efe5
rom/p254/fact/fact_psi_inv_word16_r256_l8.mem,1184,6d816b15161a3a4f41780db388caaef7e1b674efa1a8b225503a94609647efe5
rom/p254/fact/fact_psi_inv_word16_r512.mem,2368,a6c457764a1a98860a587a18dbe7a42af5ff0ef6534f299a5b052736807bcde1
rom/p254/fact/fact_psi_inv_word16_r512_l8.mem,2368,a6c457764a1a98860a587a18dbe7a42af5ff0ef6534f299a5b052736807bcde1
rom/p254/fact/fact_psi_inv_word32_r128.mem,584,5f9713dd605a1e6809fe378754c66dc4f9a6d41a873b0856e9f3dac246c9d052
rom/p254/fact/fact_psi_inv_word32_r256.mem,1168,8b210691fa1a43be2e98c1c208d8afbb3cf954dfc97756469178dce9099c7149
rom/p254/fact/fact_psi_inv_word32_r512.mem,2336,5d694efeb240b578b6488fde086f9796d58b6c889e3bc4e2c5ed5b77ba6dd034
rom/p254/fact/fact_psi_inv_word4_r128_l4.mem,640,a64db4ae8a8bde6436ad5bff3eacf5112c2d23a857f561f4bce231eac414b929
rom/p254/fact/fact_psi_inv_word4_r256_l4.mem,1280,c27b37f84ba190ffe9dcd7ea781c82a05d4d134c4e71206be5f4f40d6200eb8d
rom/p254/fact/fact_psi_inv_word4_r512_l4.mem,2560,a6e2bbfe33ecb7fd6a8153bee54d272a88cc420a4f28003e5c8d02eaf35b71a4
rom/p254/fact/fact_psi_inv_word8_r128_l4.mem,608,66527bc60a4fa3567428f9ea9cee2a40798f61a7d0397fc2456c662bba755f27
rom/p254/fact/fact_psi_inv_word8_r128_l8.mem,608,66527bc60a4fa3567428f9ea9cee2a40798f61a7d0397fc2456c662bba755f27
rom/p254/fact/fact_psi_inv_word8_r256_l4.mem,1216,63e9a34ad49d7f8991b5013b39d7b7316ad310faa80a6a2b2b4d215f58661d16
rom/p254/fact/fact_psi_inv_word8_r256_l8.mem,1216,63e9a34ad49d7f8991b5013b39d7b7316ad310faa80a6a2b2b4d215f58661d16
rom/p254/fact/fact_psi_inv_word8_r512_l4.mem,2432,6d8eb139211733d0ad1e963d20059128ba2864de1f304d295b8176491ec0a7bc
rom/p254/fact/fact_psi_inv_word8_r512_l8.mem,2432,6d8eb139211733d0ad1e963d20059128ba2864de1f304d295b8176491ec0a7bc
rom/p254/fact/fact_psi_word16_r128.mem,592,19eeaee6d3c30fcf085d17a0c829ec48f442200edda9bb52e92fe1e4fd44ceaa
rom/p254/fact/fact_psi_word16_r128_l8.mem,592,19eeaee6d3c30fcf085d17a0c829ec48f442200edda9bb52e92fe1e4fd44ceaa
rom/p254/fact/fact_psi_word16_r256.mem,1184,3bdf491f58afba99fe3632c68490a474d76e5bb877685280c3230ceccc2a194d
rom/p254/fact/fact_psi_word16_r256_l8.mem,1184,3bdf491f58afba99fe3632c68490a474d76e5bb877685280c3230ceccc2a194d
rom/p254/fact/fact_psi_word16_r512.mem,2368,3f04c0a75790220e14961afc02e3793d8cb2031bea0a9f0dc4e7567f46a92674
rom/p254/fact/fact_psi_word16_r512_l8.mem,2368,3f04c0a75790220e14961afc02e3793d8cb2031bea0a9f0dc4e7567f46a92674
rom/p254/fact/fact_psi_word32_r128.mem,584,1f94d0c772311f91f72646484799d251da03a6b6a60d3702024ad838bfbd2ea1
rom/p254/fact/fact_psi_word32_r256.mem,1168,33cac8e950e8cc23deb3b0876e428000b09203c247e7a6ae7707e20d4fae6c47
rom/p254/fact/fact_psi_word32_r512.mem,2336,e665cbd77bb71f1339f83d23dfc13070a40b0dbf5d9ed154233a626cd42f15fd
rom/p254/fact/fact_psi_word4_r128_l4.mem,640,182bbdb2b85de1429ecf2612e10e3ce8859fcd95332fb5f74386db6daedd9391
rom/p254/fact/fact_psi_word4_r256_l4.mem,1280,4c9e40478d1e8eb3f13d0d60b93287046909b85287aed6e28c830139128d4991
rom/p254/fact/fact_psi_word4_r512_l4.mem,2560,62c927eb12239dbfb69ebd61e977aa916706389ec9da74d540927de0f33f9907
rom/p254/fact/fact_psi_word8_r128_l4.mem,608,b9549c07ab1051e805e24c50489e27a58032d0601c68ca0306523beaf191b77c
rom/p254/fact/fact_psi_word8_r128_l8.mem,608,b9549c07ab1051e805e24c50489e27a58032d0601c68ca0306523beaf191b77c
rom/p254/fact/fact_psi_word8_r256_l4.mem,1216,5d8297a346b2e43ce49c2b7641a7d053d47c5a38e578ea15d1e69dcbdf794643
rom/p254/fact/fact_psi_word8_r256_l8.mem,1216,5d8297a346b2e43ce49c2b7641a7d053d47c5a38e578ea15d1e69dcbdf794643
rom/p254/fact/fact_psi_word8_r512_l4.mem,2432,98db7675017649ea71bbd2541eb69dbe072b54fbb46aebe9c28a56deb63b31e4
rom/p254/fact/fact_psi_word8_r512_l8.mem,2432,98db7675017649ea71bbd2541eb69dbe072b54fbb46aebe9c28a56deb63b31e4
rom/p254/zest_schedule/zest_radix24_manifest.json,34134,926119b472eb7b21f26970ee7579bd718bbadca4e888e5d2044925d54e530645
rom/p254/zest_schedule/zest_radix24_twiddle_fwd_r128.mem,2180,08b9a9991ef1db5265f06c7689b0750874ab1a7259ea188be7ad0cf6b80a9e95
rom/p254/zest_schedule/zest_radix24_twiddle_fwd_r128_20.mem,4840,fde3ffb465b729d417215c849254081967c84db7a4536c81ae36c684885e8c8d
rom/p254/zest_schedule/zest_radix24_twiddle_fwd_r128_l4.mem,2240,29d3fcb2d3e545c22a061b1bcdde81edbad9bb4aef3f2abcbd00cf11b8b70325
rom/p254/zest_schedule/zest_radix24_twiddle_fwd_r128_l8.mem,2200,ab894835040018a8906a3cc05b84f8011738fdfc11286cdda967c196a945a1b0
rom/p254/zest_schedule/zest_radix24_twiddle_fwd_r256.mem,3488,022b45a087dc40d1f2b35b1300e753fa9540cce8c144900c24785681538d6e1b
rom/p254/zest_schedule/zest_radix24_twiddle_fwd_r256_l4.mem,3584,37f3c904ab16d60d90a4e2d70afc9b111c4080bf9234128e833c45e8f6d6a10b
rom/p254/zest_schedule/zest_radix24_twiddle_fwd_r256_l8.mem,3520,0dd6d669e9b79f3285bba627cd99153a52523927abc699d5173cf5c265ebe3bc
rom/p254/zest_schedule/zest_radix24_twiddle_fwd_r512.mem,10464,826aa96d146c9955fd2c93decf1ebe0bfe0b6c43a81d8050584399088773aecf
rom/p254/zest_schedule/zest_radix24_twiddle_fwd_r512_l4.mem,10752,413cc35bff31e1c9c141e1acda5c54b189e9f3676a2d87bda329996922bc04e4
rom/p254/zest_schedule/zest_radix24_twiddle_fwd_r512_l8.mem,10560,36744a17a0ca2bd7cf7b8c6b7917c764e31da28d430c2f48fedf8671b61d9f25
rom/p254/zest_schedule/zest_radix24_twiddle_inv_coset_r128.mem,2180,1f0e3358827bde9e6368efd1fb3ad37e2ff330af3e9bf6e28c4267a43df7067d
rom/p254/zest_schedule/zest_radix24_twiddle_inv_coset_r128_20.mem,4840,2da13d064ad06c875dbaeb61a7cc260c62edf78e2ffb0cd2bb424e3c518ff54a
rom/p254/zest_schedule/zest_radix24_twiddle_inv_coset_r128_l4.mem,2240,82fd32a38816c405b0be4fd0b23e7c92cbbe88f1044cc26836adf81b77aaaffe
rom/p254/zest_schedule/zest_radix24_twiddle_inv_coset_r128_l8.mem,2200,39c115fdaa6465f3063f9258481cbe5c376b48b273d18dd90a3e2603032bfe00
rom/p254/zest_schedule/zest_radix24_twiddle_inv_coset_r256.mem,3488,710d81c0226d27e9afeff4537631c21a45f962a945d2915723b7bdcf14bc63ef
rom/p254/zest_schedule/zest_radix24_twiddle_inv_coset_r256_l4.mem,3584,7b324808f459d3b4961f28371558d0a41be59fbdd6b8e0850514d93f54e3a209
rom/p254/zest_schedule/zest_radix24_twiddle_inv_coset_r256_l8.mem,3520,75290bca51d005f41694dac9ac02cc9785640646d61fdc49dcfd1146c5fb1118
rom/p254/zest_schedule/zest_radix24_twiddle_inv_coset_r512.mem,10464,6a3a70e3fc959ffe7c58c5376fc9c5a65f03056d9d3252ca030c1aead16778e9
rom/p254/zest_schedule/zest_radix24_twiddle_inv_coset_r512_l4.mem,10752,68de076e9a5ceaaae86d6e4c6b124d757d7d001edff399bfe1eb1ae54e1aa3fc
rom/p254/zest_schedule/zest_radix24_twiddle_inv_coset_r512_l8.mem,10560,df51814c13d16490b602e848a249a105260375006eac4451c63e3c6c03f52f20
rom/p254/zest_schedule/zest_radix24_twiddle_inv_r128.mem,2180,f8fbe2541736a177c565bf3610ba988879896c3a4149db828f737e10dd8bb7c8
rom/p254/zest_schedule/zest_radix24_twiddle_inv_r128_20.mem,4840,2da13d064ad06c875dbaeb61a7cc260c62edf78e2ffb0cd2bb424e3c518ff54a
rom/p254/zest_schedule/zest_radix24_twiddle_inv_r128_l4.mem,2240,29d2b298b7214beb453c49cfb0c27912da7c10add0eee36caa27a9f8c3e80b55
rom/p254/zest_schedule/zest_radix24_twiddle_inv_r128_l8.mem,2200,6e317dd837374f98b5d1b9b81a696df1b723d50a9be5f9ec274719436d145e87
rom/p254/zest_schedule/zest_radix24_twiddle_inv_r256.mem,3488,710d81c0226d27e9afeff4537631c21a45f962a945d2915723b7bdcf14bc63ef
rom/p254/zest_schedule/zest_radix24_twiddle_inv_r256_l4.mem,3584,7b324808f459d3b4961f28371558d0a41be59fbdd6b8e0850514d93f54e3a209
rom/p254/zest_schedule/zest_radix24_twiddle_inv_r256_l8.mem,3520,75290bca51d005f41694dac9ac02cc9785640646d61fdc49dcfd1146c5fb1118
rom/p254/zest_schedule/zest_radix24_twiddle_inv_r512.mem,10464,10f02afe0f21a547dd37d6250a504307675ebed94bbcbb68094ec74a06b43572
rom/p254/zest_schedule/zest_radix24_twiddle_inv_r512_l4.mem,10752,ca45a65f8b474af6e2405d9d3e7a6d3fa3edd6b880b203a9c9ac20149c5156c6
rom/p254/zest_schedule/zest_radix24_twiddle_inv_r512_l8.mem,10560,075dce744e4ce0cfb38e035667fb250b1542d7b002ba3adbaa22274f7cd8523a
rom/p254/zest_schedule/zest_twist_fwd_r512.mem,2320,bd6b977679c7f431d52bb5f7f0d224298c6e6912c73fe6dbcc7e850f382b3992
rom/p254/zest_schedule/zest_twist_inv_r512.mem,2320,3d01db95642952d866c0694f86a72cdd5567e7c07d62674a81008c07948b0ee8
rom/p520/fact/fact_psi_inv_word16_r128.mem,624,3df00025754321afd5bc8426ac4c18d4c70d3e3017524ba273bf0388beae8502
rom/p520/fact/fact_psi_inv_word16_r128_l8.mem,624,3df00025754321afd5bc8426ac4c18d4c70d3e3017524ba273bf0388beae8502
rom/p520/fact/fact_psi_inv_word16_r256.mem,1248,4478b5a65b56f9c22823a29722f1bfc25cc70c2117f5288f40ba34d9cb074f8c
rom/p520/fact/fact_psi_inv_word16_r256_l8.mem,1248,4478b5a65b56f9c22823a29722f1bfc25cc70c2117f5288f40ba34d9cb074f8c
rom/p520/fact/fact_psi_inv_word16_r512.mem,2496,ff158d5045256a379cdc63aa3ced621e2f9ec142ab7328ff9ce4557505f16169
rom/p520/fact/fact_psi_inv_word16_r512_l8.mem,2496,ff158d5045256a379cdc63aa3ced621e2f9ec142ab7328ff9ce4557505f16169
rom/p520/fact/fact_psi_inv_word32_r128.mem,616,5177b3da44d17864b88bf379d67745c804532a09d7644ead175c88a1ac8cdfd0
rom/p520/fact/fact_psi_inv_word32_r256.mem,1232,53223975e7a4e5620caee39637b86d5cd78e907cddc1d93469f10deda39e71ac
rom/p520/fact/fact_psi_inv_word32_r512.mem,2464,9b33e0f79f744af64a74b0a4d901e922b41a7f3684c979837ca71e370e64d33f
rom/p520/fact/fact_psi_inv_word4_r128_l4.mem,672,aacb054dec5b24d55c46bf629afba01fda9bd191584637c42ee0d4cd816abf77
rom/p520/fact/fact_psi_inv_word4_r256_l4.mem,1344,04ce8e298320d8ac08e9aabd696d39b34413a575e8a6eff55caaa949acdb6226
rom/p520/fact/fact_psi_inv_word4_r512_l4.mem,2688,893fdcc22a9343e127c7797a29d6589d17bb0e778821e9c3d1ad4a016a79061d
rom/p520/fact/fact_psi_inv_word8_r128_l4.mem,640,87ecd7a6b7dd035af0925e868a680e75b9d1b6750803abf9d143cbf0edeb1d6d
rom/p520/fact/fact_psi_inv_word8_r128_l8.mem,640,87ecd7a6b7dd035af0925e868a680e75b9d1b6750803abf9d143cbf0edeb1d6d
rom/p520/fact/fact_psi_inv_word8_r256_l4.mem,1280,9de8e501531e64b5fc0eef2c135a8200051fa39c6c7541221887d2922f5305ce
rom/p520/fact/fact_psi_inv_word8_r256_l8.mem,1280,9de8e501531e64b5fc0eef2c135a8200051fa39c6c7541221887d2922f5305ce
rom/p520/fact/fact_psi_inv_word8_r512_l4.mem,2560,a5303be43abca8c5e0d6e624d5465e1aeea841591e71de5f8a3354d1410bef75
rom/p520/fact/fact_psi_inv_word8_r512_l8.mem,2560,a5303be43abca8c5e0d6e624d5465e1aeea841591e71de5f8a3354d1410bef75
rom/p520/fact/fact_psi_word16_r128.mem,624,dfcb8d8dc09501785163f576662cb59b1d6349e2d580af05188da027f944fc33
rom/p520/fact/fact_psi_word16_r128_l8.mem,624,dfcb8d8dc09501785163f576662cb59b1d6349e2d580af05188da027f944fc33
rom/p520/fact/fact_psi_word16_r256.mem,1248,d574c0e111220d0554338b4b797b2bf6047fb81283faf1931fd506369e7ffccd
rom/p520/fact/fact_psi_word16_r256_l8.mem,1248,d574c0e111220d0554338b4b797b2bf6047fb81283faf1931fd506369e7ffccd
rom/p520/fact/fact_psi_word16_r512.mem,2496,baaaf2cdfd509495bce45c0e788525df4377235b22f734e1e7296cd591afef52
rom/p520/fact/fact_psi_word16_r512_l8.mem,2496,baaaf2cdfd509495bce45c0e788525df4377235b22f734e1e7296cd591afef52
rom/p520/fact/fact_psi_word32_r128.mem,616,61e12091fef883227b022e34671f307845e306160817758d1ba257e46d1efaa9
rom/p520/fact/fact_psi_word32_r256.mem,1232,accc85db3d3e9b9e4e5b7b9f3e53247c7727217339e559283b206d26836c8d8f
rom/p520/fact/fact_psi_word32_r512.mem,2464,aee13fb0261ebaa5070514d4500abdec3af2c57fdafd323bc7061ee5fc4363a5
rom/p520/fact/fact_psi_word4_r128_l4.mem,672,67de60bd59bbee2b471ebb9e2ef4b44483d4b26dfb12a3c48588cfa03d3d78ef
rom/p520/fact/fact_psi_word4_r256_l4.mem,1344,c172584a9e13114c44c5a6e3b9de32633eea917dcea3d0b144369062cea6acf1
rom/p520/fact/fact_psi_word4_r512_l4.mem,2688,736396213891c56b1292f13a24be2331e5f8739ed9e0694c3e0dbed076ad3c85
rom/p520/fact/fact_psi_word8_r128_l4.mem,640,33adbdabc5eb77f3938fdc21d0dd6af235ef011ec2cf414b16f12c23f8ca5cb7
rom/p520/fact/fact_psi_word8_r128_l8.mem,640,33adbdabc5eb77f3938fdc21d0dd6af235ef011ec2cf414b16f12c23f8ca5cb7
rom/p520/fact/fact_psi_word8_r256_l4.mem,1280,d0ef543b8542cf4b0b2445a787608509c3b08e883beb450f0a792fb807d6bd01
rom/p520/fact/fact_psi_word8_r256_l8.mem,1280,d0ef543b8542cf4b0b2445a787608509c3b08e883beb450f0a792fb807d6bd01
rom/p520/fact/fact_psi_word8_r512_l4.mem,2560,0978ab7ebea3f9ddd2efa9c1a0e9ac3987a9ba87cb28c0b46b366fcbedb7e76c
rom/p520/fact/fact_psi_word8_r512_l8.mem,2560,0978ab7ebea3f9ddd2efa9c1a0e9ac3987a9ba87cb28c0b46b366fcbedb7e76c
rom/p520/zest_schedule/zest_radix24_manifest.json,32907,e640237b382bcd2b006ea4bb4c5c462dccace7e32879933b469c894da571f34a
rom/p520/zest_schedule/zest_radix24_twiddle_fwd_r128.mem,2300,7e3f21a4777879248f28b503ae4a486e8de00bd6ebe540a73ebd7af8d395b5d4
rom/p520/zest_schedule/zest_radix24_twiddle_fwd_r128_l4.mem,2360,7f6c22bc4c3b0155d9ee651429ec1ee2ec46776b628a9a8ef009a1cdeaecac3a
rom/p520/zest_schedule/zest_radix24_twiddle_fwd_r128_l8.mem,2320,fcbb44c98073e420c03efb0fa38f5f1a6124e1b007a6a51a852ff0d8bbbd1172
rom/p520/zest_schedule/zest_radix24_twiddle_fwd_r256.mem,3680,9bcd9d87280059409da631ce7335f6653dd4238943c4f603122b5bde5724721a
rom/p520/zest_schedule/zest_radix24_twiddle_fwd_r256_l4.mem,3776,b1aa3413600886560d225dad70a9c880578f320ff353dc4aefb138704e89d353
rom/p520/zest_schedule/zest_radix24_twiddle_fwd_r256_l8.mem,3712,d4522206abbd692fd838ba212706e17d4d72bed5cbe72cb77692c0c2119ca70b
rom/p520/zest_schedule/zest_radix24_twiddle_fwd_r512.mem,11040,df2325129a6d930b5dfcd4df2eadcbfba54cd59070d1b71b45231c8faf9c28a3
rom/p520/zest_schedule/zest_radix24_twiddle_fwd_r512_l4.mem,11328,3292e27de62fae9c1171fa7f5fbd60e58e1b5be98e842f8094857812e608c9fa
rom/p520/zest_schedule/zest_radix24_twiddle_fwd_r512_l8.mem,11136,4cd1ab1cbb0c594b732b5415f9477bd64cf2cdae48bdc1e2011ee0f96545de6a
rom/p520/zest_schedule/zest_radix24_twiddle_inv_coset_r128.mem,2300,dfc33ac275df42680dbdd0d7394cee717f2bd86d47aa86226eb1da6b1d30270b
rom/p520/zest_schedule/zest_radix24_twiddle_inv_coset_r128_l4.mem,2360,eb371352f9cbcf35d6b02d120ecfa4854179d8af1288995d868557d66bb02267
rom/p520/zest_schedule/zest_radix24_twiddle_inv_coset_r128_l8.mem,2320,e4237024a368c093ee656725a2a1a95423d8913867e26b9be708be85185f1bcb
rom/p520/zest_schedule/zest_radix24_twiddle_inv_coset_r256.mem,3680,a84d0ae98c7d06efb84a3690b4caaaece89bf171694114512725c4f0d301d066
rom/p520/zest_schedule/zest_radix24_twiddle_inv_coset_r256_l4.mem,3776,213ecb726e5c45f1981e93a534980e3400a40125f19c695085b0f5c697fa2d84
rom/p520/zest_schedule/zest_radix24_twiddle_inv_coset_r256_l8.mem,3712,7941cc9123f2c767da565efe00b2d5147b00ee65d01fe8fbc39cd6c8c315eac3
rom/p520/zest_schedule/zest_radix24_twiddle_inv_coset_r512.mem,11040,6d59e2aa9968829f0a1a007c3bb0c6f1daf375fd4674b2ce3066ed3fe7a04509
rom/p520/zest_schedule/zest_radix24_twiddle_inv_coset_r512_l4.mem,11328,a052c0113230e9dd78147ab47bb94f45579002303d179b427605d4f1451b0f3f
rom/p520/zest_schedule/zest_radix24_twiddle_inv_coset_r512_l8.mem,11136,653129addcc0dc18c15cfb20f395df157416a395296e1c885a61d3e6138ec39c
rom/p520/zest_schedule/zest_radix24_twiddle_inv_r128.mem,2300,bf7d9d81ee30ae5dcfcf45eea95f76808c2434b195786b968ceae5ab8bb933bf
rom/p520/zest_schedule/zest_radix24_twiddle_inv_r128_l4.mem,2360,c7565669a662137ad2efa4a0e09296a83ceec0a310059d68ef6f85d0c697771f
rom/p520/zest_schedule/zest_radix24_twiddle_inv_r128_l8.mem,2320,b76850e65c0b8736f0ac2516112f2dffa1eb2772b9a6972101aa89cdfb92073f
rom/p520/zest_schedule/zest_radix24_twiddle_inv_r256.mem,3680,a84d0ae98c7d06efb84a3690b4caaaece89bf171694114512725c4f0d301d066
rom/p520/zest_schedule/zest_radix24_twiddle_inv_r256_l4.mem,3776,213ecb726e5c45f1981e93a534980e3400a40125f19c695085b0f5c697fa2d84
rom/p520/zest_schedule/zest_radix24_twiddle_inv_r256_l8.mem,3712,7941cc9123f2c767da565efe00b2d5147b00ee65d01fe8fbc39cd6c8c315eac3
rom/p520/zest_schedule/zest_radix24_twiddle_inv_r512.mem,11040,1c1732cf921a9a64efba888f9b2c2c20f0f0f2850fb669100304e43777fa4a92
rom/p520/zest_schedule/zest_radix24_twiddle_inv_r512_l4.mem,11328,93a03ef3833b6182e5d279bd8c91ffb67baa328805034938f4771c43d887f43d
rom/p520/zest_schedule/zest_radix24_twiddle_inv_r512_l8.mem,11136,96a14d7566f94d07f2badc69a37b02cc1aaca2ef9e4582cd00ca8c4be23025ae
rtl/common/ntt46_fact_ip_v1_crt2_reconstruct.sv,5252,94bef70fbd22c99f7835f691353c8609d8263d4fa9dcc610b9cc852fa481f5b4
rtl/p254/ntt46_fact_forward64_to_product32_stream_r512.sv,12685,99ada7a9310adea09e4c96c6247d6c204ef4865e23eec6c750d471e1c2fdec0a
rtl/p254/ntt46_fact_forward_pair_to_product16_stream_bram_r512.sv,7449,1a3620b798f1e88b2d37470203f9ce827cb918bb385b020e6a8cb45c85b7bb16
rtl/p254/ntt46_fact_forward_pair_to_product32_stream_r512.sv,9427,cc6ee59b567bd67f21f0e81377aa2a7ce1852ca74dc219d888925a76b1d24618
rtl/p254/ntt46_fact_forward_pair_to_product64_stream_bram_r512.sv,7298,77fa6d1c7f7761b770ebfd429ca4722b24da00476bf354931291b09588b70700
rtl/p254/ntt46_fact_lean_ip_int4_local_core.sv,38137,ca4f65e3c3d7776463dff34abb79b35c5586be704b1247ddc1ea43a23cf62f26
rtl/p254/ntt46_fact_lean_res_bank.sv,637,4f5f581c0286c71d0bac017131ed6543cd1df9c39f657c0b31ad282391320223
rtl/p254/ntt46_fact_pair_inverse_terminal_shared_r512.sv,143459,7a21a83bffe61c9ffc44d67c66b35ec4397fba08d1b29b791f2c1e344da5e8cf
rtl/p254/ntt46_fact_runtime_shared_pair_product16_streamed_bram_r512.sv,17709,e183562ca6d738150996a2dbe33629f7447ec63652ebf0e8e322ed01f3eba1db
rtl/p254/ntt46_fact_terminal_crt_recombine32_r512.sv,4012,fd6d944052be88c20a59d2faf79fdb0049f5c43fbf1ff87dd797904be89ea4a5
rtl/p254/ntt46_fact_top_prod_load16.sv,6385,396823d7bb6f252c111201a5975431fea993a3809d27b9c6fab2769685f1971c
rtl/p254/ntt46_mrec_arith_pkg.sv,6469,64fc579457915d4766ab918220dabddf76265a6524a07e4b695eb5db36c5875f
rtl/p254/ntt46_mrec_modmul_j_pipe.sv,1351,3caeb7ceb8663c85939a1992989efcc1b702e6ef278d4a7170d209906f7a3707
rtl/p254/ntt46_mrec_modmul_pipe.sv,2853,750b142a87b8bf146028cfed3167b4305dea04b958bac15ee1a0654cb81ff59f
rtl/p254/ntt46_mrec_modmul_tight_pipe.sv,673,6f33c76b13332f2d42aae013ee5ba7002ad18e72a272aab124acc9d8e6742b11
rtl/p254/ntt46_mrec_params_pkg.sv,2798,e39b3d95b8f744bf52f1e8809e5e3a7b3a349b1c018ea29ba944899db678ce04
rtl/p254/ntt46_zest_batch64_store_r512.sv,2799,9247aaedf4921f95d80018cb0de57d8bec9a642c5c460be69f2804fa386dfde2
rtl/p254/ntt46_zest_radix24_bidir_bfly_lane_pipe.sv,12920,505fd71652497854cb98afefebac39bc34633a98640e03aed2080197836a0935
rtl/p254/ntt46_zest_radix24_bidir_bfly_lane_unified_pipe.sv,25060,3da2fef0a4d67f600e4f5e588b089dca21f9e6abe626ff6a2800a6813633856b
rtl/p254/ntt46_zest_radix24_lane16_group.sv,2825,33b1a4b84543524f46d41c02cd210644aa2e396da0dda092aad4cbeba49cbb58
rtl/p254/ntt46_zest_radix24_lane16_group_unified_probe.sv,6094,4a8c3457fc0e2dc8d6b46ea89f443d72b3c6769a5e56146f34d143725efc8ba7
rtl/p254/ntt46_zest_radix24_step16.sv,16899,6371074102dd681dede6497177b4f8b20ba390b91377ba3ba3ca2e7fa86190c3
rtl/p254/ntt46_zest_radix24_twiddle16_rom.sv,1499,c284d18e669b3543c2d5f5f64622bec3e34cb0c4e8552a2b025ffd35cc71dfcd
rtl/p254/ntt46_zest_slot16_store_sameaddr.sv,6652,dba2df2d8ba385699a9aeb88bc8a0c62862d3f423e20f6fcdcd84b4aeba38768
rtl/p520/p520_ntt46_fact_forward64_to_product32_stream_r512.sv,12863,6739a3c9c55bfd5225815ae843f7354bfb91c07ef6aa132835e322c42f7f02e8
rtl/p520/p520_ntt46_fact_forward_pair_to_product16_stream_bram_r512.sv,7616,896e8d595bb42cc1759d9799f52322f6250a2f2d35e8d7070e8cdf5a032a913e
rtl/p520/p520_ntt46_fact_forward_pair_to_product32_stream_r512.sv,9627,056ca86c695ddbad72c310614023259068aab78f85eef988cc95cdc9f52e1964
rtl/p520/p520_ntt46_fact_forward_pair_to_product64_stream_bram_r512.sv,7509,66f279648e63e419e1fc6db5ce83a9182cb0898888e160e4f0a979de302e8154
rtl/p520/p520_ntt46_fact_lean_ip_int4_axi_lite_core.sv,13338,8bafb8cbbb2dec8692696b910ac80cfbf2e81aa3efde7fd95316cd0b4860ad27
rtl/p520/p520_ntt46_fact_lean_ip_int4_local_core.sv,38293,b359234630de284518be30984a481a547323adc3458a51e0705add570546b41d
rtl/p520/p520_ntt46_fact_lean_res_bank.sv,683,d363e4cf1d67f956bd033977132b25963925f07e7ece83091ed71b0004bcffda
rtl/p520/p520_ntt46_fact_pair_inverse_terminal_shared_r512.sv,144270,35918e54b30036b46f0488b44241d89f4bb3ab562e6de472f83c2e1a64a58921
rtl/p520/p520_ntt46_fact_runtime_shared_pair_product16_streamed_bram_r512.sv,17953,711924c3d49cc2704744088fd317af1f7ba0b859ae124dfbc59147fc92f8b414
rtl/p520/p520_ntt46_fact_terminal_crt_recombine32_r512.sv,4124,70c4edee12e8373559792a8296f80cd4494288b1d87f07fb473a304d154ab33b
rtl/p520/p520_ntt46_fact_top_prod_load16.sv,6585,257f9a4047fb2f37bd4c6b8f522f2761cbe75eb12073d6391231442733a97003
rtl/p520/p520_ntt46_mrec_arith_pkg.sv,5351,3fbc1b1a293674c113c4458ca287860b02f4fec705f6044694a31cf2846cab7c
rtl/p520/p520_ntt46_mrec_modmul_j_pipe.sv,1463,6dd6d8f22fe3330af6bc7b37d2254a0dd8002683273dfefa7f1cc5c8b764b858
rtl/p520/p520_ntt46_mrec_modmul_pipe.sv,2976,b8b7958b7f709732d12a53feca0f827e9bc86fa25827105f0bdbcf3b6ac8b2fa
rtl/p520/p520_ntt46_mrec_modmul_tight_pipe.sv,730,3ea56a9731ebac750f41f51561a286ca63b9c20ee890808bec6c0d6997e4fe56
rtl/p520/p520_ntt46_mrec_params_pkg.sv,2762,f6ef94865dbc1bce6ad3f67c403c191e4d1576f52b9654f867ba58b04addedee
rtl/p520/p520_ntt46_zest_batch64_store_r512.sv,2889,2462b7e69f5881e61f116502c391813aeeb482e79d9c9a9437b3c524b2920c7d
rtl/p520/p520_ntt46_zest_radix24_bidir_bfly_lane_pipe.sv,13142,6c6c26957236374de6c69cb94e520793c2afb6c143ac52a0d9f338d900ffeaa5
rtl/p520/p520_ntt46_zest_radix24_bidir_bfly_lane_unified_pipe.sv,25414,6d81095b740877ee55755d3b903b3252d709d8c8a36a951c3474eccbf54e0aef
rtl/p520/p520_ntt46_zest_radix24_lane16_group.sv,2992,849ef7a2714baddcd3f0317c8b5c9202e85da88768174c78707e2685f05e4063
rtl/p520/p520_ntt46_zest_radix24_lane16_group_unified_probe.sv,6338,d74a91822223646628661cab81491b65e7701655dff39b6dc2d365275d60a548
rtl/p520/p520_ntt46_zest_radix24_step16.sv,17106,625922eeb29166dbbf8e2f61fe4e5e5ab7ba31d5698121f8754f405dc619b008
rtl/p520/p520_ntt46_zest_radix24_twiddle16_rom.sv,1556,33deb4ba7823b83d4f25c29c474cfa32e7c38bfb7ec92dc8cbf877a7a365f859
rtl/p520/p520_ntt46_zest_slot16_store_sameaddr.sv,6709,5da18a59975e31449796f7a89b3b2da398c274f3e97969f13165bf22baf85b4c
rtl/unified/ntt46_fact_lean_ip_int8_axi_lite_core.sv,11525,52bad56920a36cad37f583605d240281d4b6da48e97d4c93b75962fd9d143502
rtl/unified/ntt46_fact_lean_ip_int8_parallel_prime_core.sv,13440,8ac016d9935d22a4bb091b63ca699cc3d72db3e36c72d59b30f848b8d132227c
rtl/unified/ntt46_fact_lean_ip_unified_axi_lite_core.sv,5667,afe52782bde873ec0579a66a70389d8abdaf815de3911251dbf9de8d08b1e395
scripts/audit_parameters.py,21121,799ee7b681ee0b6e529974a0c020d2ec07b9f34d47c6cdd1170454265faac7d0
scripts/audit_release_evidence.py,4079,a8f84637fc12658c0eaee8bc8de5998f4982bdb6d2e0d00487efb3e324d48302
scripts/audit_source_closure.py,2180,e0508f50bd27403b3da5294c24e94b926dac8af0bb46ae128cbec6045696ad14
scripts/check_fact_output.py,6405,d0212310fb5f37dca89b13083b9155720508c5af6a9791a6b889558f025c61bb
scripts/check_paper_alignment.py,4463,9bf3c7c8078aa30bf1ad03f96ca956ae3c66a06a3454cc6f273834005a4a3751
scripts/check_privacy.ps1,1657,0b0e6d9bc6873f74979d54425f1e924673318c4bbb2c6e3944a2758b50ed5c23
scripts/collect_implementation_evidence.ps1,4156,c8e3a7d51b824b55a645fe18eda0d9910b8b2264c1159f5bb11d4e7ab04c4c98
scripts/fact_sources.ps1,5714,5718c74847f21272c5bfcbbf7b975ed9f472c35690009ed0bf9071a9317add0f
scripts/generate_manifest.ps1,872,ecf80a9e6f96f542c96b8eb6b735134032fca0403dc88c1a796d58c8affcb348
scripts/implement.tcl,3436,7a664a2bfe078b64017acfcfe30a0aee4e9d1eb8b710fffd3c1aa78794a7c71e
scripts/implement_baseline.tcl,4073,c857320500b2357c7206e8e1079c31a914a693e652c9f591bb551354f12b42e1
scripts/run_baseline_implementation.ps1,2616,52554863798b91a3644e8540c91f42fa5002fea5fb87ebf46005e2e4080478e8
scripts/run_cin_fusion_ablation.ps1,1201,3568e61fa42f8d5823b7955c48b727a8a732b54abaf6fa3e98934c6f6b732baf
scripts/run_direct_baseline.ps1,2550,c75fca090cda0c1a2159e97b0088edcaeec9e22a188e4b2994f3f552cb412abb
scripts/run_fir_workload.ps1,834,78b0c84eeb7f3d860a89d2a1b01d211e48daec68eac558c511050cfe1c32b4f3
scripts/run_full_implementation_matrix.ps1,6628,eff16aaa8581bd05227abf74f8c9a899a4db786384e96def6f300cdce1fad883
scripts/run_implementation.ps1,2376,9ff5a7252912a40099b668aa7a6aaf65e116119d035b95f539cb0922423e43bc
scripts/run_parallel_zero_pad.ps1,2651,495b2afcec66cdd512304ea88909b74a13336a39b8f650ea5529ae54e2576bf8
scripts/run_python_crosscheck.ps1,1451,567f44b9f90fce8c6648f713f5a36b667295eea2981b13a5d2e45836b3f0e790
scripts/run_reproduction.ps1,2807,5bb8cc967bdae86beab19725ca069ac777270f4367d9d9d70d4495d8d3c3e34d
scripts/run_seeded_random_regression.ps1,2398,ae594ef4ce5548da027dc898eae572aec8327150b6a85b0aa2630f6862e27fcb
scripts/run_submission_matrix.ps1,7603,332035fccfd8570d502619accc665384316d375ba9decf5bd7e70ce7df27d2f0
scripts/run_xsim.ps1,3267,9a183c3d781bb75854f37076eab21b2d550bc62efc174afef0bda2224508d551
scripts/run_zero_pad_baseline.ps1,3152,5785bd37e6d235a099dd561d0dd7a78829f42ce21ed0a3011be281c68c9100d1
scripts/verify_archived_outputs.py,1851,996b8ff3009d8df19086eeaf9d75eaf4933c78f62fb3995ffa7e2df9df0c5c14
scripts/verify_cin_fusion_ablation.py,3159,e6321ec2bf14218ae364096120866b1a60ded2881729a83026d5b8dab86db4c3
scripts/verify_manifest.ps1,1622,17d72de0fff9c28e98e61c183790c1d88829831c782d90b1b3e3a20d8b0ab77b
scripts/verify_multichannel_fir_workload.py,1873,61cfd3a0a4f40caed5f245272e4ecc213d95a36428ca67a5439a86d2ffee0982
tb/tb_ntt46_fact_lean_ip_unified_axi_lite_core.sv,27398,bd5f66d62fd7851ab375bf62c871390bca81d79e5fae0b32cfec93a4123c69bb
