# R=512,N=1024,LANES=16,CIN=4,COUT=4,NH=31,PATTERN=7,BOUND=128
cout,index,y
0,0,-33
0,1,-157
0,2,-337
0,3,-503
0,4,-535
0,5,-499
0,6,-432
0,7,-396
0,8,-360
0,9,-324
0,10,-288
0,11,-252
0,12,-216
0,13,-180
0,14,-144
0,15,-108
0,16,-24
0,17,59
0,18,141
0,19,126
0,20,112
0,21,99
0,22,135
0,23,171
0,24,207
0,25,243
0,26,279
0,27,315
0,28,351
0,29,387
0,30,423
0,31,459
0,32,415
0,33,242
0,34,-60
0,35,-331
0,36,-473
0,37,-486
0,38,-450
0,39,-414
0,40,-378
0,41,-342
0,42,-306
0,43,-270
0,44,-234
0,45,-198
0,46,-162
0,47,-126
0,48,-42
0,49,41
0,50,123
0,51,108
0,52,94
0,53,81
0,54,117
0,55,153
0,56,189
0,57,225
0,58,261
0,59,297
0,60,333
0,61,369
0,62,405
0,63,441
0,64,428
0,65,304
0,66,51
0,67,-233
0,68,-424
0,69,-486
0,70,-468
0,71,-432
0,72,-396
0,73,-360
0,74,-324
0,75,-288
0,76,-252
0,77,-216
0,78,-180
0,79,-144
0,80,-60
0,81,72
0,82,203
0,83,237
0,84,174
0,85,112
0,86,99
0,87,135
0,88,171
0,89,207
0,90,243
0,91,279
0,92,315
0,93,351
0,94,387
0,95,423
0,96,379
0,97,255
0,98,2
0,99,-220
0,100,-411
0,101,-473
0,102,-486
0,103,-450
0,104,-414
0,105,-378
0,106,-342
0,107,-306
0,108,-270
0,109,-234
0,110,-198
0,111,-162
0,112,-78
0,113,54
0,114,234
0,115,317
0,116,303
0,117,192
0,118,130
0,119,117
0,120,153
0,121,189
0,122,225
0,123,261
0,124,297
0,125,333
0,126,369
0,127,405
0,128,392
0,129,268
0,130,64
0,131,-171
0,132,-313
0,133,-424
0,134,-455
0,135,-468
0,136,-432
0,137,-396
0,138,-360
0,139,-324
0,140,-288
0,141,-252
0,142,-216
0,143,-180
0,144,-96
0,145,36
0,146,216
0,147,299
0,148,285
0,149,174
0,150,112
0,151,99
0,152,135
0,153,171
0,154,207
0,155,243
0,156,279
0,157,315
0,158,351
0,159,387
0,160,343
0,161,219
0,162,15
0,163,-109
0,164,-202
0,165,-264
0,166,-375
0,167,-437
0,168,-450
0,169,-414
0,170,-378
0,171,-342
0,172,-306
0,173,-270
0,174,-234
0,175,-198
0,176,-114
0,177,18
0,178,198
0,179,330
0,180,365
0,181,303
0,182,192
0,183,130
0,184,117
0,185,153
0,186,189
0,187,225
0,188,261
0,189,297
0,190,333
0,191,369
0,192,356
0,193,232
0,194,28
0,195,-158
0,196,-251
0,197,-313
0,198,-393
0,199,-455
0,200,-468
0,201,-432
0,202,-396
0,203,-360
0,204,-324
0,205,-288
0,206,-252
0,207,-216
0,208,-132
0,209,0
0,210,180
0,211,312
0,212,396
0,213,383
0,214,321
0,215,210
0,216,148
0,217,135
0,218,171
0,219,207
0,220,243
0,221,279
0,222,315
0,223,351
0,224,307
0,225,183
0,226,-21
0,227,-145
0,228,-189
0,229,-202
0,230,-264
0,231,-375
0,232,-437
0,233,-450
0,234,-414
0,235,-378
0,236,-342
0,237,-306
0,238,-270
0,239,-234
0,240,-150
0,241,-18
0,242,162
0,243,294
0,244,378
0,245,365
0,246,303
0,247,192
0,248,130
0,249,117
0,250,153
0,251,189
0,252,225
0,253,261
0,254,297
0,255,333
0,256,320
0,257,196
0,258,-8
0,259,-194
0,260,-238
0,261,-202
0,262,-184
0,263,-246
0,264,-357
0,265,-419
0,266,-432
0,267,-396
0,268,-360
0,269,-324
0,270,-288
0,271,-252
0,272,-168
0,273,-36
0,274,144
0,275,276
0,276,360
0,277,396
0,278,383
0,279,321
0,280,210
0,281,148
0,282,135
0,283,171
0,284,207
0,285,243
0,286,279
0,287,315
0,288,271
0,289,147
0,290,-57
0,291,-181
0,292,-225
0,293,-189
0,294,-202
0,295,-264
0,296,-375
0,297,-437
0,298,-450
0,299,-414
0,300,-378
0,301,-342
0,302,-306
0,303,-270
0,304,-186
0,305,-54
0,306,126
0,307,258
0,308,342
0,309,378
0,310,414
0,311,401
0,312,339
0,313,228
0,314,166
0,315,153
0,316,189
0,317,225
0,318,261
0,319,297
0,320,284
0,321,160
0,322,-44
0,323,-230
0,324,-274
0,325,-238
0,326,-171
0,327,-184
0,328,-246
0,329,-357
0,330,-419
0,331,-432
0,332,-396
0,333,-360
0,334,-324
0,335,-288
0,336,-204
0,337,-72
0,338,108
0,339,240
0,340,324
0,341,360
0,342,396
0,343,383
0,344,321
0,345,210
0,346,148
0,347,135
0,348,171
0,349,207
0,350,243
0,351,279
0,352,235
0,353,111
0,354,-93
0,355,-217
0,356,-261
0,357,-225
0,358,-189
0,359,-153
0,360,-166
0,361,-228
0,362,-339
0,363,-401
0,364,-414
0,365,-378
0,366,-342
0,367,-306
0,368,-222
0,369,-90
0,370,90
0,371,222
0,372,306
0,373,342
0,374,378
0,375,414
0,376,401
0,377,339
0,378,228
0,379,166
0,380,153
0,381,189
0,382,225
0,383,261
0,384,248
0,385,124
0,386,-80
0,387,-266
0,388,-310
0,389,-274
0,390,-207
0,391,-171
0,392,-184
0,393,-246
0,394,-357
0,395,-419
0,396,-432
0,397,-396
0,398,-360
0,399,-324
0,400,-240
0,401,-108
0,402,72
0,403,204
0,404,288
0,405,324
0,406,360
0,407,396
0,408,432
0,409,419
0,410,357
0,411,246
0,412,184
0,413,171
0,414,207
0,415,243
0,416,199
0,417,75
0,418,-129
0,419,-253
0,420,-297
0,421,-261
0,422,-225
0,423,-189
0,424,-153
0,425,-166
0,426,-228
0,427,-339
0,428,-401
0,429,-414
0,430,-378
0,431,-342
0,432,-258
0,433,-126
0,434,54
0,435,186
0,436,270
0,437,306
0,438,342
0,439,378
0,440,414
0,441,401
0,442,339
0,443,228
0,444,166
0,445,153
0,446,189
0,447,225
0,448,212
0,449,88
0,450,-116
0,451,-302
0,452,-346
0,453,-310
0,454,-243
0,455,-207
0,456,-171
0,457,-135
0,458,-148
0,459,-210
0,460,-321
0,461,-383
0,462,-396
0,463,-360
0,464,-276
0,465,-144
0,466,36
0,467,168
0,468,252
0,469,288
0,470,324
0,471,360
0,472,396
0,473,432
0,474,419
0,475,357
0,476,246
0,477,184
0,478,171
0,479,207
0,480,163
0,481,39
0,482,-165
0,483,-289
0,484,-333
0,485,-297
0,486,-261
0,487,-225
0,488,-189
0,489,-153
0,490,-166
0,491,-228
0,492,-339
0,493,-401
0,494,-414
0,495,-378
0,496,-294
0,497,-162
0,498,18
0,499,150
0,500,234
0,501,270
0,502,306
0,503,342
0,504,378
0,505,414
0,506,450
0,507,437
0,508,375
0,509,264
0,510,202
0,511,189
0,512,192
0,513,158
0,514,83
0,515,29
0,516,0
0,517,0
0,518,0
0,519,0
0,520,0
0,521,0
0,522,0
0,523,0
0,524,0
0,525,0
0,526,0
0,527,0
0,528,0
0,529,0
0,530,0
0,531,0
0,532,0
0,533,0
0,534,0
0,535,0
0,536,0
0,537,0
0,538,0
0,539,0
0,540,0
0,541,0
0,542,0
0,543,0
0,544,0
0,545,0
0,546,0
0,547,0
0,548,0
0,549,0
0,550,0
0,551,0
0,552,0
0,553,0
0,554,0
0,555,0
0,556,0
0,557,0
0,558,0
0,559,0
0,560,0
0,561,0
0,562,0
0,563,0
0,564,0
0,565,0
0,566,0
0,567,0
0,568,0
0,569,0
0,570,0
0,571,0
0,572,0
0,573,0
0,574,0
0,575,0
0,576,0
0,577,0
0,578,0
0,579,0
0,580,0
0,581,0
0,582,0
0,583,0
0,584,0
0,585,0
0,586,0
0,587,0
0,588,0
0,589,0
0,590,0
0,591,0
0,592,0
0,593,0
0,594,0
0,595,0
0,596,0
0,597,0
0,598,0
0,599,0
0,600,0
0,601,0
0,602,0
0,603,0
0,604,0
0,605,0
0,606,0
0,607,0
0,608,0
0,609,0
0,610,0
0,611,0
0,612,0
0,613,0
0,614,0
0,615,0
0,616,0
0,617,0
0,618,0
0,619,0
0,620,0
0,621,0
0,622,0
0,623,0
0,624,0
0,625,0
0,626,0
0,627,0
0,628,0
0,629,0
0,630,0
0,631,0
0,632,0
0,633,0
0,634,0
0,635,0
0,636,0
0,637,0
0,638,0
0,639,0
0,640,0
0,641,0
0,642,0
0,643,0
0,644,0
0,645,0
0,646,0
0,647,0
0,648,0
0,649,0
0,650,0
0,651,0
0,652,0
0,653,0
0,654,0
0,655,0
0,656,0
0,657,0
0,658,0
0,659,0
0,660,0
0,661,0
0,662,0
0,663,0
0,664,0
0,665,0
0,666,0
0,667,0
0,668,0
0,669,0
0,670,0
0,671,0
0,672,0
0,673,0
0,674,0
0,675,0
0,676,0
0,677,0
0,678,0
0,679,0
0,680,0
0,681,0
0,682,0
0,683,0
0,684,0
0,685,0
0,686,0
0,687,0
0,688,0
0,689,0
0,690,0
0,691,0
0,692,0
0,693,0
0,694,0
0,695,0
0,696,0
0,697,0
0,698,0
0,699,0
0,700,0
0,701,0
0,702,0
0,703,0
0,704,0
0,705,0
0,706,0
0,707,0
0,708,0
0,709,0
0,710,0
0,711,0
0,712,0
0,713,0
0,714,0
0,715,0
0,716,0
0,717,0
0,718,0
0,719,0
0,720,0
0,721,0
0,722,0
0,723,0
0,724,0
0,725,0
0,726,0
0,727,0
0,728,0
0,729,0
0,730,0
0,731,0
0,732,0
0,733,0
0,734,0
0,735,0
0,736,0
0,737,0
0,738,0
0,739,0
0,740,0
0,741,0
0,742,0
0,743,0
0,744,0
0,745,0
0,746,0
0,747,0
0,748,0
0,749,0
0,750,0
0,751,0
0,752,0
0,753,0
0,754,0
0,755,0
0,756,0
0,757,0
0,758,0
0,759,0
0,760,0
0,761,0
0,762,0
0,763,0
0,764,0
0,765,0
0,766,0
0,767,0
0,768,0
0,769,0
0,770,0
0,771,0
0,772,0
0,773,0
0,774,0
0,775,0
0,776,0
0,777,0
0,778,0
0,779,0
0,780,0
0,781,0
0,782,0
0,783,0
0,784,0
0,785,0
0,786,0
0,787,0
0,788,0
0,789,0
0,790,0
0,791,0
0,792,0
0,793,0
0,794,0
0,795,0
0,796,0
0,797,0
0,798,0
0,799,0
0,800,0
0,801,0
0,802,0
0,803,0
0,804,0
0,805,0
0,806,0
0,807,0
0,808,0
0,809,0
0,810,0
0,811,0
0,812,0
0,813,0
0,814,0
0,815,0
0,816,0
0,817,0
0,818,0
0,819,0
0,820,0
0,821,0
0,822,0
0,823,0
0,824,0
0,825,0
0,826,0
0,827,0
0,828,0
0,829,0
0,830,0
0,831,0
0,832,0
0,833,0
0,834,0
0,835,0
0,836,0
0,837,0
0,838,0
0,839,0
0,840,0
0,841,0
0,842,0
0,843,0
0,844,0
0,845,0
0,846,0
0,847,0
0,848,0
0,849,0
0,850,0
0,851,0
0,852,0
0,853,0
0,854,0
0,855,0
0,856,0
0,857,0
0,858,0
0,859,0
0,860,0
0,861,0
0,862,0
0,863,0
0,864,0
0,865,0
0,866,0
0,867,0
0,868,0
0,869,0
0,870,0
0,871,0
0,872,0
0,873,0
0,874,0
0,875,0
0,876,0
0,877,0
0,878,0
0,879,0
0,880,0
0,881,0
0,882,0
0,883,0
0,884,0
0,885,0
0,886,0
0,887,0
0,888,0
0,889,0
0,890,0
0,891,0
0,892,0
0,893,0
0,894,0
0,895,0
0,896,0
0,897,0
0,898,0
0,899,0
0,900,0
0,901,0
0,902,0
0,903,0
0,904,0
0,905,0
0,906,0
0,907,0
0,908,0
0,909,0
0,910,0
0,911,0
0,912,0
0,913,0
0,914,0
0,915,0
0,916,0
0,917,0
0,918,0
0,919,0
0,920,0
0,921,0
0,922,0
0,923,0
0,924,0
0,925,0
0,926,0
0,927,0
0,928,0
0,929,0
0,930,0
0,931,0
0,932,0
0,933,0
0,934,0
0,935,0
0,936,0
0,937,0
0,938,0
0,939,0
0,940,0
0,941,0
0,942,0
0,943,0
0,944,0
0,945,0
0,946,0
0,947,0
0,948,0
0,949,0
0,950,0
0,951,0
0,952,0
0,953,0
0,954,0
0,955,0
0,956,0
0,957,0
0,958,0
0,959,0
0,960,0
0,961,0
0,962,0
0,963,0
0,964,0
0,965,0
0,966,0
0,967,0
0,968,0
0,969,0
0,970,0
0,971,0
0,972,0
0,973,0
0,974,0
0,975,0
0,976,0
0,977,0
0,978,0
0,979,0
0,980,0
0,981,0
0,982,0
0,983,0
0,984,0
0,985,0
0,986,0
0,987,0
0,988,0
0,989,0
0,990,0
0,991,0
0,992,0
0,993,0
0,994,0
0,995,0
0,996,0
0,997,0
0,998,0
0,999,0
0,1000,0
0,1001,0
0,1002,0
0,1003,0
0,1004,0
0,1005,0
0,1006,0
0,1007,0
0,1008,0
0,1009,0
0,1010,0
0,1011,0
0,1012,0
0,1013,0
0,1014,0
0,1015,0
0,1016,0
0,1017,0
0,1018,0
0,1019,0
0,1020,0
0,1021,0
0,1022,0
0,1023,0
1,0,12
1,1,250
1,2,104
1,3,-144
1,4,-20
1,5,-20
1,6,-20
1,7,-20
1,8,-20
1,9,-20
1,10,-20
1,11,-20
1,12,-20
1,13,-20
1,14,-20
1,15,-20
1,16,-116
1,17,31
1,18,127
1,19,-20
1,20,-20
1,21,-20
1,22,-20
1,23,-20
1,24,-20
1,25,-20
1,26,-20
1,27,-20
1,28,-20
1,29,-20
1,30,-20
1,31,-20
1,32,108
1,33,255
1,34,127
1,35,-20
1,36,-20
1,37,-20
1,38,-20
1,39,-20
1,40,-20
1,41,-20
1,42,-20
1,43,-20
1,44,-20
1,45,-20
1,46,-20
1,47,-20
1,48,-116
1,49,31
1,50,127
1,51,-20
1,52,-20
1,53,-20
1,54,-20
1,55,-20
1,56,-20
1,57,-20
1,58,-20
1,59,-20
1,60,-20
1,61,-20
1,62,-20
1,63,-20
1,64,-16
1,65,232
1,66,251
1,67,3
1,68,-20
1,69,-20
1,70,-20
1,71,-20
1,72,-20
1,73,-20
1,74,-20
1,75,-20
1,76,-20
1,77,-20
1,78,-20
1,79,-20
1,80,-116
1,81,-116
1,82,127
1,83,127
1,84,-20
1,85,-20
1,86,-20
1,87,-20
1,88,-20
1,89,-20
1,90,-20
1,91,-20
1,92,-20
1,93,-20
1,94,-20
1,95,-20
1,96,108
1,97,108
1,98,127
1,99,127
1,100,-20
1,101,-20
1,102,-20
1,103,-20
1,104,-20
1,105,-20
1,106,-20
1,107,-20
1,108,-20
1,109,-20
1,110,-20
1,111,-20
1,112,-116
1,113,-116
1,114,-20
1,115,127
1,116,127
1,117,-20
1,118,-20
1,119,-20
1,120,-20
1,121,-20
1,122,-20
1,123,-20
1,124,-20
1,125,-20
1,126,-20
1,127,-20
1,128,-16
1,129,232
1,130,104
1,131,3
1,132,127
1,133,-20
1,134,-20
1,135,-20
1,136,-20
1,137,-20
1,138,-20
1,139,-20
1,140,-20
1,141,-20
1,142,-20
1,143,-20
1,144,-116
1,145,-116
1,146,-20
1,147,127
1,148,127
1,149,-20
1,150,-20
1,151,-20
1,152,-20
1,153,-20
1,154,-20
1,155,-20
1,156,-20
1,157,-20
1,158,-20
1,159,-20
1,160,108
1,161,108
1,162,-20
1,163,-20
1,164,127
1,165,127
1,166,-20
1,167,-20
1,168,-20
1,169,-20
1,170,-20
1,171,-20
1,172,-20
1,173,-20
1,174,-20
1,175,-20
1,176,-116
1,177,-116
1,178,-20
1,179,-20
1,180,127
1,181,127
1,182,-20
1,183,-20
1,184,-20
1,185,-20
1,186,-20
1,187,-20
1,188,-20
1,189,-20
1,190,-20
1,191,-20
1,192,-16
1,193,232
1,194,104
1,195,-144
1,196,127
1,197,127
1,198,-20
1,199,-20
1,200,-20
1,201,-20
1,202,-20
1,203,-20
1,204,-20
1,205,-20
1,206,-20
1,207,-20
1,208,-116
1,209,-116
1,210,-20
1,211,-20
1,212,-20
1,213,127
1,214,127
1,215,-20
1,216,-20
1,217,-20
1,218,-20
1,219,-20
1,220,-20
1,221,-20
1,222,-20
1,223,-20
1,224,108
1,225,108
1,226,-20
1,227,-20
1,228,-20
1,229,127
1,230,127
1,231,-20
1,232,-20
1,233,-20
1,234,-20
1,235,-20
1,236,-20
1,237,-20
1,238,-20
1,239,-20
1,240,-116
1,241,-116
1,242,-20
1,243,-20
1,244,-20
1,245,127
1,246,127
1,247,-20
1,248,-20
1,249,-20
1,250,-20
1,251,-20
1,252,-20
1,253,-20
1,254,-20
1,255,-20
1,256,-16
1,257,232
1,258,104
1,259,-144
1,260,-20
1,261,-20
1,262,127
1,263,127
1,264,-20
1,265,-20
1,266,-20
1,267,-20
1,268,-20
1,269,-20
1,270,-20
1,271,-20
1,272,-116
1,273,-116
1,274,-20
1,275,-20
1,276,-20
1,277,-20
1,278,127
1,279,127
1,280,-20
1,281,-20
1,282,-20
1,283,-20
1,284,-20
1,285,-20
1,286,-20
1,287,-20
1,288,108
1,289,108
1,290,-20
1,291,-20
1,292,-20
1,293,-20
1,294,127
1,295,127
1,296,-20
1,297,-20
1,298,-20
1,299,-20
1,300,-20
1,301,-20
1,302,-20
1,303,-20
1,304,-116
1,305,-116
1,306,-20
1,307,-20
1,308,-20
1,309,-20
1,310,-20
1,311,127
1,312,127
1,313,-20
1,314,-20
1,315,-20
1,316,-20
1,317,-20
1,318,-20
1,319,-20
1,320,-16
1,321,232
1,322,104
1,323,-144
1,324,-20
1,325,-20
1,326,-20
1,327,127
1,328,127
1,329,-20
1,330,-20
1,331,-20
1,332,-20
1,333,-20
1,334,-20
1,335,-20
1,336,-116
1,337,-116
1,338,-20
1,339,-20
1,340,-20
1,341,-20
1,342,-20
1,343,127
1,344,127
1,345,-20
1,346,-20
1,347,-20
1,348,-20
1,349,-20
1,350,-20
1,351,-20
1,352,108
1,353,108
1,354,-20
1,355,-20
1,356,-20
1,357,-20
1,358,-20
1,359,-20
1,360,127
1,361,127
1,362,-20
1,363,-20
1,364,-20
1,365,-20
1,366,-20
1,367,-20
1,368,-116
1,369,-116
1,370,-20
1,371,-20
1,372,-20
1,373,-20
1,374,-20
1,375,-20
1,376,127
1,377,127
1,378,-20
1,379,-20
1,380,-20
1,381,-20
1,382,-20
1,383,-20
1,384,-16
1,385,232
1,386,104
1,387,-144
1,388,-20
1,389,-20
1,390,-20
1,391,-20
1,392,127
1,393,127
1,394,-20
1,395,-20
1,396,-20
1,397,-20
1,398,-20
1,399,-20
1,400,-116
1,401,-116
1,402,-20
1,403,-20
1,404,-20
1,405,-20
1,406,-20
1,407,-20
1,408,-20
1,409,127
1,410,127
1,411,-20
1,412,-20
1,413,-20
1,414,-20
1,415,-20
1,416,108
1,417,108
1,418,-20
1,419,-20
1,420,-20
1,421,-20
1,422,-20
1,423,-20
1,424,-20
1,425,127
1,426,127
1,427,-20
1,428,-20
1,429,-20
1,430,-20
1,431,-20
1,432,-116
1,433,-116
1,434,-20
1,435,-20
1,436,-20
1,437,-20
1,438,-20
1,439,-20
1,440,-20
1,441,127
1,442,127
1,443,-20
1,444,-20
1,445,-20
1,446,-20
1,447,-20
1,448,-16
1,449,232
1,450,104
1,451,-144
1,452,-20
1,453,-20
1,454,-20
1,455,-20
1,456,-20
1,457,-20
1,458,127
1,459,127
1,460,-20
1,461,-20
1,462,-20
1,463,-20
1,464,-116
1,465,-116
1,466,-20
1,467,-20
1,468,-20
1,469,-20
1,470,-20
1,471,-20
1,472,-20
1,473,-20
1,474,127
1,475,127
1,476,-20
1,477,-20
1,478,-20
1,479,-20
1,480,108
1,481,108
1,482,-20
1,483,-20
1,484,-20
1,485,-20
1,486,-20
1,487,-20
1,488,-20
1,489,-20
1,490,127
1,491,127
1,492,-20
1,493,-20
1,494,-20
1,495,-20
1,496,-116
1,497,-116
1,498,-20
1,499,-20
1,500,-20
1,501,-20
1,502,-20
1,503,-20
1,504,-20
1,505,-20
1,506,-20
1,507,127
1,508,127
1,509,-20
1,510,-20
1,511,-20
1,512,23
1,513,33
1,514,0
1,515,0
1,516,0
1,517,0
1,518,0
1,519,0
1,520,0
1,521,0
1,522,0
1,523,0
1,524,0
1,525,0
1,526,0
1,527,0
1,528,0
1,529,0
1,530,0
1,531,0
1,532,0
1,533,0
1,534,0
1,535,0
1,536,0
1,537,0
1,538,0
1,539,0
1,540,0
1,541,0
1,542,0
1,543,0
1,544,0
1,545,0
1,546,0
1,547,0
1,548,0
1,549,0
1,550,0
1,551,0
1,552,0
1,553,0
1,554,0
1,555,0
1,556,0
1,557,0
1,558,0
1,559,0
1,560,0
1,561,0
1,562,0
1,563,0
1,564,0
1,565,0
1,566,0
1,567,0
1,568,0
1,569,0
1,570,0
1,571,0
1,572,0
1,573,0
1,574,0
1,575,0
1,576,0
1,577,0
1,578,0
1,579,0
1,580,0
1,581,0
1,582,0
1,583,0
1,584,0
1,585,0
1,586,0
1,587,0
1,588,0
1,589,0
1,590,0
1,591,0
1,592,0
1,593,0
1,594,0
1,595,0
1,596,0
1,597,0
1,598,0
1,599,0
1,600,0
1,601,0
1,602,0
1,603,0
1,604,0
1,605,0
1,606,0
1,607,0
1,608,0
1,609,0
1,610,0
1,611,0
1,612,0
1,613,0
1,614,0
1,615,0
1,616,0
1,617,0
1,618,0
1,619,0
1,620,0
1,621,0
1,622,0
1,623,0
1,624,0
1,625,0
1,626,0
1,627,0
1,628,0
1,629,0
1,630,0
1,631,0
1,632,0
1,633,0
1,634,0
1,635,0
1,636,0
1,637,0
1,638,0
1,639,0
1,640,0
1,641,0
1,642,0
1,643,0
1,644,0
1,645,0
1,646,0
1,647,0
1,648,0
1,649,0
1,650,0
1,651,0
1,652,0
1,653,0
1,654,0
1,655,0
1,656,0
1,657,0
1,658,0
1,659,0
1,660,0
1,661,0
1,662,0
1,663,0
1,664,0
1,665,0
1,666,0
1,667,0
1,668,0
1,669,0
1,670,0
1,671,0
1,672,0
1,673,0
1,674,0
1,675,0
1,676,0
1,677,0
1,678,0
1,679,0
1,680,0
1,681,0
1,682,0
1,683,0
1,684,0
1,685,0
1,686,0
1,687,0
1,688,0
1,689,0
1,690,0
1,691,0
1,692,0
1,693,0
1,694,0
1,695,0
1,696,0
1,697,0
1,698,0
1,699,0
1,700,0
1,701,0
1,702,0
1,703,0
1,704,0
1,705,0
1,706,0
1,707,0
1,708,0
1,709,0
1,710,0
1,711,0
1,712,0
1,713,0
1,714,0
1,715,0
1,716,0
1,717,0
1,718,0
1,719,0
1,720,0
1,721,0
1,722,0
1,723,0
1,724,0
1,725,0
1,726,0
1,727,0
1,728,0
1,729,0
1,730,0
1,731,0
1,732,0
1,733,0
1,734,0
1,735,0
1,736,0
1,737,0
1,738,0
1,739,0
1,740,0
1,741,0
1,742,0
1,743,0
1,744,0
1,745,0
1,746,0
1,747,0
1,748,0
1,749,0
1,750,0
1,751,0
1,752,0
1,753,0
1,754,0
1,755,0
1,756,0
1,757,0
1,758,0
1,759,0
1,760,0
1,761,0
1,762,0
1,763,0
1,764,0
1,765,0
1,766,0
1,767,0
1,768,0
1,769,0
1,770,0
1,771,0
1,772,0
1,773,0
1,774,0
1,775,0
1,776,0
1,777,0
1,778,0
1,779,0
1,780,0
1,781,0
1,782,0
1,783,0
1,784,0
1,785,0
1,786,0
1,787,0
1,788,0
1,789,0
1,790,0
1,791,0
1,792,0
1,793,0
1,794,0
1,795,0
1,796,0
1,797,0
1,798,0
1,799,0
1,800,0
1,801,0
1,802,0
1,803,0
1,804,0
1,805,0
1,806,0
1,807,0
1,808,0
1,809,0
1,810,0
1,811,0
1,812,0
1,813,0
1,814,0
1,815,0
1,816,0
1,817,0
1,818,0
1,819,0
1,820,0
1,821,0
1,822,0
1,823,0
1,824,0
1,825,0
1,826,0
1,827,0
1,828,0
1,829,0
1,830,0
1,831,0
1,832,0
1,833,0
1,834,0
1,835,0
1,836,0
1,837,0
1,838,0
1,839,0
1,840,0
1,841,0
1,842,0
1,843,0
1,844,0
1,845,0
1,846,0
1,847,0
1,848,0
1,849,0
1,850,0
1,851,0
1,852,0
1,853,0
1,854,0
1,855,0
1,856,0
1,857,0
1,858,0
1,859,0
1,860,0
1,861,0
1,862,0
1,863,0
1,864,0
1,865,0
1,866,0
1,867,0
1,868,0
1,869,0
1,870,0
1,871,0
1,872,0
1,873,0
1,874,0
1,875,0
1,876,0
1,877,0
1,878,0
1,879,0
1,880,0
1,881,0
1,882,0
1,883,0
1,884,0
1,885,0
1,886,0
1,887,0
1,888,0
1,889,0
1,890,0
1,891,0
1,892,0
1,893,0
1,894,0
1,895,0
1,896,0
1,897,0
1,898,0
1,899,0
1,900,0
1,901,0
1,902,0
1,903,0
1,904,0
1,905,0
1,906,0
1,907,0
1,908,0
1,909,0
1,910,0
1,911,0
1,912,0
1,913,0
1,914,0
1,915,0
1,916,0
1,917,0
1,918,0
1,919,0
1,920,0
1,921,0
1,922,0
1,923,0
1,924,0
1,925,0
1,926,0
1,927,0
1,928,0
1,929,0
1,930,0
1,931,0
1,932,0
1,933,0
1,934,0
1,935,0
1,936,0
1,937,0
1,938,0
1,939,0
1,940,0
1,941,0
1,942,0
1,943,0
1,944,0
1,945,0
1,946,0
1,947,0
1,948,0
1,949,0
1,950,0
1,951,0
1,952,0
1,953,0
1,954,0
1,955,0
1,956,0
1,957,0
1,958,0
1,959,0
1,960,0
1,961,0
1,962,0
1,963,0
1,964,0
1,965,0
1,966,0
1,967,0
1,968,0
1,969,0
1,970,0
1,971,0
1,972,0
1,973,0
1,974,0
1,975,0
1,976,0
1,977,0
1,978,0
1,979,0
1,980,0
1,981,0
1,982,0
1,983,0
1,984,0
1,985,0
1,986,0
1,987,0
1,988,0
1,989,0
1,990,0
1,991,0
1,992,0
1,993,0
1,994,0
1,995,0
1,996,0
1,997,0
1,998,0
1,999,0
1,1000,0
1,1001,0
1,1002,0
1,1003,0
1,1004,0
1,1005,0
1,1006,0
1,1007,0
1,1008,0
1,1009,0
1,1010,0
1,1011,0
1,1012,0
1,1013,0
1,1014,0
1,1015,0
1,1016,0
1,1017,0
1,1018,0
1,1019,0
1,1020,0
1,1021,0
1,1022,0
1,1023,0
2,0,-47
2,1,-34
2,2,-54
2,3,-76
2,4,-100
2,5,-126
2,6,-154
2,7,-137
2,8,-182
2,9,-196
2,10,-210
2,11,-224
2,12,-238
2,13,-252
2,14,-266
2,15,-280
2,16,-246
2,17,-163
2,18,-80
2,19,3
2,20,86
2,21,169
2,22,252
2,23,287
2,24,273
2,25,259
2,26,245
2,27,231
2,28,217
2,29,203
2,30,189
2,31,175
2,32,81
2,33,36
2,34,-9
2,35,-54
2,36,-99
2,37,-144
2,38,-189
2,39,-154
2,40,-168
2,41,-182
2,42,-196
2,43,-210
2,44,-224
2,45,-238
2,46,-252
2,47,-266
2,48,-232
2,49,-149
2,50,-66
2,51,17
2,52,100
2,53,183
2,54,266
2,55,301
2,56,287
2,57,273
2,58,259
2,59,245
2,60,231
2,61,217
2,62,203
2,63,189
2,64,64
2,65,1
2,66,-44
2,67,-89
2,68,-134
2,69,-179
2,70,-224
2,71,-158
2,72,-154
2,73,-168
2,74,-182
2,75,-196
2,76,-210
2,77,-224
2,78,-238
2,79,-252
2,80,-218
2,81,-184
2,82,-101
2,83,-18
2,84,65
2,85,148
2,86,231
2,87,266
2,88,301
2,89,287
2,90,273
2,91,259
2,92,245
2,93,231
2,94,217
2,95,203
2,96,109
2,97,15
2,98,-30
2,99,-75
2,100,-120
2,101,-165
2,102,-210
2,103,-175
2,104,-140
2,105,-154
2,106,-168
2,107,-182
2,108,-196
2,109,-210
2,110,-224
2,111,-238
2,112,-204
2,113,-170
2,114,-136
2,115,-53
2,116,30
2,117,113
2,118,196
2,119,231
2,120,266
2,121,301
2,122,287
2,123,273
2,124,259
2,125,245
2,126,231
2,127,217
2,128,92
2,129,29
2,130,-65
2,131,-110
2,132,-155
2,133,-200
2,134,-245
2,135,-179
2,136,-175
2,137,-140
2,138,-154
2,139,-168
2,140,-182
2,141,-196
2,142,-210
2,143,-224
2,144,-190
2,145,-156
2,146,-122
2,147,-39
2,148,44
2,149,127
2,150,210
2,151,245
2,152,280
2,153,315
2,154,301
2,155,287
2,156,273
2,157,259
2,158,245
2,159,231
2,160,137
2,161,43
2,162,-51
2,163,-145
2,164,-190
2,165,-235
2,166,-280
2,167,-245
2,168,-210
2,169,-175
2,170,-140
2,171,-154
2,172,-168
2,173,-182
2,174,-196
2,175,-210
2,176,-176
2,177,-142
2,178,-108
2,179,-74
2,180,9
2,181,92
2,182,175
2,183,210
2,184,245
2,185,280
2,186,315
2,187,301
2,188,287
2,189,273
2,190,259
2,191,245
2,192,120
2,193,57
2,194,-37
2,195,-131
2,196,-176
2,197,-221
2,198,-266
2,199,-200
2,200,-196
2,201,-161
2,202,-126
2,203,-140
2,204,-154
2,205,-168
2,206,-182
2,207,-196
2,208,-162
2,209,-128
2,210,-94
2,211,-60
2,212,-26
2,213,57
2,214,140
2,215,175
2,216,210
2,217,245
2,218,280
2,219,315
2,220,301
2,221,287
2,222,273
2,223,259
2,224,165
2,225,71
2,226,-23
2,227,-117
2,228,-211
2,229,-256
2,230,-301
2,231,-266
2,232,-231
2,233,-196
2,234,-161
2,235,-126
2,236,-140
2,237,-154
2,238,-168
2,239,-182
2,240,-148
2,241,-114
2,242,-80
2,243,-46
2,244,-12
2,245,71
2,246,154
2,247,189
2,248,224
2,249,259
2,250,294
2,251,329
2,252,315
2,253,301
2,254,287
2,255,273
2,256,148
2,257,85
2,258,-9
2,259,-103
2,260,-197
2,261,-291
2,262,-336
2,263,-270
2,264,-266
2,265,-231
2,266,-196
2,267,-161
2,268,-126
2,269,-140
2,270,-154
2,271,-168
2,272,-134
2,273,-100
2,274,-66
2,275,-32
2,276,2
2,277,36
2,278,119
2,279,154
2,280,189
2,281,224
2,282,259
2,283,294
2,284,329
2,285,315
2,286,301
2,287,287
2,288,193
2,289,99
2,290,5
2,291,-89
2,292,-183
2,293,-277
2,294,-322
2,295,-287
2,296,-252
2,297,-217
2,298,-182
2,299,-147
2,300,-112
2,301,-126
2,302,-140
2,303,-154
2,304,-120
2,305,-86
2,306,-52
2,307,-18
2,308,16
2,309,50
2,310,84
2,311,119
2,312,154
2,313,189
2,314,224
2,315,259
2,316,294
2,317,329
2,318,315
2,319,301
2,320,176
2,321,113
2,322,19
2,323,-75
2,324,-169
2,325,-263
2,326,-357
2,327,-291
2,328,-287
2,329,-252
2,330,-217
2,331,-182
2,332,-147
2,333,-112
2,334,-126
2,335,-140
2,336,-106
2,337,-72
2,338,-38
2,339,-4
2,340,30
2,341,64
2,342,98
2,343,133
2,344,168
2,345,203
2,346,238
2,347,273
2,348,308
2,349,343
2,350,329
2,351,315
2,352,221
2,353,127
2,354,33
2,355,-61
2,356,-155
2,357,-249
2,358,-343
2,359,-357
2,360,-322
2,361,-287
2,362,-252
2,363,-217
2,364,-182
2,365,-147
2,366,-112
2,367,-126
2,368,-92
2,369,-58
2,370,-24
2,371,10
2,372,44
2,373,78
2,374,112
2,375,98
2,376,133
2,377,168
2,378,203
2,379,238
2,380,273
2,381,308
2,382,343
2,383,329
2,384,204
2,385,141
2,386,47
2,387,-47
2,388,-141
2,389,-235
2,390,-329
2,391,-312
2,392,-308
2,393,-273
2,394,-238
2,395,-203
2,396,-168
2,397,-133
2,398,-98
2,399,-112
2,400,-78
2,401,-44
2,402,-10
2,403,24
2,404,58
2,405,92
2,406,126
2,407,112
2,408,98
2,409,133
2,410,168
2,411,203
2,412,238
2,413,273
2,414,308
2,415,343
2,416,249
2,417,155
2,418,61
2,419,-33
2,420,-127
2,421,-221
2,422,-315
2,423,-329
2,424,-343
2,425,-308
2,426,-273
2,427,-238
2,428,-203
2,429,-168
2,430,-133
2,431,-98
2,432,-64
2,433,-30
2,434,4
2,435,38
2,436,72
2,437,106
2,438,140
2,439,126
2,440,112
2,441,147
2,442,182
2,443,217
2,444,252
2,445,287
2,446,322
2,447,357
2,448,232
2,449,169
2,450,75
2,451,-19
2,452,-113
2,453,-207
2,454,-301
2,455,-284
2,456,-329
2,457,-343
2,458,-308
2,459,-273
2,460,-238
2,461,-203
2,462,-168
2,463,-133
2,464,-50
2,465,-16
2,466,18
2,467,52
2,468,86
2,469,120
2,470,154
2,471,140
2,472,126
2,473,112
2,474,147
2,475,182
2,476,217
2,477,252
2,478,287
2,479,322
2,480,277
2,481,183
2,482,89
2,483,-5
2,484,-99
2,485,-193
2,486,-287
2,487,-301
2,488,-315
2,489,-329
2,490,-294
2,491,-259
2,492,-224
2,493,-189
2,494,-154
2,495,-119
2,496,-36
2,497,-2
2,498,32
2,499,66
2,500,100
2,501,134
2,502,168
2,503,154
2,504,140
2,505,126
2,506,112
2,507,147
2,508,182
2,509,217
2,510,252
2,511,287
2,512,275
2,513,265
2,514,208
2,515,153
2,516,100
2,517,49
2,518,0
2,519,0
2,520,0
2,521,0
2,522,0
2,523,0
2,524,0
2,525,0
2,526,0
2,527,0
2,528,0
2,529,0
2,530,0
2,531,0
2,532,0
2,533,0
2,534,0
2,535,0
2,536,0
2,537,0
2,538,0
2,539,0
2,540,0
2,541,0
2,542,0
2,543,0
2,544,0
2,545,0
2,546,0
2,547,0
2,548,0
2,549,0
2,550,0
2,551,0
2,552,0
2,553,0
2,554,0
2,555,0
2,556,0
2,557,0
2,558,0
2,559,0
2,560,0
2,561,0
2,562,0
2,563,0
2,564,0
2,565,0
2,566,0
2,567,0
2,568,0
2,569,0
2,570,0
2,571,0
2,572,0
2,573,0
2,574,0
2,575,0
2,576,0
2,577,0
2,578,0
2,579,0
2,580,0
2,581,0
2,582,0
2,583,0
2,584,0
2,585,0
2,586,0
2,587,0
2,588,0
2,589,0
2,590,0
2,591,0
2,592,0
2,593,0
2,594,0
2,595,0
2,596,0
2,597,0
2,598,0
2,599,0
2,600,0
2,601,0
2,602,0
2,603,0
2,604,0
2,605,0
2,606,0
2,607,0
2,608,0
2,609,0
2,610,0
2,611,0
2,612,0
2,613,0
2,614,0
2,615,0
2,616,0
2,617,0
2,618,0
2,619,0
2,620,0
2,621,0
2,622,0
2,623,0
2,624,0
2,625,0
2,626,0
2,627,0
2,628,0
2,629,0
2,630,0
2,631,0
2,632,0
2,633,0
2,634,0
2,635,0
2,636,0
2,637,0
2,638,0
2,639,0
2,640,0
2,641,0
2,642,0
2,643,0
2,644,0
2,645,0
2,646,0
2,647,0
2,648,0
2,649,0
2,650,0
2,651,0
2,652,0
2,653,0
2,654,0
2,655,0
2,656,0
2,657,0
2,658,0
2,659,0
2,660,0
2,661,0
2,662,0
2,663,0
2,664,0
2,665,0
2,666,0
2,667,0
2,668,0
2,669,0
2,670,0
2,671,0
2,672,0
2,673,0
2,674,0
2,675,0
2,676,0
2,677,0
2,678,0
2,679,0
2,680,0
2,681,0
2,682,0
2,683,0
2,684,0
2,685,0
2,686,0
2,687,0
2,688,0
2,689,0
2,690,0
2,691,0
2,692,0
2,693,0
2,694,0
2,695,0
2,696,0
2,697,0
2,698,0
2,699,0
2,700,0
2,701,0
2,702,0
2,703,0
2,704,0
2,705,0
2,706,0
2,707,0
2,708,0
2,709,0
2,710,0
2,711,0
2,712,0
2,713,0
2,714,0
2,715,0
2,716,0
2,717,0
2,718,0
2,719,0
2,720,0
2,721,0
2,722,0
2,723,0
2,724,0
2,725,0
2,726,0
2,727,0
2,728,0
2,729,0
2,730,0
2,731,0
2,732,0
2,733,0
2,734,0
2,735,0
2,736,0
2,737,0
2,738,0
2,739,0
2,740,0
2,741,0
2,742,0
2,743,0
2,744,0
2,745,0
2,746,0
2,747,0
2,748,0
2,749,0
2,750,0
2,751,0
2,752,0
2,753,0
2,754,0
2,755,0
2,756,0
2,757,0
2,758,0
2,759,0
2,760,0
2,761,0
2,762,0
2,763,0
2,764,0
2,765,0
2,766,0
2,767,0
2,768,0
2,769,0
2,770,0
2,771,0
2,772,0
2,773,0
2,774,0
2,775,0
2,776,0
2,777,0
2,778,0
2,779,0
2,780,0
2,781,0
2,782,0
2,783,0
2,784,0
2,785,0
2,786,0
2,787,0
2,788,0
2,789,0
2,790,0
2,791,0
2,792,0
2,793,0
2,794,0
2,795,0
2,796,0
2,797,0
2,798,0
2,799,0
2,800,0
2,801,0
2,802,0
2,803,0
2,804,0
2,805,0
2,806,0
2,807,0
2,808,0
2,809,0
2,810,0
2,811,0
2,812,0
2,813,0
2,814,0
2,815,0
2,816,0
2,817,0
2,818,0
2,819,0
2,820,0
2,821,0
2,822,0
2,823,0
2,824,0
2,825,0
2,826,0
2,827,0
2,828,0
2,829,0
2,830,0
2,831,0
2,832,0
2,833,0
2,834,0
2,835,0
2,836,0
2,837,0
2,838,0
2,839,0
2,840,0
2,841,0
2,842,0
2,843,0
2,844,0
2,845,0
2,846,0
2,847,0
2,848,0
2,849,0
2,850,0
2,851,0
2,852,0
2,853,0
2,854,0
2,855,0
2,856,0
2,857,0
2,858,0
2,859,0
2,860,0
2,861,0
2,862,0
2,863,0
2,864,0
2,865,0
2,866,0
2,867,0
2,868,0
2,869,0
2,870,0
2,871,0
2,872,0
2,873,0
2,874,0
2,875,0
2,876,0
2,877,0
2,878,0
2,879,0
2,880,0
2,881,0
2,882,0
2,883,0
2,884,0
2,885,0
2,886,0
2,887,0
2,888,0
2,889,0
2,890,0
2,891,0
2,892,0
2,893,0
2,894,0
2,895,0
2,896,0
2,897,0
2,898,0
2,899,0
2,900,0
2,901,0
2,902,0
2,903,0
2,904,0
2,905,0
2,906,0
2,907,0
2,908,0
2,909,0
2,910,0
2,911,0
2,912,0
2,913,0
2,914,0
2,915,0
2,916,0
2,917,0
2,918,0
2,919,0
2,920,0
2,921,0
2,922,0
2,923,0
2,924,0
2,925,0
2,926,0
2,927,0
2,928,0
2,929,0
2,930,0
2,931,0
2,932,0
2,933,0
2,934,0
2,935,0
2,936,0
2,937,0
2,938,0
2,939,0
2,940,0
2,941,0
2,942,0
2,943,0
2,944,0
2,945,0
2,946,0
2,947,0
2,948,0
2,949,0
2,950,0
2,951,0
2,952,0
2,953,0
2,954,0
2,955,0
2,956,0
2,957,0
2,958,0
2,959,0
2,960,0
2,961,0
2,962,0
2,963,0
2,964,0
2,965,0
2,966,0
2,967,0
2,968,0
2,969,0
2,970,0
2,971,0
2,972,0
2,973,0
2,974,0
2,975,0
2,976,0
2,977,0
2,978,0
2,979,0
2,980,0
2,981,0
2,982,0
2,983,0
2,984,0
2,985,0
2,986,0
2,987,0
2,988,0
2,989,0
2,990,0
2,991,0
2,992,0
2,993,0
2,994,0
2,995,0
2,996,0
2,997,0
2,998,0
2,999,0
2,1000,0
2,1001,0
2,1002,0
2,1003,0
2,1004,0
2,1005,0
2,1006,0
2,1007,0
2,1008,0
2,1009,0
2,1010,0
2,1011,0
2,1012,0
2,1013,0
2,1014,0
2,1015,0
2,1016,0
2,1017,0
2,1018,0
2,1019,0
2,1020,0
2,1021,0
2,1022,0
2,1023,0
3,0,-47
3,1,66
3,2,-74
3,3,70
3,4,-70
3,5,74
3,6,-66
3,7,78
3,8,-15
3,9,16
3,10,16
3,11,16
3,12,16
3,13,16
3,14,16
3,15,16
3,16,-32
3,17,-33
3,18,-32
3,19,-33
3,20,-32
3,21,-33
3,22,-32
3,23,-33
3,24,16
3,25,16
3,26,16
3,27,16
3,28,16
3,29,16
3,30,16
3,31,16
3,32,32
3,33,-33
3,34,32
3,35,-33
3,36,32
3,37,-33
3,38,32
3,39,-33
3,40,16
3,41,16
3,42,16
3,43,16
3,44,16
3,45,16
3,46,16
3,47,16
3,48,-32
3,49,-33
3,50,-32
3,51,-33
3,52,-32
3,53,-33
3,54,-32
3,55,-33
3,56,16
3,57,16
3,58,16
3,59,16
3,60,16
3,61,16
3,62,16
3,63,16
3,64,1
3,65,78
3,66,-79
3,67,78
3,68,-79
3,69,78
3,70,-79
3,71,78
3,72,-64
3,73,16
3,74,16
3,75,16
3,76,16
3,77,16
3,78,16
3,79,16
3,80,-32
3,81,16
3,82,-81
3,83,16
3,84,-81
3,85,16
3,86,-81
3,87,16
3,88,-33
3,89,16
3,90,16
3,91,16
3,92,16
3,93,16
3,94,16
3,95,16
3,96,32
3,97,16
3,98,-17
3,99,16
3,100,-17
3,101,16
3,102,-17
3,103,16
3,104,-33
3,105,16
3,106,16
3,107,16
3,108,16
3,109,16
3,110,16
3,111,16
3,112,-32
3,113,16
3,114,-32
3,115,-33
3,116,-32
3,117,-33
3,118,-32
3,119,-33
3,120,16
3,121,-33
3,122,16
3,123,16
3,124,16
3,125,16
3,126,16
3,127,16
3,128,1
3,129,78
3,130,-30
3,131,29
3,132,-30
3,133,29
3,134,-30
3,135,29
3,136,-15
3,137,-33
3,138,16
3,139,16
3,140,16
3,141,16
3,142,16
3,143,16
3,144,-32
3,145,16
3,146,-32
3,147,-33
3,148,-32
3,149,-33
3,150,-32
3,151,-33
3,152,16
3,153,-33
3,154,16
3,155,16
3,156,16
3,157,16
3,158,16
3,159,16
3,160,32
3,161,16
3,162,32
3,163,16
3,164,-17
3,165,16
3,166,-17
3,167,16
3,168,-33
3,169,16
3,170,-33
3,171,16
3,172,16
3,173,16
3,174,16
3,175,16
3,176,-32
3,177,16
3,178,-32
3,179,16
3,180,-81
3,181,16
3,182,-81
3,183,16
3,184,-33
3,185,16
3,186,-33
3,187,16
3,188,16
3,189,16
3,190,16
3,191,16
3,192,1
3,193,78
3,194,-30
3,195,78
3,196,-79
3,197,78
3,198,-79
3,199,78
3,200,-64
3,201,16
3,202,-33
3,203,16
3,204,16
3,205,16
3,206,16
3,207,16
3,208,-32
3,209,16
3,210,-32
3,211,16
3,212,-32
3,213,-33
3,214,-32
3,215,-33
3,216,16
3,217,-33
3,218,16
3,219,-33
3,220,16
3,221,16
3,222,16
3,223,16
3,224,32
3,225,16
3,226,32
3,227,16
3,228,32
3,229,-33
3,230,32
3,231,-33
3,232,16
3,233,-33
3,234,16
3,235,-33
3,236,16
3,237,16
3,238,16
3,239,16
3,240,-32
3,241,16
3,242,-32
3,243,16
3,244,-32
3,245,-33
3,246,-32
3,247,-33
3,248,16
3,249,-33
3,250,16
3,251,-33
3,252,16
3,253,16
3,254,16
3,255,16
3,256,1
3,257,78
3,258,-30
3,259,78
3,260,-30
3,261,78
3,262,-79
3,263,78
3,264,-64
3,265,16
3,266,-33
3,267,16
3,268,-33
3,269,16
3,270,16
3,271,16
3,272,-32
3,273,16
3,274,-32
3,275,16
3,276,-32
3,277,16
3,278,-81
3,279,16
3,280,-33
3,281,16
3,282,-33
3,283,16
3,284,-33
3,285,16
3,286,16
3,287,16
3,288,32
3,289,16
3,290,32
3,291,16
3,292,32
3,293,16
3,294,-17
3,295,16
3,296,-33
3,297,16
3,298,-33
3,299,16
3,300,-33
3,301,16
3,302,16
3,303,16
3,304,-32
3,305,16
3,306,-32
3,307,16
3,308,-32
3,309,16
3,310,-32
3,311,-33
3,312,16
3,313,-33
3,314,16
3,315,-33
3,316,16
3,317,-33
3,318,16
3,319,16
3,320,1
3,321,78
3,322,-30
3,323,78
3,324,-30
3,325,78
3,326,-30
3,327,29
3,328,-15
3,329,-33
3,330,16
3,331,-33
3,332,16
3,333,-33
3,334,16
3,335,16
3,336,-32
3,337,16
3,338,-32
3,339,16
3,340,-32
3,341,16
3,342,-32
3,343,-33
3,344,16
3,345,-33
3,346,16
3,347,-33
3,348,16
3,349,-33
3,350,16
3,351,16
3,352,32
3,353,16
3,354,32
3,355,16
3,356,32
3,357,16
3,358,32
3,359,16
3,360,-33
3,361,16
3,362,-33
3,363,16
3,364,-33
3,365,16
3,366,-33
3,367,16
3,368,-32
3,369,16
3,370,-32
3,371,16
3,372,-32
3,373,16
3,374,-32
3,375,16
3,376,-33
3,377,16
3,378,-33
3,379,16
3,380,-33
3,381,16
3,382,-33
3,383,16
3,384,1
3,385,78
3,386,-30
3,387,78
3,388,-30
3,389,78
3,390,-30
3,391,78
3,392,-64
3,393,16
3,394,-33
3,395,16
3,396,-33
3,397,16
3,398,-33
3,399,16
3,400,-32
3,401,16
3,402,-32
3,403,16
3,404,-32
3,405,16
3,406,-32
3,407,16
3,408,16
3,409,-33
3,410,16
3,411,-33
3,412,16
3,413,-33
3,414,16
3,415,-33
3,416,32
3,417,16
3,418,32
3,419,16
3,420,32
3,421,16
3,422,32
3,423,16
3,424,16
3,425,-33
3,426,16
3,427,-33
3,428,16
3,429,-33
3,430,16
3,431,-33
3,432,-32
3,433,16
3,434,-32
3,435,16
3,436,-32
3,437,16
3,438,-32
3,439,16
3,440,16
3,441,-33
3,442,16
3,443,-33
3,444,16
3,445,-33
3,446,16
3,447,-33
3,448,1
3,449,78
3,450,-30
3,451,78
3,452,-30
3,453,78
3,454,-30
3,455,78
3,456,-15
3,457,16
3,458,-33
3,459,16
3,460,-33
3,461,16
3,462,-33
3,463,16
3,464,-81
3,465,16
3,466,-32
3,467,16
3,468,-32
3,469,16
3,470,-32
3,471,16
3,472,16
3,473,16
3,474,-33
3,475,16
3,476,-33
3,477,16
3,478,-33
3,479,16
3,480,-17
3,481,16
3,482,32
3,483,16
3,484,32
3,485,16
3,486,32
3,487,16
3,488,16
3,489,16
3,490,-33
3,491,16
3,492,-33
3,493,16
3,494,-33
3,495,16
3,496,-81
3,497,16
3,498,-32
3,499,16
3,500,-32
3,501,16
3,502,-32
3,503,16
3,504,16
3,505,16
3,506,16
3,507,-33
3,508,16
3,509,-33
3,510,16
3,511,-33
3,512,31
3,513,-37
3,514,27
3,515,8
3,516,23
3,517,4
3,518,19
3,519,0
3,520,0
3,521,0
3,522,0
3,523,0
3,524,0
3,525,0
3,526,0
3,527,0
3,528,0
3,529,0
3,530,0
3,531,0
3,532,0
3,533,0
3,534,0
3,535,0
3,536,0
3,537,0
3,538,0
3,539,0
3,540,0
3,541,0
3,542,0
3,543,0
3,544,0
3,545,0
3,546,0
3,547,0
3,548,0
3,549,0
3,550,0
3,551,0
3,552,0
3,553,0
3,554,0
3,555,0
3,556,0
3,557,0
3,558,0
3,559,0
3,560,0
3,561,0
3,562,0
3,563,0
3,564,0
3,565,0
3,566,0
3,567,0
3,568,0
3,569,0
3,570,0
3,571,0
3,572,0
3,573,0
3,574,0
3,575,0
3,576,0
3,577,0
3,578,0
3,579,0
3,580,0
3,581,0
3,582,0
3,583,0
3,584,0
3,585,0
3,586,0
3,587,0
3,588,0
3,589,0
3,590,0
3,591,0
3,592,0
3,593,0
3,594,0
3,595,0
3,596,0
3,597,0
3,598,0
3,599,0
3,600,0
3,601,0
3,602,0
3,603,0
3,604,0
3,605,0
3,606,0
3,607,0
3,608,0
3,609,0
3,610,0
3,611,0
3,612,0
3,613,0
3,614,0
3,615,0
3,616,0
3,617,0
3,618,0
3,619,0
3,620,0
3,621,0
3,622,0
3,623,0
3,624,0
3,625,0
3,626,0
3,627,0
3,628,0
3,629,0
3,630,0
3,631,0
3,632,0
3,633,0
3,634,0
3,635,0
3,636,0
3,637,0
3,638,0
3,639,0
3,640,0
3,641,0
3,642,0
3,643,0
3,644,0
3,645,0
3,646,0
3,647,0
3,648,0
3,649,0
3,650,0
3,651,0
3,652,0
3,653,0
3,654,0
3,655,0
3,656,0
3,657,0
3,658,0
3,659,0
3,660,0
3,661,0
3,662,0
3,663,0
3,664,0
3,665,0
3,666,0
3,667,0
3,668,0
3,669,0
3,670,0
3,671,0
3,672,0
3,673,0
3,674,0
3,675,0
3,676,0
3,677,0
3,678,0
3,679,0
3,680,0
3,681,0
3,682,0
3,683,0
3,684,0
3,685,0
3,686,0
3,687,0
3,688,0
3,689,0
3,690,0
3,691,0
3,692,0
3,693,0
3,694,0
3,695,0
3,696,0
3,697,0
3,698,0
3,699,0
3,700,0
3,701,0
3,702,0
3,703,0
3,704,0
3,705,0
3,706,0
3,707,0
3,708,0
3,709,0
3,710,0
3,711,0
3,712,0
3,713,0
3,714,0
3,715,0
3,716,0
3,717,0
3,718,0
3,719,0
3,720,0
3,721,0
3,722,0
3,723,0
3,724,0
3,725,0
3,726,0
3,727,0
3,728,0
3,729,0
3,730,0
3,731,0
3,732,0
3,733,0
3,734,0
3,735,0
3,736,0
3,737,0
3,738,0
3,739,0
3,740,0
3,741,0
3,742,0
3,743,0
3,744,0
3,745,0
3,746,0
3,747,0
3,748,0
3,749,0
3,750,0
3,751,0
3,752,0
3,753,0
3,754,0
3,755,0
3,756,0
3,757,0
3,758,0
3,759,0
3,760,0
3,761,0
3,762,0
3,763,0
3,764,0
3,765,0
3,766,0
3,767,0
3,768,0
3,769,0
3,770,0
3,771,0
3,772,0
3,773,0
3,774,0
3,775,0
3,776,0
3,777,0
3,778,0
3,779,0
3,780,0
3,781,0
3,782,0
3,783,0
3,784,0
3,785,0
3,786,0
3,787,0
3,788,0
3,789,0
3,790,0
3,791,0
3,792,0
3,793,0
3,794,0
3,795,0
3,796,0
3,797,0
3,798,0
3,799,0
3,800,0
3,801,0
3,802,0
3,803,0
3,804,0
3,805,0
3,806,0
3,807,0
3,808,0
3,809,0
3,810,0
3,811,0
3,812,0
3,813,0
3,814,0
3,815,0
3,816,0
3,817,0
3,818,0
3,819,0
3,820,0
3,821,0
3,822,0
3,823,0
3,824,0
3,825,0
3,826,0
3,827,0
3,828,0
3,829,0
3,830,0
3,831,0
3,832,0
3,833,0
3,834,0
3,835,0
3,836,0
3,837,0
3,838,0
3,839,0
3,840,0
3,841,0
3,842,0
3,843,0
3,844,0
3,845,0
3,846,0
3,847,0
3,848,0
3,849,0
3,850,0
3,851,0
3,852,0
3,853,0
3,854,0
3,855,0
3,856,0
3,857,0
3,858,0
3,859,0
3,860,0
3,861,0
3,862,0
3,863,0
3,864,0
3,865,0
3,866,0
3,867,0
3,868,0
3,869,0
3,870,0
3,871,0
3,872,0
3,873,0
3,874,0
3,875,0
3,876,0
3,877,0
3,878,0
3,879,0
3,880,0
3,881,0
3,882,0
3,883,0
3,884,0
3,885,0
3,886,0
3,887,0
3,888,0
3,889,0
3,890,0
3,891,0
3,892,0
3,893,0
3,894,0
3,895,0
3,896,0
3,897,0
3,898,0
3,899,0
3,900,0
3,901,0
3,902,0
3,903,0
3,904,0
3,905,0
3,906,0
3,907,0
3,908,0
3,909,0
3,910,0
3,911,0
3,912,0
3,913,0
3,914,0
3,915,0
3,916,0
3,917,0
3,918,0
3,919,0
3,920,0
3,921,0
3,922,0
3,923,0
3,924,0
3,925,0
3,926,0
3,927,0
3,928,0
3,929,0
3,930,0
3,931,0
3,932,0
3,933,0
3,934,0
3,935,0
3,936,0
3,937,0
3,938,0
3,939,0
3,940,0
3,941,0
3,942,0
3,943,0
3,944,0
3,945,0
3,946,0
3,947,0
3,948,0
3,949,0
3,950,0
3,951,0
3,952,0
3,953,0
3,954,0
3,955,0
3,956,0
3,957,0
3,958,0
3,959,0
3,960,0
3,961,0
3,962,0
3,963,0
3,964,0
3,965,0
3,966,0
3,967,0
3,968,0
3,969,0
3,970,0
3,971,0
3,972,0
3,973,0
3,974,0
3,975,0
3,976,0
3,977,0
3,978,0
3,979,0
3,980,0
3,981,0
3,982,0
3,983,0
3,984,0
3,985,0
3,986,0
3,987,0
3,988,0
3,989,0
3,990,0
3,991,0
3,992,0
3,993,0
3,994,0
3,995,0
3,996,0
3,997,0
3,998,0
3,999,0
3,1000,0
3,1001,0
3,1002,0
3,1003,0
3,1004,0
3,1005,0
3,1006,0
3,1007,0
3,1008,0
3,1009,0
3,1010,0
3,1011,0
3,1012,0
3,1013,0
3,1014,0
3,1015,0
3,1016,0
3,1017,0
3,1018,0
3,1019,0
3,1020,0
3,1021,0
3,1022,0
3,1023,0
