Precision,N,Nh,Cin,Cout,Pattern,Kind,Status,VerificationDigest,WallCycles,CoreCycles,ComparedOutputs,Mismatches,SimLog,Dump,PythonLog
4,256,1,1,1,6,matrix,PASS,cbd3f13698111529c79d7d6a3262ae2421a9ad8e4b7949ff96642bee7a31e763,214,199,256,0,reports/verification/fact_matrix/simulation.log,reports/verification/fact_matrix\p4_n256\dumps\p4_n256_nh1_c1o1_pat6.csv,reports/verification/fact_matrix/crosscheck.log
4,256,1,1,2,6,matrix,PASS,cbd3f13698111529c79d7d6a3262ae2421a9ad8e4b7949ff96642bee7a31e763,450,388,512,0,reports/verification/fact_matrix/simulation.log,reports/verification/fact_matrix\p4_n256\dumps\p4_n256_nh1_c1o2_pat6.csv,reports/verification/fact_matrix/crosscheck.log
4,256,1,1,4,6,matrix,PASS,cbd3f13698111529c79d7d6a3262ae2421a9ad8e4b7949ff96642bee7a31e763,900,776,1024,0,reports/verification/fact_matrix/simulation.log,reports/verification/fact_matrix\p4_n256\dumps\p4_n256_nh1_c1o4_pat6.csv,reports/verification/fact_matrix/crosscheck.log
4,256,1,2,1,6,matrix,PASS,cbd3f13698111529c79d7d6a3262ae2421a9ad8e4b7949ff96642bee7a31e763,360,325,256,0,reports/verification/fact_matrix/simulation.log,reports/verification/fact_matrix\p4_n256\dumps\p4_n256_nh1_c2o1_pat6.csv,reports/verification/fact_matrix/crosscheck.log
4,256,1,2,2,6,matrix,PASS,cbd3f13698111529c79d7d6a3262ae2421a9ad8e4b7949ff96642bee7a31e763,742,640,512,0,reports/verification/fact_matrix/simulation.log,reports/verification/fact_matrix\p4_n256\dumps\p4_n256_nh1_c2o2_pat6.csv,reports/verification/fact_matrix/crosscheck.log
4,256,1,2,4,6,matrix,PASS,cbd3f13698111529c79d7d6a3262ae2421a9ad8e4b7949ff96642bee7a31e763,1484,1280,1024,0,reports/verification/fact_matrix/simulation.log,reports/verification/fact_matrix\p4_n256\dumps\p4_n256_nh1_c2o4_pat6.csv,reports/verification/fact_matrix/crosscheck.log
4,256,1,4,1,6,matrix,PASS,cbd3f13698111529c79d7d6a3262ae2421a9ad8e4b7949ff96642bee7a31e763,663,572,256,0,reports/verification/fact_matrix/simulation.log,reports/verification/fact_matrix\p4_n256\dumps\p4_n256_nh1_c4o1_pat6.csv,reports/verification/fact_matrix/crosscheck.log
4,256,1,4,2,6,matrix,PASS,cbd3f13698111529c79d7d6a3262ae2421a9ad8e4b7949ff96642bee7a31e763,1326,1144,512,0,reports/verification/fact_matrix/simulation.log,reports/verification/fact_matrix\p4_n256\dumps\p4_n256_nh1_c4o2_pat6.csv,reports/verification/fact_matrix/crosscheck.log
4,256,1,4,4,6,matrix,PASS,cbd3f13698111529c79d7d6a3262ae2421a9ad8e4b7949ff96642bee7a31e763,2652,2288,1024,0,reports/verification/fact_matrix/simulation.log,reports/verification/fact_matrix\p4_n256\dumps\p4_n256_nh1_c4o4_pat6.csv,reports/verification/fact_matrix/crosscheck.log
4,256,64,1,1,6,matrix,PASS,cbd3f13698111529c79d7d6a3262ae2421a9ad8e4b7949ff96642bee7a31e763,214,199,256,0,reports/verification/fact_matrix/simulation.log,reports/verification/fact_matrix\p4_n256\dumps\p4_n256_nh64_c1o1_pat6.csv,reports/verification/fact_matrix/crosscheck.log
4,256,64,1,2,6,matrix,PASS,cbd3f13698111529c79d7d6a3262ae2421a9ad8e4b7949ff96642bee7a31e763,450,388,512,0,reports/verification/fact_matrix/simulation.log,reports/verification/fact_matrix\p4_n256\dumps\p4_n256_nh64_c1o2_pat6.csv,reports/verification/fact_matrix/crosscheck.log
4,256,64,1,4,6,matrix,PASS,cbd3f13698111529c79d7d6a3262ae2421a9ad8e4b7949ff96642bee7a31e763,900,776,1024,0,reports/verification/fact_matrix/simulation.log,reports/verification/fact_matrix\p4_n256\dumps\p4_n256_nh64_c1o4_pat6.csv,reports/verification/fact_matrix/crosscheck.log
4,256,64,2,1,6,matrix,PASS,cbd3f13698111529c79d7d6a3262ae2421a9ad8e4b7949ff96642bee7a31e763,360,325,256,0,reports/verification/fact_matrix/simulation.log,reports/verification/fact_matrix\p4_n256\dumps\p4_n256_nh64_c2o1_pat6.csv,reports/verification/fact_matrix/crosscheck.log
4,256,64,2,2,6,matrix,PASS,cbd3f13698111529c79d7d6a3262ae2421a9ad8e4b7949ff96642bee7a31e763,742,640,512,0,reports/verification/fact_matrix/simulation.log,reports/verification/fact_matrix\p4_n256\dumps\p4_n256_nh64_c2o2_pat6.csv,reports/verification/fact_matrix/crosscheck.log
4,256,64,2,4,6,matrix,PASS,cbd3f13698111529c79d7d6a3262ae2421a9ad8e4b7949ff96642bee7a31e763,1484,1280,1024,0,reports/verification/fact_matrix/simulation.log,reports/verification/fact_matrix\p4_n256\dumps\p4_n256_nh64_c2o4_pat6.csv,reports/verification/fact_matrix/crosscheck.log
4,256,64,4,1,6,matrix,PASS,cbd3f13698111529c79d7d6a3262ae2421a9ad8e4b7949ff96642bee7a31e763,663,572,256,0,reports/verification/fact_matrix/simulation.log,reports/verification/fact_matrix\p4_n256\dumps\p4_n256_nh64_c4o1_pat6.csv,reports/verification/fact_matrix/crosscheck.log
4,256,64,4,2,6,matrix,PASS,cbd3f13698111529c79d7d6a3262ae2421a9ad8e4b7949ff96642bee7a31e763,1326,1144,512,0,reports/verification/fact_matrix/simulation.log,reports/verification/fact_matrix\p4_n256\dumps\p4_n256_nh64_c4o2_pat6.csv,reports/verification/fact_matrix/crosscheck.log
4,256,64,4,4,6,matrix,PASS,cbd3f13698111529c79d7d6a3262ae2421a9ad8e4b7949ff96642bee7a31e763,2652,2288,1024,0,reports/verification/fact_matrix/simulation.log,reports/verification/fact_matrix\p4_n256\dumps\p4_n256_nh64_c4o4_pat6.csv,reports/verification/fact_matrix/crosscheck.log
4,256,127,1,1,6,matrix,PASS,cbd3f13698111529c79d7d6a3262ae2421a9ad8e4b7949ff96642bee7a31e763,214,199,256,0,reports/verification/fact_matrix/simulation.log,reports/verification/fact_matrix\p4_n256\dumps\p4_n256_nh127_c1o1_pat6.csv,reports/verification/fact_matrix/crosscheck.log
4,256,127,1,2,6,matrix,PASS,cbd3f13698111529c79d7d6a3262ae2421a9ad8e4b7949ff96642bee7a31e763,450,388,512,0,reports/verification/fact_matrix/simulation.log,reports/verification/fact_matrix\p4_n256\dumps\p4_n256_nh127_c1o2_pat6.csv,reports/verification/fact_matrix/crosscheck.log
4,256,127,1,4,6,matrix,PASS,cbd3f13698111529c79d7d6a3262ae2421a9ad8e4b7949ff96642bee7a31e763,900,776,1024,0,reports/verification/fact_matrix/simulation.log,reports/verification/fact_matrix\p4_n256\dumps\p4_n256_nh127_c1o4_pat6.csv,reports/verification/fact_matrix/crosscheck.log
4,256,127,2,1,6,matrix,PASS,cbd3f13698111529c79d7d6a3262ae2421a9ad8e4b7949ff96642bee7a31e763,360,325,256,0,reports/verification/fact_matrix/simulation.log,reports/verification/fact_matrix\p4_n256\dumps\p4_n256_nh127_c2o1_pat6.csv,reports/verification/fact_matrix/crosscheck.log
4,256,127,2,2,6,matrix,PASS,cbd3f13698111529c79d7d6a3262ae2421a9ad8e4b7949ff96642bee7a31e763,742,640,512,0,reports/verification/fact_matrix/simulation.log,reports/verification/fact_matrix\p4_n256\dumps\p4_n256_nh127_c2o2_pat6.csv,reports/verification/fact_matrix/crosscheck.log
4,256,127,2,4,6,matrix,PASS,cbd3f13698111529c79d7d6a3262ae2421a9ad8e4b7949ff96642bee7a31e763,1484,1280,1024,0,reports/verification/fact_matrix/simulation.log,reports/verification/fact_matrix\p4_n256\dumps\p4_n256_nh127_c2o4_pat6.csv,reports/verification/fact_matrix/crosscheck.log
4,256,127,4,1,6,matrix,PASS,cbd3f13698111529c79d7d6a3262ae2421a9ad8e4b7949ff96642bee7a31e763,663,572,256,0,reports/verification/fact_matrix/simulation.log,reports/verification/fact_matrix\p4_n256\dumps\p4_n256_nh127_c4o1_pat6.csv,reports/verification/fact_matrix/crosscheck.log
4,256,127,4,2,6,matrix,PASS,cbd3f13698111529c79d7d6a3262ae2421a9ad8e4b7949ff96642bee7a31e763,1326,1144,512,0,reports/verification/fact_matrix/simulation.log,reports/verification/fact_matrix\p4_n256\dumps\p4_n256_nh127_c4o2_pat6.csv,reports/verification/fact_matrix/crosscheck.log
4,256,127,4,4,6,matrix,PASS,cbd3f13698111529c79d7d6a3262ae2421a9ad8e4b7949ff96642bee7a31e763,2652,2288,1024,0,reports/verification/fact_matrix/simulation.log,reports/verification/fact_matrix\p4_n256\dumps\p4_n256_nh127_c4o4_pat6.csv,reports/verification/fact_matrix/crosscheck.log
4,256,127,4,4,1,stress,PASS,cbd3f13698111529c79d7d6a3262ae2421a9ad8e4b7949ff96642bee7a31e763,2652,2288,1024,0,reports/verification/fact_matrix/simulation.log,reports/verification/fact_matrix\p4_n256\dumps\p4_n256_nh127_c4o4_pat1.csv,reports/verification/fact_matrix/crosscheck.log
4,256,127,4,4,2,stress,PASS,cbd3f13698111529c79d7d6a3262ae2421a9ad8e4b7949ff96642bee7a31e763,2652,2288,1024,0,reports/verification/fact_matrix/simulation.log,reports/verification/fact_matrix\p4_n256\dumps\p4_n256_nh127_c4o4_pat2.csv,reports/verification/fact_matrix/crosscheck.log
4,256,127,4,4,3,stress,PASS,cbd3f13698111529c79d7d6a3262ae2421a9ad8e4b7949ff96642bee7a31e763,2652,2288,1024,0,reports/verification/fact_matrix/simulation.log,reports/verification/fact_matrix\p4_n256\dumps\p4_n256_nh127_c4o4_pat3.csv,reports/verification/fact_matrix/crosscheck.log
4,256,127,4,4,5,stress,PASS,cbd3f13698111529c79d7d6a3262ae2421a9ad8e4b7949ff96642bee7a31e763,2652,2288,1024,0,reports/verification/fact_matrix/simulation.log,reports/verification/fact_matrix\p4_n256\dumps\p4_n256_nh127_c4o4_pat5.csv,reports/verification/fact_matrix/crosscheck.log
4,512,1,1,1,6,matrix,PASS,cbd3f13698111529c79d7d6a3262ae2421a9ad8e4b7949ff96642bee7a31e763,244,228,512,0,reports/verification/fact_matrix/simulation.log,reports/verification/fact_matrix\p4_n512\dumps\p4_n512_nh1_c1o1_pat6.csv,reports/verification/fact_matrix/crosscheck.log
4,512,1,1,2,6,matrix,PASS,cbd3f13698111529c79d7d6a3262ae2421a9ad8e4b7949ff96642bee7a31e763,512,446,1024,0,reports/verification/fact_matrix/simulation.log,reports/verification/fact_matrix\p4_n512\dumps\p4_n512_nh1_c1o2_pat6.csv,reports/verification/fact_matrix/crosscheck.log
4,512,1,1,4,6,matrix,PASS,cbd3f13698111529c79d7d6a3262ae2421a9ad8e4b7949ff96642bee7a31e763,1024,892,2048,0,reports/verification/fact_matrix/simulation.log,reports/verification/fact_matrix\p4_n512\dumps\p4_n512_nh1_c1o4_pat6.csv,reports/verification/fact_matrix/crosscheck.log
4,512,1,2,1,6,matrix,PASS,cbd3f13698111529c79d7d6a3262ae2421a9ad8e4b7949ff96642bee7a31e763,409,371,512,0,reports/verification/fact_matrix/simulation.log,reports/verification/fact_matrix\p4_n512\dumps\p4_n512_nh1_c2o1_pat6.csv,reports/verification/fact_matrix/crosscheck.log
4,512,1,2,2,6,matrix,PASS,cbd3f13698111529c79d7d6a3262ae2421a9ad8e4b7949ff96642bee7a31e763,818,742,1024,0,reports/verification/fact_matrix/simulation.log,reports/verification/fact_matrix\p4_n512\dumps\p4_n512_nh1_c2o2_pat6.csv,reports/verification/fact_matrix/crosscheck.log
4,512,1,2,4,6,matrix,PASS,cbd3f13698111529c79d7d6a3262ae2421a9ad8e4b7949ff96642bee7a31e763,1636,1484,2048,0,reports/verification/fact_matrix/simulation.log,reports/verification/fact_matrix\p4_n512\dumps\p4_n512_nh1_c2o4_pat6.csv,reports/verification/fact_matrix/crosscheck.log
4,512,1,4,1,6,matrix,PASS,cbd3f13698111529c79d7d6a3262ae2421a9ad8e4b7949ff96642bee7a31e763,733,651,512,0,reports/verification/fact_matrix/simulation.log,reports/verification/fact_matrix\p4_n512\dumps\p4_n512_nh1_c4o1_pat6.csv,reports/verification/fact_matrix/crosscheck.log
4,512,1,4,2,6,matrix,PASS,cbd3f13698111529c79d7d6a3262ae2421a9ad8e4b7949ff96642bee7a31e763,1466,1302,1024,0,reports/verification/fact_matrix/simulation.log,reports/verification/fact_matrix\p4_n512\dumps\p4_n512_nh1_c4o2_pat6.csv,reports/verification/fact_matrix/crosscheck.log
4,512,1,4,4,6,matrix,PASS,cbd3f13698111529c79d7d6a3262ae2421a9ad8e4b7949ff96642bee7a31e763,2932,2604,2048,0,reports/verification/fact_matrix/simulation.log,reports/verification/fact_matrix\p4_n512\dumps\p4_n512_nh1_c4o4_pat6.csv,reports/verification/fact_matrix/crosscheck.log
4,512,128,1,1,6,matrix,PASS,cbd3f13698111529c79d7d6a3262ae2421a9ad8e4b7949ff96642bee7a31e763,244,228,512,0,reports/verification/fact_matrix/simulation.log,reports/verification/fact_matrix\p4_n512\dumps\p4_n512_nh128_c1o1_pat6.csv,reports/verification/fact_matrix/crosscheck.log
4,512,128,1,2,6,matrix,PASS,cbd3f13698111529c79d7d6a3262ae2421a9ad8e4b7949ff96642bee7a31e763,512,446,1024,0,reports/verification/fact_matrix/simulation.log,reports/verification/fact_matrix\p4_n512\dumps\p4_n512_nh128_c1o2_pat6.csv,reports/verification/fact_matrix/crosscheck.log
4,512,128,1,4,6,matrix,PASS,cbd3f13698111529c79d7d6a3262ae2421a9ad8e4b7949ff96642bee7a31e763,1024,892,2048,0,reports/verification/fact_matrix/simulation.log,reports/verification/fact_matrix\p4_n512\dumps\p4_n512_nh128_c1o4_pat6.csv,reports/verification/fact_matrix/crosscheck.log
4,512,128,2,1,6,matrix,PASS,cbd3f13698111529c79d7d6a3262ae2421a9ad8e4b7949ff96642bee7a31e763,409,371,512,0,reports/verification/fact_matrix/simulation.log,reports/verification/fact_matrix\p4_n512\dumps\p4_n512_nh128_c2o1_pat6.csv,reports/verification/fact_matrix/crosscheck.log
4,512,128,2,2,6,matrix,PASS,cbd3f13698111529c79d7d6a3262ae2421a9ad8e4b7949ff96642bee7a31e763,818,742,1024,0,reports/verification/fact_matrix/simulation.log,reports/verification/fact_matrix\p4_n512\dumps\p4_n512_nh128_c2o2_pat6.csv,reports/verification/fact_matrix/crosscheck.log
4,512,128,2,4,6,matrix,PASS,cbd3f13698111529c79d7d6a3262ae2421a9ad8e4b7949ff96642bee7a31e763,1636,1484,2048,0,reports/verification/fact_matrix/simulation.log,reports/verification/fact_matrix\p4_n512\dumps\p4_n512_nh128_c2o4_pat6.csv,reports/verification/fact_matrix/crosscheck.log
4,512,128,4,1,6,matrix,PASS,cbd3f13698111529c79d7d6a3262ae2421a9ad8e4b7949ff96642bee7a31e763,733,651,512,0,reports/verification/fact_matrix/simulation.log,reports/verification/fact_matrix\p4_n512\dumps\p4_n512_nh128_c4o1_pat6.csv,reports/verification/fact_matrix/crosscheck.log
4,512,128,4,2,6,matrix,PASS,cbd3f13698111529c79d7d6a3262ae2421a9ad8e4b7949ff96642bee7a31e763,1466,1302,1024,0,reports/verification/fact_matrix/simulation.log,reports/verification/fact_matrix\p4_n512\dumps\p4_n512_nh128_c4o2_pat6.csv,reports/verification/fact_matrix/crosscheck.log
4,512,128,4,4,6,matrix,PASS,cbd3f13698111529c79d7d6a3262ae2421a9ad8e4b7949ff96642bee7a31e763,2932,2604,2048,0,reports/verification/fact_matrix/simulation.log,reports/verification/fact_matrix\p4_n512\dumps\p4_n512_nh128_c4o4_pat6.csv,reports/verification/fact_matrix/crosscheck.log
4,512,255,1,1,6,matrix,PASS,cbd3f13698111529c79d7d6a3262ae2421a9ad8e4b7949ff96642bee7a31e763,244,228,512,0,reports/verification/fact_matrix/simulation.log,reports/verification/fact_matrix\p4_n512\dumps\p4_n512_nh255_c1o1_pat6.csv,reports/verification/fact_matrix/crosscheck.log
4,512,255,1,2,6,matrix,PASS,cbd3f13698111529c79d7d6a3262ae2421a9ad8e4b7949ff96642bee7a31e763,512,446,1024,0,reports/verification/fact_matrix/simulation.log,reports/verification/fact_matrix\p4_n512\dumps\p4_n512_nh255_c1o2_pat6.csv,reports/verification/fact_matrix/crosscheck.log
4,512,255,1,4,6,matrix,PASS,cbd3f13698111529c79d7d6a3262ae2421a9ad8e4b7949ff96642bee7a31e763,1024,892,2048,0,reports/verification/fact_matrix/simulation.log,reports/verification/fact_matrix\p4_n512\dumps\p4_n512_nh255_c1o4_pat6.csv,reports/verification/fact_matrix/crosscheck.log
4,512,255,2,1,6,matrix,PASS,cbd3f13698111529c79d7d6a3262ae2421a9ad8e4b7949ff96642bee7a31e763,409,371,512,0,reports/verification/fact_matrix/simulation.log,reports/verification/fact_matrix\p4_n512\dumps\p4_n512_nh255_c2o1_pat6.csv,reports/verification/fact_matrix/crosscheck.log
4,512,255,2,2,6,matrix,PASS,cbd3f13698111529c79d7d6a3262ae2421a9ad8e4b7949ff96642bee7a31e763,818,742,1024,0,reports/verification/fact_matrix/simulation.log,reports/verification/fact_matrix\p4_n512\dumps\p4_n512_nh255_c2o2_pat6.csv,reports/verification/fact_matrix/crosscheck.log
4,512,255,2,4,6,matrix,PASS,cbd3f13698111529c79d7d6a3262ae2421a9ad8e4b7949ff96642bee7a31e763,1636,1484,2048,0,reports/verification/fact_matrix/simulation.log,reports/verification/fact_matrix\p4_n512\dumps\p4_n512_nh255_c2o4_pat6.csv,reports/verification/fact_matrix/crosscheck.log
4,512,255,4,1,6,matrix,PASS,cbd3f13698111529c79d7d6a3262ae2421a9ad8e4b7949ff96642bee7a31e763,733,651,512,0,reports/verification/fact_matrix/simulation.log,reports/verification/fact_matrix\p4_n512\dumps\p4_n512_nh255_c4o1_pat6.csv,reports/verification/fact_matrix/crosscheck.log
4,512,255,4,2,6,matrix,PASS,cbd3f13698111529c79d7d6a3262ae2421a9ad8e4b7949ff96642bee7a31e763,1466,1302,1024,0,reports/verification/fact_matrix/simulation.log,reports/verification/fact_matrix\p4_n512\dumps\p4_n512_nh255_c4o2_pat6.csv,reports/verification/fact_matrix/crosscheck.log
4,512,255,4,4,6,matrix,PASS,cbd3f13698111529c79d7d6a3262ae2421a9ad8e4b7949ff96642bee7a31e763,2932,2604,2048,0,reports/verification/fact_matrix/simulation.log,reports/verification/fact_matrix\p4_n512\dumps\p4_n512_nh255_c4o4_pat6.csv,reports/verification/fact_matrix/crosscheck.log
4,512,255,4,4,1,stress,PASS,cbd3f13698111529c79d7d6a3262ae2421a9ad8e4b7949ff96642bee7a31e763,2932,2604,2048,0,reports/verification/fact_matrix/simulation.log,reports/verification/fact_matrix\p4_n512\dumps\p4_n512_nh255_c4o4_pat1.csv,reports/verification/fact_matrix/crosscheck.log
4,512,255,4,4,2,stress,PASS,cbd3f13698111529c79d7d6a3262ae2421a9ad8e4b7949ff96642bee7a31e763,2932,2604,2048,0,reports/verification/fact_matrix/simulation.log,reports/verification/fact_matrix\p4_n512\dumps\p4_n512_nh255_c4o4_pat2.csv,reports/verification/fact_matrix/crosscheck.log
4,512,255,4,4,3,stress,PASS,cbd3f13698111529c79d7d6a3262ae2421a9ad8e4b7949ff96642bee7a31e763,2932,2604,2048,0,reports/verification/fact_matrix/simulation.log,reports/verification/fact_matrix\p4_n512\dumps\p4_n512_nh255_c4o4_pat3.csv,reports/verification/fact_matrix/crosscheck.log
4,512,255,4,4,5,stress,PASS,cbd3f13698111529c79d7d6a3262ae2421a9ad8e4b7949ff96642bee7a31e763,2932,2604,2048,0,reports/verification/fact_matrix/simulation.log,reports/verification/fact_matrix\p4_n512\dumps\p4_n512_nh255_c4o4_pat5.csv,reports/verification/fact_matrix/crosscheck.log
4,1024,1,1,1,6,matrix,PASS,cbd3f13698111529c79d7d6a3262ae2421a9ad8e4b7949ff96642bee7a31e763,299,283,1024,0,reports/verification/fact_matrix/simulation.log,reports/verification/fact_matrix\p4_n1024\dumps\p4_n1024_nh1_c1o1_pat6.csv,reports/verification/fact_matrix/crosscheck.log
4,1024,1,1,2,6,matrix,PASS,cbd3f13698111529c79d7d6a3262ae2421a9ad8e4b7949ff96642bee7a31e763,624,556,2048,0,reports/verification/fact_matrix/simulation.log,reports/verification/fact_matrix\p4_n1024\dumps\p4_n1024_nh1_c1o2_pat6.csv,reports/verification/fact_matrix/crosscheck.log
4,1024,1,1,4,6,matrix,PASS,cbd3f13698111529c79d7d6a3262ae2421a9ad8e4b7949ff96642bee7a31e763,1248,1112,4096,0,reports/verification/fact_matrix/simulation.log,reports/verification/fact_matrix\p4_n1024\dumps\p4_n1024_nh1_c1o4_pat6.csv,reports/verification/fact_matrix/crosscheck.log
4,1024,1,2,1,6,matrix,PASS,cbd3f13698111529c79d7d6a3262ae2421a9ad8e4b7949ff96642bee7a31e763,502,464,1024,0,reports/verification/fact_matrix/simulation.log,reports/verification/fact_matrix\p4_n1024\dumps\p4_n1024_nh1_c2o1_pat6.csv,reports/verification/fact_matrix/crosscheck.log
4,1024,1,2,2,6,matrix,PASS,cbd3f13698111529c79d7d6a3262ae2421a9ad8e4b7949ff96642bee7a31e763,1004,928,2048,0,reports/verification/fact_matrix/simulation.log,reports/verification/fact_matrix\p4_n1024\dumps\p4_n1024_nh1_c2o2_pat6.csv,reports/verification/fact_matrix/crosscheck.log
4,1024,1,2,4,6,matrix,PASS,cbd3f13698111529c79d7d6a3262ae2421a9ad8e4b7949ff96642bee7a31e763,2008,1856,4096,0,reports/verification/fact_matrix/simulation.log,reports/verification/fact_matrix\p4_n1024\dumps\p4_n1024_nh1_c2o4_pat6.csv,reports/verification/fact_matrix/crosscheck.log
4,1024,1,4,1,6,matrix,PASS,cbd3f13698111529c79d7d6a3262ae2421a9ad8e4b7949ff96642bee7a31e763,902,820,1024,0,reports/verification/fact_matrix/simulation.log,reports/verification/fact_matrix\p4_n1024\dumps\p4_n1024_nh1_c4o1_pat6.csv,reports/verification/fact_matrix/crosscheck.log
4,1024,1,4,2,6,matrix,PASS,cbd3f13698111529c79d7d6a3262ae2421a9ad8e4b7949ff96642bee7a31e763,1804,1640,2048,0,reports/verification/fact_matrix/simulation.log,reports/verification/fact_matrix\p4_n1024\dumps\p4_n1024_nh1_c4o2_pat6.csv,reports/verification/fact_matrix/crosscheck.log
4,1024,1,4,4,6,matrix,PASS,cbd3f13698111529c79d7d6a3262ae2421a9ad8e4b7949ff96642bee7a31e763,3608,3280,4096,0,reports/verification/fact_matrix/simulation.log,reports/verification/fact_matrix\p4_n1024\dumps\p4_n1024_nh1_c4o4_pat6.csv,reports/verification/fact_matrix/crosscheck.log
4,1024,256,1,1,6,matrix,PASS,cbd3f13698111529c79d7d6a3262ae2421a9ad8e4b7949ff96642bee7a31e763,299,283,1024,0,reports/verification/fact_matrix/simulation.log,reports/verification/fact_matrix\p4_n1024\dumps\p4_n1024_nh256_c1o1_pat6.csv,reports/verification/fact_matrix/crosscheck.log
4,1024,256,1,2,6,matrix,PASS,cbd3f13698111529c79d7d6a3262ae2421a9ad8e4b7949ff96642bee7a31e763,624,556,2048,0,reports/verification/fact_matrix/simulation.log,reports/verification/fact_matrix\p4_n1024\dumps\p4_n1024_nh256_c1o2_pat6.csv,reports/verification/fact_matrix/crosscheck.log
4,1024,256,1,4,6,matrix,PASS,cbd3f13698111529c79d7d6a3262ae2421a9ad8e4b7949ff96642bee7a31e763,1248,1112,4096,0,reports/verification/fact_matrix/simulation.log,reports/verification/fact_matrix\p4_n1024\dumps\p4_n1024_nh256_c1o4_pat6.csv,reports/verification/fact_matrix/crosscheck.log
4,1024,256,2,1,6,matrix,PASS,cbd3f13698111529c79d7d6a3262ae2421a9ad8e4b7949ff96642bee7a31e763,502,464,1024,0,reports/verification/fact_matrix/simulation.log,reports/verification/fact_matrix\p4_n1024\dumps\p4_n1024_nh256_c2o1_pat6.csv,reports/verification/fact_matrix/crosscheck.log
4,1024,256,2,2,6,matrix,PASS,cbd3f13698111529c79d7d6a3262ae2421a9ad8e4b7949ff96642bee7a31e763,1004,928,2048,0,reports/verification/fact_matrix/simulation.log,reports/verification/fact_matrix\p4_n1024\dumps\p4_n1024_nh256_c2o2_pat6.csv,reports/verification/fact_matrix/crosscheck.log
4,1024,256,2,4,6,matrix,PASS,cbd3f13698111529c79d7d6a3262ae2421a9ad8e4b7949ff96642bee7a31e763,2008,1856,4096,0,reports/verification/fact_matrix/simulation.log,reports/verification/fact_matrix\p4_n1024\dumps\p4_n1024_nh256_c2o4_pat6.csv,reports/verification/fact_matrix/crosscheck.log
4,1024,256,4,1,6,matrix,PASS,cbd3f13698111529c79d7d6a3262ae2421a9ad8e4b7949ff96642bee7a31e763,902,820,1024,0,reports/verification/fact_matrix/simulation.log,reports/verification/fact_matrix\p4_n1024\dumps\p4_n1024_nh256_c4o1_pat6.csv,reports/verification/fact_matrix/crosscheck.log
4,1024,256,4,2,6,matrix,PASS,cbd3f13698111529c79d7d6a3262ae2421a9ad8e4b7949ff96642bee7a31e763,1804,1640,2048,0,reports/verification/fact_matrix/simulation.log,reports/verification/fact_matrix\p4_n1024\dumps\p4_n1024_nh256_c4o2_pat6.csv,reports/verification/fact_matrix/crosscheck.log
4,1024,256,4,4,6,matrix,PASS,cbd3f13698111529c79d7d6a3262ae2421a9ad8e4b7949ff96642bee7a31e763,3608,3280,4096,0,reports/verification/fact_matrix/simulation.log,reports/verification/fact_matrix\p4_n1024\dumps\p4_n1024_nh256_c4o4_pat6.csv,reports/verification/fact_matrix/crosscheck.log
4,1024,511,1,1,6,matrix,PASS,cbd3f13698111529c79d7d6a3262ae2421a9ad8e4b7949ff96642bee7a31e763,299,283,1024,0,reports/verification/fact_matrix/simulation.log,reports/verification/fact_matrix\p4_n1024\dumps\p4_n1024_nh511_c1o1_pat6.csv,reports/verification/fact_matrix/crosscheck.log
4,1024,511,1,2,6,matrix,PASS,cbd3f13698111529c79d7d6a3262ae2421a9ad8e4b7949ff96642bee7a31e763,624,556,2048,0,reports/verification/fact_matrix/simulation.log,reports/verification/fact_matrix\p4_n1024\dumps\p4_n1024_nh511_c1o2_pat6.csv,reports/verification/fact_matrix/crosscheck.log
4,1024,511,1,4,6,matrix,PASS,cbd3f13698111529c79d7d6a3262ae2421a9ad8e4b7949ff96642bee7a31e763,1248,1112,4096,0,reports/verification/fact_matrix/simulation.log,reports/verification/fact_matrix\p4_n1024\dumps\p4_n1024_nh511_c1o4_pat6.csv,reports/verification/fact_matrix/crosscheck.log
4,1024,511,2,1,6,matrix,PASS,cbd3f13698111529c79d7d6a3262ae2421a9ad8e4b7949ff96642bee7a31e763,502,464,1024,0,reports/verification/fact_matrix/simulation.log,reports/verification/fact_matrix\p4_n1024\dumps\p4_n1024_nh511_c2o1_pat6.csv,reports/verification/fact_matrix/crosscheck.log
4,1024,511,2,2,6,matrix,PASS,cbd3f13698111529c79d7d6a3262ae2421a9ad8e4b7949ff96642bee7a31e763,1004,928,2048,0,reports/verification/fact_matrix/simulation.log,reports/verification/fact_matrix\p4_n1024\dumps\p4_n1024_nh511_c2o2_pat6.csv,reports/verification/fact_matrix/crosscheck.log
4,1024,511,2,4,6,matrix,PASS,cbd3f13698111529c79d7d6a3262ae2421a9ad8e4b7949ff96642bee7a31e763,2008,1856,4096,0,reports/verification/fact_matrix/simulation.log,reports/verification/fact_matrix\p4_n1024\dumps\p4_n1024_nh511_c2o4_pat6.csv,reports/verification/fact_matrix/crosscheck.log
4,1024,511,4,1,6,matrix,PASS,cbd3f13698111529c79d7d6a3262ae2421a9ad8e4b7949ff96642bee7a31e763,902,820,1024,0,reports/verification/fact_matrix/simulation.log,reports/verification/fact_matrix\p4_n1024\dumps\p4_n1024_nh511_c4o1_pat6.csv,reports/verification/fact_matrix/crosscheck.log
4,1024,511,4,2,6,matrix,PASS,cbd3f13698111529c79d7d6a3262ae2421a9ad8e4b7949ff96642bee7a31e763,1804,1640,2048,0,reports/verification/fact_matrix/simulation.log,reports/verification/fact_matrix\p4_n1024\dumps\p4_n1024_nh511_c4o2_pat6.csv,reports/verification/fact_matrix/crosscheck.log
4,1024,511,4,4,6,matrix,PASS,cbd3f13698111529c79d7d6a3262ae2421a9ad8e4b7949ff96642bee7a31e763,3608,3280,4096,0,reports/verification/fact_matrix/simulation.log,reports/verification/fact_matrix\p4_n1024\dumps\p4_n1024_nh511_c4o4_pat6.csv,reports/verification/fact_matrix/crosscheck.log
4,1024,511,4,4,1,stress,PASS,cbd3f13698111529c79d7d6a3262ae2421a9ad8e4b7949ff96642bee7a31e763,3608,3280,4096,0,reports/verification/fact_matrix/simulation.log,reports/verification/fact_matrix\p4_n1024\dumps\p4_n1024_nh511_c4o4_pat1.csv,reports/verification/fact_matrix/crosscheck.log
4,1024,511,4,4,2,stress,PASS,cbd3f13698111529c79d7d6a3262ae2421a9ad8e4b7949ff96642bee7a31e763,3608,3280,4096,0,reports/verification/fact_matrix/simulation.log,reports/verification/fact_matrix\p4_n1024\dumps\p4_n1024_nh511_c4o4_pat2.csv,reports/verification/fact_matrix/crosscheck.log
4,1024,511,4,4,3,stress,PASS,cbd3f13698111529c79d7d6a3262ae2421a9ad8e4b7949ff96642bee7a31e763,3608,3280,4096,0,reports/verification/fact_matrix/simulation.log,reports/verification/fact_matrix\p4_n1024\dumps\p4_n1024_nh511_c4o4_pat3.csv,reports/verification/fact_matrix/crosscheck.log
4,1024,511,4,4,5,stress,PASS,cbd3f13698111529c79d7d6a3262ae2421a9ad8e4b7949ff96642bee7a31e763,3608,3280,4096,0,reports/verification/fact_matrix/simulation.log,reports/verification/fact_matrix\p4_n1024\dumps\p4_n1024_nh511_c4o4_pat5.csv,reports/verification/fact_matrix/crosscheck.log
8,256,1,1,1,6,matrix,PASS,cbd3f13698111529c79d7d6a3262ae2421a9ad8e4b7949ff96642bee7a31e763,214,199,256,0,reports/verification/fact_matrix/simulation.log,reports/verification/fact_matrix\p8_n256\dumps\p8_n256_nh1_c1o1_pat6.csv,reports/verification/fact_matrix/crosscheck.log
8,256,1,1,2,6,matrix,PASS,cbd3f13698111529c79d7d6a3262ae2421a9ad8e4b7949ff96642bee7a31e763,450,388,512,0,reports/verification/fact_matrix/simulation.log,reports/verification/fact_matrix\p8_n256\dumps\p8_n256_nh1_c1o2_pat6.csv,reports/verification/fact_matrix/crosscheck.log
8,256,1,1,4,6,matrix,PASS,cbd3f13698111529c79d7d6a3262ae2421a9ad8e4b7949ff96642bee7a31e763,900,776,1024,0,reports/verification/fact_matrix/simulation.log,reports/verification/fact_matrix\p8_n256\dumps\p8_n256_nh1_c1o4_pat6.csv,reports/verification/fact_matrix/crosscheck.log
8,256,1,2,1,6,matrix,PASS,cbd3f13698111529c79d7d6a3262ae2421a9ad8e4b7949ff96642bee7a31e763,360,325,256,0,reports/verification/fact_matrix/simulation.log,reports/verification/fact_matrix\p8_n256\dumps\p8_n256_nh1_c2o1_pat6.csv,reports/verification/fact_matrix/crosscheck.log
8,256,1,2,2,6,matrix,PASS,cbd3f13698111529c79d7d6a3262ae2421a9ad8e4b7949ff96642bee7a31e763,742,640,512,0,reports/verification/fact_matrix/simulation.log,reports/verification/fact_matrix\p8_n256\dumps\p8_n256_nh1_c2o2_pat6.csv,reports/verification/fact_matrix/crosscheck.log
8,256,1,2,4,6,matrix,PASS,cbd3f13698111529c79d7d6a3262ae2421a9ad8e4b7949ff96642bee7a31e763,1484,1280,1024,0,reports/verification/fact_matrix/simulation.log,reports/verification/fact_matrix\p8_n256\dumps\p8_n256_nh1_c2o4_pat6.csv,reports/verification/fact_matrix/crosscheck.log
8,256,1,4,1,6,matrix,PASS,cbd3f13698111529c79d7d6a3262ae2421a9ad8e4b7949ff96642bee7a31e763,663,572,256,0,reports/verification/fact_matrix/simulation.log,reports/verification/fact_matrix\p8_n256\dumps\p8_n256_nh1_c4o1_pat6.csv,reports/verification/fact_matrix/crosscheck.log
8,256,1,4,2,6,matrix,PASS,cbd3f13698111529c79d7d6a3262ae2421a9ad8e4b7949ff96642bee7a31e763,1326,1144,512,0,reports/verification/fact_matrix/simulation.log,reports/verification/fact_matrix\p8_n256\dumps\p8_n256_nh1_c4o2_pat6.csv,reports/verification/fact_matrix/crosscheck.log
8,256,1,4,4,6,matrix,PASS,cbd3f13698111529c79d7d6a3262ae2421a9ad8e4b7949ff96642bee7a31e763,2652,2288,1024,0,reports/verification/fact_matrix/simulation.log,reports/verification/fact_matrix\p8_n256\dumps\p8_n256_nh1_c4o4_pat6.csv,reports/verification/fact_matrix/crosscheck.log
8,256,64,1,1,6,matrix,PASS,cbd3f13698111529c79d7d6a3262ae2421a9ad8e4b7949ff96642bee7a31e763,214,199,256,0,reports/verification/fact_matrix/simulation.log,reports/verification/fact_matrix\p8_n256\dumps\p8_n256_nh64_c1o1_pat6.csv,reports/verification/fact_matrix/crosscheck.log
8,256,64,1,2,6,matrix,PASS,cbd3f13698111529c79d7d6a3262ae2421a9ad8e4b7949ff96642bee7a31e763,450,388,512,0,reports/verification/fact_matrix/simulation.log,reports/verification/fact_matrix\p8_n256\dumps\p8_n256_nh64_c1o2_pat6.csv,reports/verification/fact_matrix/crosscheck.log
8,256,64,1,4,6,matrix,PASS,cbd3f13698111529c79d7d6a3262ae2421a9ad8e4b7949ff96642bee7a31e763,900,776,1024,0,reports/verification/fact_matrix/simulation.log,reports/verification/fact_matrix\p8_n256\dumps\p8_n256_nh64_c1o4_pat6.csv,reports/verification/fact_matrix/crosscheck.log
8,256,64,2,1,6,matrix,PASS,cbd3f13698111529c79d7d6a3262ae2421a9ad8e4b7949ff96642bee7a31e763,360,325,256,0,reports/verification/fact_matrix/simulation.log,reports/verification/fact_matrix\p8_n256\dumps\p8_n256_nh64_c2o1_pat6.csv,reports/verification/fact_matrix/crosscheck.log
8,256,64,2,2,6,matrix,PASS,cbd3f13698111529c79d7d6a3262ae2421a9ad8e4b7949ff96642bee7a31e763,742,640,512,0,reports/verification/fact_matrix/simulation.log,reports/verification/fact_matrix\p8_n256\dumps\p8_n256_nh64_c2o2_pat6.csv,reports/verification/fact_matrix/crosscheck.log
8,256,64,2,4,6,matrix,PASS,cbd3f13698111529c79d7d6a3262ae2421a9ad8e4b7949ff96642bee7a31e763,1484,1280,1024,0,reports/verification/fact_matrix/simulation.log,reports/verification/fact_matrix\p8_n256\dumps\p8_n256_nh64_c2o4_pat6.csv,reports/verification/fact_matrix/crosscheck.log
8,256,64,4,1,6,matrix,PASS,cbd3f13698111529c79d7d6a3262ae2421a9ad8e4b7949ff96642bee7a31e763,663,572,256,0,reports/verification/fact_matrix/simulation.log,reports/verification/fact_matrix\p8_n256\dumps\p8_n256_nh64_c4o1_pat6.csv,reports/verification/fact_matrix/crosscheck.log
8,256,64,4,2,6,matrix,PASS,cbd3f13698111529c79d7d6a3262ae2421a9ad8e4b7949ff96642bee7a31e763,1326,1144,512,0,reports/verification/fact_matrix/simulation.log,reports/verification/fact_matrix\p8_n256\dumps\p8_n256_nh64_c4o2_pat6.csv,reports/verification/fact_matrix/crosscheck.log
8,256,64,4,4,6,matrix,PASS,cbd3f13698111529c79d7d6a3262ae2421a9ad8e4b7949ff96642bee7a31e763,2652,2288,1024,0,reports/verification/fact_matrix/simulation.log,reports/verification/fact_matrix\p8_n256\dumps\p8_n256_nh64_c4o4_pat6.csv,reports/verification/fact_matrix/crosscheck.log
8,256,127,1,1,6,matrix,PASS,cbd3f13698111529c79d7d6a3262ae2421a9ad8e4b7949ff96642bee7a31e763,214,199,256,0,reports/verification/fact_matrix/simulation.log,reports/verification/fact_matrix\p8_n256\dumps\p8_n256_nh127_c1o1_pat6.csv,reports/verification/fact_matrix/crosscheck.log
8,256,127,1,2,6,matrix,PASS,cbd3f13698111529c79d7d6a3262ae2421a9ad8e4b7949ff96642bee7a31e763,450,388,512,0,reports/verification/fact_matrix/simulation.log,reports/verification/fact_matrix\p8_n256\dumps\p8_n256_nh127_c1o2_pat6.csv,reports/verification/fact_matrix/crosscheck.log
8,256,127,1,4,6,matrix,PASS,cbd3f13698111529c79d7d6a3262ae2421a9ad8e4b7949ff96642bee7a31e763,900,776,1024,0,reports/verification/fact_matrix/simulation.log,reports/verification/fact_matrix\p8_n256\dumps\p8_n256_nh127_c1o4_pat6.csv,reports/verification/fact_matrix/crosscheck.log
8,256,127,2,1,6,matrix,PASS,cbd3f13698111529c79d7d6a3262ae2421a9ad8e4b7949ff96642bee7a31e763,360,325,256,0,reports/verification/fact_matrix/simulation.log,reports/verification/fact_matrix\p8_n256\dumps\p8_n256_nh127_c2o1_pat6.csv,reports/verification/fact_matrix/crosscheck.log
8,256,127,2,2,6,matrix,PASS,cbd3f13698111529c79d7d6a3262ae2421a9ad8e4b7949ff96642bee7a31e763,742,640,512,0,reports/verification/fact_matrix/simulation.log,reports/verification/fact_matrix\p8_n256\dumps\p8_n256_nh127_c2o2_pat6.csv,reports/verification/fact_matrix/crosscheck.log
8,256,127,2,4,6,matrix,PASS,cbd3f13698111529c79d7d6a3262ae2421a9ad8e4b7949ff96642bee7a31e763,1484,1280,1024,0,reports/verification/fact_matrix/simulation.log,reports/verification/fact_matrix\p8_n256\dumps\p8_n256_nh127_c2o4_pat6.csv,reports/verification/fact_matrix/crosscheck.log
8,256,127,4,1,6,matrix,PASS,cbd3f13698111529c79d7d6a3262ae2421a9ad8e4b7949ff96642bee7a31e763,663,572,256,0,reports/verification/fact_matrix/simulation.log,reports/verification/fact_matrix\p8_n256\dumps\p8_n256_nh127_c4o1_pat6.csv,reports/verification/fact_matrix/crosscheck.log
8,256,127,4,2,6,matrix,PASS,cbd3f13698111529c79d7d6a3262ae2421a9ad8e4b7949ff96642bee7a31e763,1326,1144,512,0,reports/verification/fact_matrix/simulation.log,reports/verification/fact_matrix\p8_n256\dumps\p8_n256_nh127_c4o2_pat6.csv,reports/verification/fact_matrix/crosscheck.log
8,256,127,4,4,6,matrix,PASS,cbd3f13698111529c79d7d6a3262ae2421a9ad8e4b7949ff96642bee7a31e763,2652,2288,1024,0,reports/verification/fact_matrix/simulation.log,reports/verification/fact_matrix\p8_n256\dumps\p8_n256_nh127_c4o4_pat6.csv,reports/verification/fact_matrix/crosscheck.log
8,256,127,4,4,1,stress,PASS,cbd3f13698111529c79d7d6a3262ae2421a9ad8e4b7949ff96642bee7a31e763,2652,2288,1024,0,reports/verification/fact_matrix/simulation.log,reports/verification/fact_matrix\p8_n256\dumps\p8_n256_nh127_c4o4_pat1.csv,reports/verification/fact_matrix/crosscheck.log
8,256,127,4,4,2,stress,PASS,cbd3f13698111529c79d7d6a3262ae2421a9ad8e4b7949ff96642bee7a31e763,2652,2288,1024,0,reports/verification/fact_matrix/simulation.log,reports/verification/fact_matrix\p8_n256\dumps\p8_n256_nh127_c4o4_pat2.csv,reports/verification/fact_matrix/crosscheck.log
8,256,127,4,4,3,stress,PASS,cbd3f13698111529c79d7d6a3262ae2421a9ad8e4b7949ff96642bee7a31e763,2652,2288,1024,0,reports/verification/fact_matrix/simulation.log,reports/verification/fact_matrix\p8_n256\dumps\p8_n256_nh127_c4o4_pat3.csv,reports/verification/fact_matrix/crosscheck.log
8,256,127,4,4,5,stress,PASS,cbd3f13698111529c79d7d6a3262ae2421a9ad8e4b7949ff96642bee7a31e763,2652,2288,1024,0,reports/verification/fact_matrix/simulation.log,reports/verification/fact_matrix\p8_n256\dumps\p8_n256_nh127_c4o4_pat5.csv,reports/verification/fact_matrix/crosscheck.log
8,512,1,1,1,6,matrix,PASS,cbd3f13698111529c79d7d6a3262ae2421a9ad8e4b7949ff96642bee7a31e763,244,228,512,0,reports/verification/fact_matrix/simulation.log,reports/verification/fact_matrix\p8_n512\dumps\p8_n512_nh1_c1o1_pat6.csv,reports/verification/fact_matrix/crosscheck.log
8,512,1,1,2,6,matrix,PASS,cbd3f13698111529c79d7d6a3262ae2421a9ad8e4b7949ff96642bee7a31e763,512,446,1024,0,reports/verification/fact_matrix/simulation.log,reports/verification/fact_matrix\p8_n512\dumps\p8_n512_nh1_c1o2_pat6.csv,reports/verification/fact_matrix/crosscheck.log
8,512,1,1,4,6,matrix,PASS,cbd3f13698111529c79d7d6a3262ae2421a9ad8e4b7949ff96642bee7a31e763,1024,892,2048,0,reports/verification/fact_matrix/simulation.log,reports/verification/fact_matrix\p8_n512\dumps\p8_n512_nh1_c1o4_pat6.csv,reports/verification/fact_matrix/crosscheck.log
8,512,1,2,1,6,matrix,PASS,cbd3f13698111529c79d7d6a3262ae2421a9ad8e4b7949ff96642bee7a31e763,409,371,512,0,reports/verification/fact_matrix/simulation.log,reports/verification/fact_matrix\p8_n512\dumps\p8_n512_nh1_c2o1_pat6.csv,reports/verification/fact_matrix/crosscheck.log
8,512,1,2,2,6,matrix,PASS,cbd3f13698111529c79d7d6a3262ae2421a9ad8e4b7949ff96642bee7a31e763,818,742,1024,0,reports/verification/fact_matrix/simulation.log,reports/verification/fact_matrix\p8_n512\dumps\p8_n512_nh1_c2o2_pat6.csv,reports/verification/fact_matrix/crosscheck.log
8,512,1,2,4,6,matrix,PASS,cbd3f13698111529c79d7d6a3262ae2421a9ad8e4b7949ff96642bee7a31e763,1636,1484,2048,0,reports/verification/fact_matrix/simulation.log,reports/verification/fact_matrix\p8_n512\dumps\p8_n512_nh1_c2o4_pat6.csv,reports/verification/fact_matrix/crosscheck.log
8,512,1,4,1,6,matrix,PASS,cbd3f13698111529c79d7d6a3262ae2421a9ad8e4b7949ff96642bee7a31e763,733,651,512,0,reports/verification/fact_matrix/simulation.log,reports/verification/fact_matrix\p8_n512\dumps\p8_n512_nh1_c4o1_pat6.csv,reports/verification/fact_matrix/crosscheck.log
8,512,1,4,2,6,matrix,PASS,cbd3f13698111529c79d7d6a3262ae2421a9ad8e4b7949ff96642bee7a31e763,1466,1302,1024,0,reports/verification/fact_matrix/simulation.log,reports/verification/fact_matrix\p8_n512\dumps\p8_n512_nh1_c4o2_pat6.csv,reports/verification/fact_matrix/crosscheck.log
8,512,1,4,4,6,matrix,PASS,cbd3f13698111529c79d7d6a3262ae2421a9ad8e4b7949ff96642bee7a31e763,2932,2604,2048,0,reports/verification/fact_matrix/simulation.log,reports/verification/fact_matrix\p8_n512\dumps\p8_n512_nh1_c4o4_pat6.csv,reports/verification/fact_matrix/crosscheck.log
8,512,128,1,1,6,matrix,PASS,cbd3f13698111529c79d7d6a3262ae2421a9ad8e4b7949ff96642bee7a31e763,244,228,512,0,reports/verification/fact_matrix/simulation.log,reports/verification/fact_matrix\p8_n512\dumps\p8_n512_nh128_c1o1_pat6.csv,reports/verification/fact_matrix/crosscheck.log
8,512,128,1,2,6,matrix,PASS,cbd3f13698111529c79d7d6a3262ae2421a9ad8e4b7949ff96642bee7a31e763,512,446,1024,0,reports/verification/fact_matrix/simulation.log,reports/verification/fact_matrix\p8_n512\dumps\p8_n512_nh128_c1o2_pat6.csv,reports/verification/fact_matrix/crosscheck.log
8,512,128,1,4,6,matrix,PASS,cbd3f13698111529c79d7d6a3262ae2421a9ad8e4b7949ff96642bee7a31e763,1024,892,2048,0,reports/verification/fact_matrix/simulation.log,reports/verification/fact_matrix\p8_n512\dumps\p8_n512_nh128_c1o4_pat6.csv,reports/verification/fact_matrix/crosscheck.log
8,512,128,2,1,6,matrix,PASS,cbd3f13698111529c79d7d6a3262ae2421a9ad8e4b7949ff96642bee7a31e763,409,371,512,0,reports/verification/fact_matrix/simulation.log,reports/verification/fact_matrix\p8_n512\dumps\p8_n512_nh128_c2o1_pat6.csv,reports/verification/fact_matrix/crosscheck.log
8,512,128,2,2,6,matrix,PASS,cbd3f13698111529c79d7d6a3262ae2421a9ad8e4b7949ff96642bee7a31e763,818,742,1024,0,reports/verification/fact_matrix/simulation.log,reports/verification/fact_matrix\p8_n512\dumps\p8_n512_nh128_c2o2_pat6.csv,reports/verification/fact_matrix/crosscheck.log
8,512,128,2,4,6,matrix,PASS,cbd3f13698111529c79d7d6a3262ae2421a9ad8e4b7949ff96642bee7a31e763,1636,1484,2048,0,reports/verification/fact_matrix/simulation.log,reports/verification/fact_matrix\p8_n512\dumps\p8_n512_nh128_c2o4_pat6.csv,reports/verification/fact_matrix/crosscheck.log
8,512,128,4,1,6,matrix,PASS,cbd3f13698111529c79d7d6a3262ae2421a9ad8e4b7949ff96642bee7a31e763,733,651,512,0,reports/verification/fact_matrix/simulation.log,reports/verification/fact_matrix\p8_n512\dumps\p8_n512_nh128_c4o1_pat6.csv,reports/verification/fact_matrix/crosscheck.log
8,512,128,4,2,6,matrix,PASS,cbd3f13698111529c79d7d6a3262ae2421a9ad8e4b7949ff96642bee7a31e763,1466,1302,1024,0,reports/verification/fact_matrix/simulation.log,reports/verification/fact_matrix\p8_n512\dumps\p8_n512_nh128_c4o2_pat6.csv,reports/verification/fact_matrix/crosscheck.log
8,512,128,4,4,6,matrix,PASS,cbd3f13698111529c79d7d6a3262ae2421a9ad8e4b7949ff96642bee7a31e763,2932,2604,2048,0,reports/verification/fact_matrix/simulation.log,reports/verification/fact_matrix\p8_n512\dumps\p8_n512_nh128_c4o4_pat6.csv,reports/verification/fact_matrix/crosscheck.log
8,512,255,1,1,6,matrix,PASS,cbd3f13698111529c79d7d6a3262ae2421a9ad8e4b7949ff96642bee7a31e763,244,228,512,0,reports/verification/fact_matrix/simulation.log,reports/verification/fact_matrix\p8_n512\dumps\p8_n512_nh255_c1o1_pat6.csv,reports/verification/fact_matrix/crosscheck.log
8,512,255,1,2,6,matrix,PASS,cbd3f13698111529c79d7d6a3262ae2421a9ad8e4b7949ff96642bee7a31e763,512,446,1024,0,reports/verification/fact_matrix/simulation.log,reports/verification/fact_matrix\p8_n512\dumps\p8_n512_nh255_c1o2_pat6.csv,reports/verification/fact_matrix/crosscheck.log
8,512,255,1,4,6,matrix,PASS,cbd3f13698111529c79d7d6a3262ae2421a9ad8e4b7949ff96642bee7a31e763,1024,892,2048,0,reports/verification/fact_matrix/simulation.log,reports/verification/fact_matrix\p8_n512\dumps\p8_n512_nh255_c1o4_pat6.csv,reports/verification/fact_matrix/crosscheck.log
8,512,255,2,1,6,matrix,PASS,cbd3f13698111529c79d7d6a3262ae2421a9ad8e4b7949ff96642bee7a31e763,409,371,512,0,reports/verification/fact_matrix/simulation.log,reports/verification/fact_matrix\p8_n512\dumps\p8_n512_nh255_c2o1_pat6.csv,reports/verification/fact_matrix/crosscheck.log
8,512,255,2,2,6,matrix,PASS,cbd3f13698111529c79d7d6a3262ae2421a9ad8e4b7949ff96642bee7a31e763,818,742,1024,0,reports/verification/fact_matrix/simulation.log,reports/verification/fact_matrix\p8_n512\dumps\p8_n512_nh255_c2o2_pat6.csv,reports/verification/fact_matrix/crosscheck.log
8,512,255,2,4,6,matrix,PASS,cbd3f13698111529c79d7d6a3262ae2421a9ad8e4b7949ff96642bee7a31e763,1636,1484,2048,0,reports/verification/fact_matrix/simulation.log,reports/verification/fact_matrix\p8_n512\dumps\p8_n512_nh255_c2o4_pat6.csv,reports/verification/fact_matrix/crosscheck.log
8,512,255,4,1,6,matrix,PASS,cbd3f13698111529c79d7d6a3262ae2421a9ad8e4b7949ff96642bee7a31e763,733,651,512,0,reports/verification/fact_matrix/simulation.log,reports/verification/fact_matrix\p8_n512\dumps\p8_n512_nh255_c4o1_pat6.csv,reports/verification/fact_matrix/crosscheck.log
8,512,255,4,2,6,matrix,PASS,cbd3f13698111529c79d7d6a3262ae2421a9ad8e4b7949ff96642bee7a31e763,1466,1302,1024,0,reports/verification/fact_matrix/simulation.log,reports/verification/fact_matrix\p8_n512\dumps\p8_n512_nh255_c4o2_pat6.csv,reports/verification/fact_matrix/crosscheck.log
8,512,255,4,4,6,matrix,PASS,cbd3f13698111529c79d7d6a3262ae2421a9ad8e4b7949ff96642bee7a31e763,2932,2604,2048,0,reports/verification/fact_matrix/simulation.log,reports/verification/fact_matrix\p8_n512\dumps\p8_n512_nh255_c4o4_pat6.csv,reports/verification/fact_matrix/crosscheck.log
8,512,255,4,4,1,stress,PASS,cbd3f13698111529c79d7d6a3262ae2421a9ad8e4b7949ff96642bee7a31e763,2932,2604,2048,0,reports/verification/fact_matrix/simulation.log,reports/verification/fact_matrix\p8_n512\dumps\p8_n512_nh255_c4o4_pat1.csv,reports/verification/fact_matrix/crosscheck.log
8,512,255,4,4,2,stress,PASS,cbd3f13698111529c79d7d6a3262ae2421a9ad8e4b7949ff96642bee7a31e763,2932,2604,2048,0,reports/verification/fact_matrix/simulation.log,reports/verification/fact_matrix\p8_n512\dumps\p8_n512_nh255_c4o4_pat2.csv,reports/verification/fact_matrix/crosscheck.log
8,512,255,4,4,3,stress,PASS,cbd3f13698111529c79d7d6a3262ae2421a9ad8e4b7949ff96642bee7a31e763,2932,2604,2048,0,reports/verification/fact_matrix/simulation.log,reports/verification/fact_matrix\p8_n512\dumps\p8_n512_nh255_c4o4_pat3.csv,reports/verification/fact_matrix/crosscheck.log
8,512,255,4,4,5,stress,PASS,cbd3f13698111529c79d7d6a3262ae2421a9ad8e4b7949ff96642bee7a31e763,2932,2604,2048,0,reports/verification/fact_matrix/simulation.log,reports/verification/fact_matrix\p8_n512\dumps\p8_n512_nh255_c4o4_pat5.csv,reports/verification/fact_matrix/crosscheck.log
8,1024,1,1,1,6,matrix,PASS,cbd3f13698111529c79d7d6a3262ae2421a9ad8e4b7949ff96642bee7a31e763,299,283,1024,0,reports/verification/fact_matrix/simulation.log,reports/verification/fact_matrix\p8_n1024\dumps\p8_n1024_nh1_c1o1_pat6.csv,reports/verification/fact_matrix/crosscheck.log
8,1024,1,1,2,6,matrix,PASS,cbd3f13698111529c79d7d6a3262ae2421a9ad8e4b7949ff96642bee7a31e763,624,556,2048,0,reports/verification/fact_matrix/simulation.log,reports/verification/fact_matrix\p8_n1024\dumps\p8_n1024_nh1_c1o2_pat6.csv,reports/verification/fact_matrix/crosscheck.log
8,1024,1,1,4,6,matrix,PASS,cbd3f13698111529c79d7d6a3262ae2421a9ad8e4b7949ff96642bee7a31e763,1248,1112,4096,0,reports/verification/fact_matrix/simulation.log,reports/verification/fact_matrix\p8_n1024\dumps\p8_n1024_nh1_c1o4_pat6.csv,reports/verification/fact_matrix/crosscheck.log
8,1024,1,2,1,6,matrix,PASS,cbd3f13698111529c79d7d6a3262ae2421a9ad8e4b7949ff96642bee7a31e763,502,464,1024,0,reports/verification/fact_matrix/simulation.log,reports/verification/fact_matrix\p8_n1024\dumps\p8_n1024_nh1_c2o1_pat6.csv,reports/verification/fact_matrix/crosscheck.log
8,1024,1,2,2,6,matrix,PASS,cbd3f13698111529c79d7d6a3262ae2421a9ad8e4b7949ff96642bee7a31e763,1004,928,2048,0,reports/verification/fact_matrix/simulation.log,reports/verification/fact_matrix\p8_n1024\dumps\p8_n1024_nh1_c2o2_pat6.csv,reports/verification/fact_matrix/crosscheck.log
8,1024,1,2,4,6,matrix,PASS,cbd3f13698111529c79d7d6a3262ae2421a9ad8e4b7949ff96642bee7a31e763,2008,1856,4096,0,reports/verification/fact_matrix/simulation.log,reports/verification/fact_matrix\p8_n1024\dumps\p8_n1024_nh1_c2o4_pat6.csv,reports/verification/fact_matrix/crosscheck.log
8,1024,1,4,1,6,matrix,PASS,cbd3f13698111529c79d7d6a3262ae2421a9ad8e4b7949ff96642bee7a31e763,902,820,1024,0,reports/verification/fact_matrix/simulation.log,reports/verification/fact_matrix\p8_n1024\dumps\p8_n1024_nh1_c4o1_pat6.csv,reports/verification/fact_matrix/crosscheck.log
8,1024,1,4,2,6,matrix,PASS,cbd3f13698111529c79d7d6a3262ae2421a9ad8e4b7949ff96642bee7a31e763,1804,1640,2048,0,reports/verification/fact_matrix/simulation.log,reports/verification/fact_matrix\p8_n1024\dumps\p8_n1024_nh1_c4o2_pat6.csv,reports/verification/fact_matrix/crosscheck.log
8,1024,1,4,4,6,matrix,PASS,cbd3f13698111529c79d7d6a3262ae2421a9ad8e4b7949ff96642bee7a31e763,3608,3280,4096,0,reports/verification/fact_matrix/simulation.log,reports/verification/fact_matrix\p8_n1024\dumps\p8_n1024_nh1_c4o4_pat6.csv,reports/verification/fact_matrix/crosscheck.log
8,1024,256,1,1,6,matrix,PASS,cbd3f13698111529c79d7d6a3262ae2421a9ad8e4b7949ff96642bee7a31e763,299,283,1024,0,reports/verification/fact_matrix/simulation.log,reports/verification/fact_matrix\p8_n1024\dumps\p8_n1024_nh256_c1o1_pat6.csv,reports/verification/fact_matrix/crosscheck.log
8,1024,256,1,2,6,matrix,PASS,cbd3f13698111529c79d7d6a3262ae2421a9ad8e4b7949ff96642bee7a31e763,624,556,2048,0,reports/verification/fact_matrix/simulation.log,reports/verification/fact_matrix\p8_n1024\dumps\p8_n1024_nh256_c1o2_pat6.csv,reports/verification/fact_matrix/crosscheck.log
8,1024,256,1,4,6,matrix,PASS,cbd3f13698111529c79d7d6a3262ae2421a9ad8e4b7949ff96642bee7a31e763,1248,1112,4096,0,reports/verification/fact_matrix/simulation.log,reports/verification/fact_matrix\p8_n1024\dumps\p8_n1024_nh256_c1o4_pat6.csv,reports/verification/fact_matrix/crosscheck.log
8,1024,256,2,1,6,matrix,PASS,cbd3f13698111529c79d7d6a3262ae2421a9ad8e4b7949ff96642bee7a31e763,502,464,1024,0,reports/verification/fact_matrix/simulation.log,reports/verification/fact_matrix\p8_n1024\dumps\p8_n1024_nh256_c2o1_pat6.csv,reports/verification/fact_matrix/crosscheck.log
8,1024,256,2,2,6,matrix,PASS,cbd3f13698111529c79d7d6a3262ae2421a9ad8e4b7949ff96642bee7a31e763,1004,928,2048,0,reports/verification/fact_matrix/simulation.log,reports/verification/fact_matrix\p8_n1024\dumps\p8_n1024_nh256_c2o2_pat6.csv,reports/verification/fact_matrix/crosscheck.log
8,1024,256,2,4,6,matrix,PASS,cbd3f13698111529c79d7d6a3262ae2421a9ad8e4b7949ff96642bee7a31e763,2008,1856,4096,0,reports/verification/fact_matrix/simulation.log,reports/verification/fact_matrix\p8_n1024\dumps\p8_n1024_nh256_c2o4_pat6.csv,reports/verification/fact_matrix/crosscheck.log
8,1024,256,4,1,6,matrix,PASS,cbd3f13698111529c79d7d6a3262ae2421a9ad8e4b7949ff96642bee7a31e763,902,820,1024,0,reports/verification/fact_matrix/simulation.log,reports/verification/fact_matrix\p8_n1024\dumps\p8_n1024_nh256_c4o1_pat6.csv,reports/verification/fact_matrix/crosscheck.log
8,1024,256,4,2,6,matrix,PASS,cbd3f13698111529c79d7d6a3262ae2421a9ad8e4b7949ff96642bee7a31e763,1804,1640,2048,0,reports/verification/fact_matrix/simulation.log,reports/verification/fact_matrix\p8_n1024\dumps\p8_n1024_nh256_c4o2_pat6.csv,reports/verification/fact_matrix/crosscheck.log
8,1024,256,4,4,6,matrix,PASS,cbd3f13698111529c79d7d6a3262ae2421a9ad8e4b7949ff96642bee7a31e763,3608,3280,4096,0,reports/verification/fact_matrix/simulation.log,reports/verification/fact_matrix\p8_n1024\dumps\p8_n1024_nh256_c4o4_pat6.csv,reports/verification/fact_matrix/crosscheck.log
8,1024,511,1,1,6,matrix,PASS,cbd3f13698111529c79d7d6a3262ae2421a9ad8e4b7949ff96642bee7a31e763,299,283,1024,0,reports/verification/fact_matrix/simulation.log,reports/verification/fact_matrix\p8_n1024\dumps\p8_n1024_nh511_c1o1_pat6.csv,reports/verification/fact_matrix/crosscheck.log
8,1024,511,1,2,6,matrix,PASS,cbd3f13698111529c79d7d6a3262ae2421a9ad8e4b7949ff96642bee7a31e763,624,556,2048,0,reports/verification/fact_matrix/simulation.log,reports/verification/fact_matrix\p8_n1024\dumps\p8_n1024_nh511_c1o2_pat6.csv,reports/verification/fact_matrix/crosscheck.log
8,1024,511,1,4,6,matrix,PASS,cbd3f13698111529c79d7d6a3262ae2421a9ad8e4b7949ff96642bee7a31e763,1248,1112,4096,0,reports/verification/fact_matrix/simulation.log,reports/verification/fact_matrix\p8_n1024\dumps\p8_n1024_nh511_c1o4_pat6.csv,reports/verification/fact_matrix/crosscheck.log
8,1024,511,2,1,6,matrix,PASS,cbd3f13698111529c79d7d6a3262ae2421a9ad8e4b7949ff96642bee7a31e763,502,464,1024,0,reports/verification/fact_matrix/simulation.log,reports/verification/fact_matrix\p8_n1024\dumps\p8_n1024_nh511_c2o1_pat6.csv,reports/verification/fact_matrix/crosscheck.log
8,1024,511,2,2,6,matrix,PASS,cbd3f13698111529c79d7d6a3262ae2421a9ad8e4b7949ff96642bee7a31e763,1004,928,2048,0,reports/verification/fact_matrix/simulation.log,reports/verification/fact_matrix\p8_n1024\dumps\p8_n1024_nh511_c2o2_pat6.csv,reports/verification/fact_matrix/crosscheck.log
8,1024,511,2,4,6,matrix,PASS,cbd3f13698111529c79d7d6a3262ae2421a9ad8e4b7949ff96642bee7a31e763,2008,1856,4096,0,reports/verification/fact_matrix/simulation.log,reports/verification/fact_matrix\p8_n1024\dumps\p8_n1024_nh511_c2o4_pat6.csv,reports/verification/fact_matrix/crosscheck.log
8,1024,511,4,1,6,matrix,PASS,cbd3f13698111529c79d7d6a3262ae2421a9ad8e4b7949ff96642bee7a31e763,902,820,1024,0,reports/verification/fact_matrix/simulation.log,reports/verification/fact_matrix\p8_n1024\dumps\p8_n1024_nh511_c4o1_pat6.csv,reports/verification/fact_matrix/crosscheck.log
8,1024,511,4,2,6,matrix,PASS,cbd3f13698111529c79d7d6a3262ae2421a9ad8e4b7949ff96642bee7a31e763,1804,1640,2048,0,reports/verification/fact_matrix/simulation.log,reports/verification/fact_matrix\p8_n1024\dumps\p8_n1024_nh511_c4o2_pat6.csv,reports/verification/fact_matrix/crosscheck.log
8,1024,511,4,4,6,matrix,PASS,cbd3f13698111529c79d7d6a3262ae2421a9ad8e4b7949ff96642bee7a31e763,3608,3280,4096,0,reports/verification/fact_matrix/simulation.log,reports/verification/fact_matrix\p8_n1024\dumps\p8_n1024_nh511_c4o4_pat6.csv,reports/verification/fact_matrix/crosscheck.log
8,1024,511,4,4,1,stress,PASS,cbd3f13698111529c79d7d6a3262ae2421a9ad8e4b7949ff96642bee7a31e763,3608,3280,4096,0,reports/verification/fact_matrix/simulation.log,reports/verification/fact_matrix\p8_n1024\dumps\p8_n1024_nh511_c4o4_pat1.csv,reports/verification/fact_matrix/crosscheck.log
8,1024,511,4,4,2,stress,PASS,cbd3f13698111529c79d7d6a3262ae2421a9ad8e4b7949ff96642bee7a31e763,3608,3280,4096,0,reports/verification/fact_matrix/simulation.log,reports/verification/fact_matrix\p8_n1024\dumps\p8_n1024_nh511_c4o4_pat2.csv,reports/verification/fact_matrix/crosscheck.log
8,1024,511,4,4,3,stress,PASS,cbd3f13698111529c79d7d6a3262ae2421a9ad8e4b7949ff96642bee7a31e763,3608,3280,4096,0,reports/verification/fact_matrix/simulation.log,reports/verification/fact_matrix\p8_n1024\dumps\p8_n1024_nh511_c4o4_pat3.csv,reports/verification/fact_matrix/crosscheck.log
8,1024,511,4,4,5,stress,PASS,cbd3f13698111529c79d7d6a3262ae2421a9ad8e4b7949ff96642bee7a31e763,3608,3280,4096,0,reports/verification/fact_matrix/simulation.log,reports/verification/fact_matrix\p8_n1024\dumps\p8_n1024_nh511_c4o4_pat5.csv,reports/verification/fact_matrix/crosscheck.log
