"Path","SHA256"
"rtl/common/ntt46_fact_ip_v1_crt2_reconstruct.sv","94bef70fbd22c99f7835f691353c8609d8263d4fa9dcc610b9cc852fa481f5b4"
"rtl/p254/ntt46_fact_forward_pair_to_product16_stream_bram_r512.sv","1a3620b798f1e88b2d37470203f9ce827cb918bb385b020e6a8cb45c85b7bb16"
"rtl/p254/ntt46_fact_forward_pair_to_product16_stream_r512.sv","3458973362cceee459c1825b08017e18a324bb51e9171d4659c22a6caf71913f"
"rtl/p254/ntt46_fact_forward_pair_to_product32_stream_r512.sv","cc6ee59b567bd67f21f0e81377aa2a7ce1852ca74dc219d888925a76b1d24618"
"rtl/p254/ntt46_fact_forward_pair_to_product64_stream_bram_r512.sv","77fa6d1c7f7761b770ebfd429ca4722b24da00476bf354931291b09588b70700"
"rtl/p254/ntt46_fact_forward64_to_product16_stream_r512.sv","77600a9e36fa4c3d4eceda4d44d0bcc0e1b9a8458d55522c2b03123cca1ad00e"
"rtl/p254/ntt46_fact_forward64_to_product32_stream_r512.sv","99ada7a9310adea09e4c96c6247d6c204ef4865e23eec6c750d471e1c2fdec0a"
"rtl/p254/ntt46_fact_lean_ip_int4_local_core.sv","ca4f65e3c3d7776463dff34abb79b35c5586be704b1247ddc1ea43a23cf62f26"
"rtl/p254/ntt46_fact_lean_res_bank.sv","4f5f581c0286c71d0bac017131ed6543cd1df9c39f657c0b31ad282391320223"
"rtl/p254/ntt46_fact_pair_inverse_terminal_shared_r512.sv","7a21a83bffe61c9ffc44d67c66b35ec4397fba08d1b29b791f2c1e344da5e8cf"
"rtl/p254/ntt46_fact_runtime_shared_pair_product16_streamed_bram_r512.sv","e183562ca6d738150996a2dbe33629f7447ec63652ebf0e8e322ed01f3eba1db"
"rtl/p254/ntt46_fact_terminal_crt_recombine32_r512.sv","fd6d944052be88c20a59d2faf79fdb0049f5c43fbf1ff87dd797904be89ea4a5"
"rtl/p254/ntt46_fact_top_prod.sv","585109f57996f906ef3295dde2277156e17f1dade6124d281c530184504d9422"
"rtl/p254/ntt46_fact_top_prod_load16.sv","396823d7bb6f252c111201a5975431fea993a3809d27b9c6fab2769685f1971c"
"rtl/p254/ntt46_mrec_arith_pkg.sv","64fc579457915d4766ab918220dabddf76265a6524a07e4b695eb5db36c5875f"
"rtl/p254/ntt46_mrec_modmul_j_pipe.sv","3caeb7ceb8663c85939a1992989efcc1b702e6ef278d4a7170d209906f7a3707"
"rtl/p254/ntt46_mrec_modmul_pipe.sv","750b142a87b8bf146028cfed3167b4305dea04b958bac15ee1a0654cb81ff59f"
"rtl/p254/ntt46_mrec_modmul_tight_pipe.sv","6f33c76b13332f2d42aae013ee5ba7002ad18e72a272aab124acc9d8e6742b11"
"rtl/p254/ntt46_mrec_params_pkg.sv","e39b3d95b8f744bf52f1e8809e5e3a7b3a349b1c018ea29ba944899db678ce04"
"rtl/p254/ntt46_zest_batch64_store_r512.sv","9247aaedf4921f95d80018cb0de57d8bec9a642c5c460be69f2804fa386dfde2"
"rtl/p254/ntt46_zest_radix24_bidir_bfly_lane_pipe.sv","505fd71652497854cb98afefebac39bc34633a98640e03aed2080197836a0935"
"rtl/p254/ntt46_zest_radix24_bidir_bfly_lane_unified_pipe.sv","3da2fef0a4d67f600e4f5e588b089dca21f9e6abe626ff6a2800a6813633856b"
"rtl/p254/ntt46_zest_radix24_lane16_group.sv","33b1a4b84543524f46d41c02cd210644aa2e396da0dda092aad4cbeba49cbb58"
"rtl/p254/ntt46_zest_radix24_lane16_group_unified_probe.sv","4a8c3457fc0e2dc8d6b46ea89f443d72b3c6769a5e56146f34d143725efc8ba7"
"rtl/p254/ntt46_zest_radix24_step16.sv","6371074102dd681dede6497177b4f8b20ba390b91377ba3ba3ca2e7fa86190c3"
"rtl/p254/ntt46_zest_radix24_twiddle16_rom.sv","c284d18e669b3543c2d5f5f64622bec3e34cb0c4e8552a2b025ffd35cc71dfcd"
"rtl/p254/ntt46_zest_slot16_store_sameaddr.sv","dba2df2d8ba385699a9aeb88bc8a0c62862d3f423e20f6fcdcd84b4aeba38768"
"rtl/p254/ntt46_zest_twist64_rom_r512.sv","dab06aeee49756b664aaca4f27035b39f50c2b8560953d2e2ce571f6d0cf8f69"
"rtl/p520/p520_ntt46_fact_forward_pair_to_product16_stream_bram_r512.sv","896e8d595bb42cc1759d9799f52322f6250a2f2d35e8d7070e8cdf5a032a913e"
"rtl/p520/p520_ntt46_fact_forward_pair_to_product16_stream_r512.sv","00c56be12c20ee073a7495a317e372a47d75a41af1a4cebd7f7876f2fafd81b8"
"rtl/p520/p520_ntt46_fact_forward_pair_to_product32_stream_r512.sv","056ca86c695ddbad72c310614023259068aab78f85eef988cc95cdc9f52e1964"
"rtl/p520/p520_ntt46_fact_forward_pair_to_product64_stream_bram_r512.sv","66f279648e63e419e1fc6db5ce83a9182cb0898888e160e4f0a979de302e8154"
"rtl/p520/p520_ntt46_fact_forward64_to_product16_stream_r512.sv","89c26eefb6542248b49d6d6e4399950e907a2dd547e3bce11b69ffc1f10221fa"
"rtl/p520/p520_ntt46_fact_forward64_to_product32_stream_r512.sv","6739a3c9c55bfd5225815ae843f7354bfb91c07ef6aa132835e322c42f7f02e8"
"rtl/p520/p520_ntt46_fact_ip_v1_int4_raw_core.sv","9c1ad1d9202ddd9709f07cc8f168077afdc79d5867fd48895eeca71a22ccc1e8"
"rtl/p520/p520_ntt46_fact_lean_ip_int4_axi_lite_core.sv","8bafb8cbbb2dec8692696b910ac80cfbf2e81aa3efde7fd95316cd0b4860ad27"
"rtl/p520/p520_ntt46_fact_lean_ip_int4_local_core.sv","b359234630de284518be30984a481a547323adc3458a51e0705add570546b41d"
"rtl/p520/p520_ntt46_fact_lean_res_bank.sv","d363e4cf1d67f956bd033977132b25963925f07e7ece83091ed71b0004bcffda"
"rtl/p520/p520_ntt46_fact_pair_inverse_terminal_shared_r512.sv","35918e54b30036b46f0488b44241d89f4bb3ab562e6de472f83c2e1a64a58921"
"rtl/p520/p520_ntt46_fact_runtime_shared_pair_product16_streamed_bram_r512.sv","711924c3d49cc2704744088fd317af1f7ba0b859ae124dfbc59147fc92f8b414"
"rtl/p520/p520_ntt46_fact_terminal_crt_recombine32_r512.sv","70c4edee12e8373559792a8296f80cd4494288b1d87f07fb473a304d154ab33b"
"rtl/p520/p520_ntt46_fact_top_prod.sv","e8c9c99707066f31e7fab053b4f0717fd894c00bf3e5b60d69dd7bc1055bcac1"
"rtl/p520/p520_ntt46_fact_top_prod_load16.sv","257f9a4047fb2f37bd4c6b8f522f2761cbe75eb12073d6391231442733a97003"
"rtl/p520/p520_ntt46_mrec_arith_pkg.sv","3fbc1b1a293674c113c4458ca287860b02f4fec705f6044694a31cf2846cab7c"
"rtl/p520/p520_ntt46_mrec_modmul_j_pipe.sv","6dd6d8f22fe3330af6bc7b37d2254a0dd8002683273dfefa7f1cc5c8b764b858"
"rtl/p520/p520_ntt46_mrec_modmul_pipe.sv","b8b7958b7f709732d12a53feca0f827e9bc86fa25827105f0bdbcf3b6ac8b2fa"
"rtl/p520/p520_ntt46_mrec_modmul_tight_pipe.sv","3ea56a9731ebac750f41f51561a286ca63b9c20ee890808bec6c0d6997e4fe56"
"rtl/p520/p520_ntt46_mrec_params_pkg.sv","f6ef94865dbc1bce6ad3f67c403c191e4d1576f52b9654f867ba58b04addedee"
"rtl/p520/p520_ntt46_zest_batch64_store_r512.sv","2462b7e69f5881e61f116502c391813aeeb482e79d9c9a9437b3c524b2920c7d"
"rtl/p520/p520_ntt46_zest_radix24_bidir_bfly_lane_pipe.sv","6c6c26957236374de6c69cb94e520793c2afb6c143ac52a0d9f338d900ffeaa5"
"rtl/p520/p520_ntt46_zest_radix24_bidir_bfly_lane_unified_pipe.sv","6d81095b740877ee55755d3b903b3252d709d8c8a36a951c3474eccbf54e0aef"
"rtl/p520/p520_ntt46_zest_radix24_lane16_group.sv","849ef7a2714baddcd3f0317c8b5c9202e85da88768174c78707e2685f05e4063"
"rtl/p520/p520_ntt46_zest_radix24_lane16_group_unified_probe.sv","d74a91822223646628661cab81491b65e7701655dff39b6dc2d365275d60a548"
"rtl/p520/p520_ntt46_zest_radix24_step16.sv","625922eeb29166dbbf8e2f61fe4e5e5ab7ba31d5698121f8754f405dc619b008"
"rtl/p520/p520_ntt46_zest_radix24_twiddle16_rom.sv","33deb4ba7823b83d4f25c29c474cfa32e7c38bfb7ec92dc8cbf877a7a365f859"
"rtl/p520/p520_ntt46_zest_slot16_store_sameaddr.sv","5da18a59975e31449796f7a89b3b2da398c274f3e97969f13165bf22baf85b4c"
"rtl/p520/p520_ntt46_zest_twist64_rom_r512.sv","9fdf56aa4e9a0ada3d43b116c92fec4bcdb918838c62cee7de785cec75867c82"
"rtl/unified/ntt46_fact_lean_ip_int8_axi_lite_core.sv","52bad56920a36cad37f583605d240281d4b6da48e97d4c93b75962fd9d143502"
"rtl/unified/ntt46_fact_lean_ip_int8_parallel_prime_core.sv","8ac016d9935d22a4bb091b63ca699cc3d72db3e36c72d59b30f848b8d132227c"
"rtl/unified/ntt46_fact_lean_ip_unified_axi_lite_core.sv","afe52782bde873ec0579a66a70389d8abdaf815de3911251dbf9de8d08b1e395"
"scripts/check_fact_output.py","d0212310fb5f37dca89b13083b9155720508c5af6a9791a6b889558f025c61bb"
"tb/tb_ntt46_fact_lean_ip_unified_axi_lite_core.sv","bd5f66d62fd7851ab375bf62c871390bca81d79e5fae0b32cfec93a4123c69bb"
