# R=256,N=512,LANES=8,CIN=4,COUT=4,NH=255,PATTERN=3,BOUND=8
cout,index,y
0,0,16
0,1,2
0,2,18
0,3,4
0,4,20
0,5,6
0,6,22
0,7,8
0,8,24
0,9,10
0,10,26
0,11,12
0,12,28
0,13,14
0,14,30
0,15,16
0,16,32
0,17,18
0,18,34
0,19,20
0,20,36
0,21,22
0,22,38
0,23,24
0,24,40
0,25,26
0,26,42
0,27,28
0,28,44
0,29,30
0,30,46
0,31,32
0,32,48
0,33,34
0,34,50
0,35,36
0,36,52
0,37,38
0,38,54
0,39,40
0,40,56
0,41,42
0,42,58
0,43,44
0,44,60
0,45,46
0,46,62
0,47,48
0,48,64
0,49,50
0,50,66
0,51,52
0,52,68
0,53,54
0,54,70
0,55,56
0,56,72
0,57,58
0,58,74
0,59,60
0,60,76
0,61,62
0,62,78
0,63,64
0,64,80
0,65,66
0,66,82
0,67,68
0,68,84
0,69,70
0,70,86
0,71,72
0,72,88
0,73,74
0,74,90
0,75,76
0,76,92
0,77,78
0,78,94
0,79,80
0,80,96
0,81,82
0,82,98
0,83,84
0,84,100
0,85,86
0,86,102
0,87,88
0,88,104
0,89,90
0,90,106
0,91,92
0,92,108
0,93,94
0,94,110
0,95,96
0,96,112
0,97,98
0,98,114
0,99,100
0,100,116
0,101,102
0,102,118
0,103,104
0,104,120
0,105,106
0,106,122
0,107,108
0,108,124
0,109,110
0,110,126
0,111,112
0,112,128
0,113,114
0,114,130
0,115,116
0,116,132
0,117,118
0,118,134
0,119,120
0,120,136
0,121,122
0,122,138
0,123,124
0,124,140
0,125,126
0,126,142
0,127,128
0,128,144
0,129,130
0,130,146
0,131,132
0,132,148
0,133,134
0,134,150
0,135,136
0,136,152
0,137,138
0,138,154
0,139,140
0,140,156
0,141,142
0,142,158
0,143,144
0,144,160
0,145,146
0,146,162
0,147,148
0,148,164
0,149,150
0,150,166
0,151,152
0,152,168
0,153,154
0,154,170
0,155,156
0,156,172
0,157,158
0,158,174
0,159,160
0,160,176
0,161,162
0,162,178
0,163,164
0,164,180
0,165,166
0,166,182
0,167,168
0,168,184
0,169,170
0,170,186
0,171,172
0,172,188
0,173,174
0,174,190
0,175,176
0,176,192
0,177,178
0,178,194
0,179,180
0,180,196
0,181,182
0,182,198
0,183,184
0,184,200
0,185,186
0,186,202
0,187,188
0,188,204
0,189,190
0,190,206
0,191,192
0,192,208
0,193,194
0,194,210
0,195,196
0,196,212
0,197,198
0,198,214
0,199,200
0,200,216
0,201,202
0,202,218
0,203,204
0,204,220
0,205,206
0,206,222
0,207,208
0,208,224
0,209,210
0,210,226
0,211,212
0,212,228
0,213,214
0,214,230
0,215,216
0,216,232
0,217,218
0,218,234
0,219,220
0,220,236
0,221,222
0,222,238
0,223,224
0,224,240
0,225,226
0,226,242
0,227,228
0,228,244
0,229,230
0,230,246
0,231,232
0,232,248
0,233,234
0,234,250
0,235,236
0,236,252
0,237,238
0,238,254
0,239,240
0,240,256
0,241,242
0,242,258
0,243,244
0,244,260
0,245,246
0,246,262
0,247,248
0,248,264
0,249,250
0,250,266
0,251,252
0,252,268
0,253,254
0,254,270
0,255,270
0,256,254
0,257,268
0,258,252
0,259,266
0,260,250
0,261,264
0,262,248
0,263,262
0,264,246
0,265,260
0,266,244
0,267,258
0,268,242
0,269,256
0,270,240
0,271,254
0,272,238
0,273,252
0,274,236
0,275,250
0,276,234
0,277,248
0,278,232
0,279,246
0,280,230
0,281,244
0,282,228
0,283,242
0,284,226
0,285,240
0,286,224
0,287,238
0,288,222
0,289,236
0,290,220
0,291,234
0,292,218
0,293,232
0,294,216
0,295,230
0,296,214
0,297,228
0,298,212
0,299,226
0,300,210
0,301,224
0,302,208
0,303,222
0,304,206
0,305,220
0,306,204
0,307,218
0,308,202
0,309,216
0,310,200
0,311,214
0,312,198
0,313,212
0,314,196
0,315,210
0,316,194
0,317,208
0,318,192
0,319,206
0,320,190
0,321,204
0,322,188
0,323,202
0,324,186
0,325,200
0,326,184
0,327,198
0,328,182
0,329,196
0,330,180
0,331,194
0,332,178
0,333,192
0,334,176
0,335,190
0,336,174
0,337,188
0,338,172
0,339,186
0,340,170
0,341,184
0,342,168
0,343,182
0,344,166
0,345,180
0,346,164
0,347,178
0,348,162
0,349,176
0,350,160
0,351,174
0,352,158
0,353,172
0,354,156
0,355,170
0,356,154
0,357,168
0,358,152
0,359,166
0,360,150
0,361,164
0,362,148
0,363,162
0,364,146
0,365,160
0,366,144
0,367,158
0,368,142
0,369,156
0,370,140
0,371,154
0,372,138
0,373,152
0,374,136
0,375,150
0,376,134
0,377,148
0,378,132
0,379,146
0,380,130
0,381,144
0,382,128
0,383,142
0,384,126
0,385,140
0,386,124
0,387,138
0,388,122
0,389,136
0,390,120
0,391,134
0,392,118
0,393,132
0,394,116
0,395,130
0,396,114
0,397,128
0,398,112
0,399,126
0,400,110
0,401,124
0,402,108
0,403,122
0,404,106
0,405,120
0,406,104
0,407,118
0,408,102
0,409,116
0,410,100
0,411,114
0,412,98
0,413,112
0,414,96
0,415,110
0,416,94
0,417,108
0,418,92
0,419,106
0,420,90
0,421,104
0,422,88
0,423,102
0,424,86
0,425,100
0,426,84
0,427,98
0,428,82
0,429,96
0,430,80
0,431,94
0,432,78
0,433,92
0,434,76
0,435,90
0,436,74
0,437,88
0,438,72
0,439,86
0,440,70
0,441,84
0,442,68
0,443,82
0,444,66
0,445,80
0,446,64
0,447,78
0,448,62
0,449,76
0,450,60
0,451,74
0,452,58
0,453,72
0,454,56
0,455,70
0,456,54
0,457,68
0,458,52
0,459,66
0,460,50
0,461,64
0,462,48
0,463,62
0,464,46
0,465,60
0,466,44
0,467,58
0,468,42
0,469,56
0,470,40
0,471,54
0,472,38
0,473,52
0,474,36
0,475,50
0,476,34
0,477,48
0,478,32
0,479,46
0,480,30
0,481,44
0,482,28
0,483,42
0,484,26
0,485,40
0,486,24
0,487,38
0,488,22
0,489,36
0,490,20
0,491,34
0,492,18
0,493,32
0,494,16
0,495,30
0,496,14
0,497,28
0,498,12
0,499,26
0,500,10
0,501,24
0,502,8
0,503,22
0,504,6
0,505,20
0,506,4
0,507,18
0,508,2
0,509,16
0,510,0
0,511,0
1,0,16
1,1,2
1,2,18
1,3,4
1,4,20
1,5,6
1,6,22
1,7,8
1,8,24
1,9,10
1,10,26
1,11,12
1,12,28
1,13,14
1,14,30
1,15,16
1,16,32
1,17,18
1,18,34
1,19,20
1,20,36
1,21,22
1,22,38
1,23,24
1,24,40
1,25,26
1,26,42
1,27,28
1,28,44
1,29,30
1,30,46
1,31,32
1,32,48
1,33,34
1,34,50
1,35,36
1,36,52
1,37,38
1,38,54
1,39,40
1,40,56
1,41,42
1,42,58
1,43,44
1,44,60
1,45,46
1,46,62
1,47,48
1,48,64
1,49,50
1,50,66
1,51,52
1,52,68
1,53,54
1,54,70
1,55,56
1,56,72
1,57,58
1,58,74
1,59,60
1,60,76
1,61,62
1,62,78
1,63,64
1,64,80
1,65,66
1,66,82
1,67,68
1,68,84
1,69,70
1,70,86
1,71,72
1,72,88
1,73,74
1,74,90
1,75,76
1,76,92
1,77,78
1,78,94
1,79,80
1,80,96
1,81,82
1,82,98
1,83,84
1,84,100
1,85,86
1,86,102
1,87,88
1,88,104
1,89,90
1,90,106
1,91,92
1,92,108
1,93,94
1,94,110
1,95,96
1,96,112
1,97,98
1,98,114
1,99,100
1,100,116
1,101,102
1,102,118
1,103,104
1,104,120
1,105,106
1,106,122
1,107,108
1,108,124
1,109,110
1,110,126
1,111,112
1,112,128
1,113,114
1,114,130
1,115,116
1,116,132
1,117,118
1,118,134
1,119,120
1,120,136
1,121,122
1,122,138
1,123,124
1,124,140
1,125,126
1,126,142
1,127,128
1,128,144
1,129,130
1,130,146
1,131,132
1,132,148
1,133,134
1,134,150
1,135,136
1,136,152
1,137,138
1,138,154
1,139,140
1,140,156
1,141,142
1,142,158
1,143,144
1,144,160
1,145,146
1,146,162
1,147,148
1,148,164
1,149,150
1,150,166
1,151,152
1,152,168
1,153,154
1,154,170
1,155,156
1,156,172
1,157,158
1,158,174
1,159,160
1,160,176
1,161,162
1,162,178
1,163,164
1,164,180
1,165,166
1,166,182
1,167,168
1,168,184
1,169,170
1,170,186
1,171,172
1,172,188
1,173,174
1,174,190
1,175,176
1,176,192
1,177,178
1,178,194
1,179,180
1,180,196
1,181,182
1,182,198
1,183,184
1,184,200
1,185,186
1,186,202
1,187,188
1,188,204
1,189,190
1,190,206
1,191,192
1,192,208
1,193,194
1,194,210
1,195,196
1,196,212
1,197,198
1,198,214
1,199,200
1,200,216
1,201,202
1,202,218
1,203,204
1,204,220
1,205,206
1,206,222
1,207,208
1,208,224
1,209,210
1,210,226
1,211,212
1,212,228
1,213,214
1,214,230
1,215,216
1,216,232
1,217,218
1,218,234
1,219,220
1,220,236
1,221,222
1,222,238
1,223,224
1,224,240
1,225,226
1,226,242
1,227,228
1,228,244
1,229,230
1,230,246
1,231,232
1,232,248
1,233,234
1,234,250
1,235,236
1,236,252
1,237,238
1,238,254
1,239,240
1,240,256
1,241,242
1,242,258
1,243,244
1,244,260
1,245,246
1,246,262
1,247,248
1,248,264
1,249,250
1,250,266
1,251,252
1,252,268
1,253,254
1,254,270
1,255,270
1,256,254
1,257,268
1,258,252
1,259,266
1,260,250
1,261,264
1,262,248
1,263,262
1,264,246
1,265,260
1,266,244
1,267,258
1,268,242
1,269,256
1,270,240
1,271,254
1,272,238
1,273,252
1,274,236
1,275,250
1,276,234
1,277,248
1,278,232
1,279,246
1,280,230
1,281,244
1,282,228
1,283,242
1,284,226
1,285,240
1,286,224
1,287,238
1,288,222
1,289,236
1,290,220
1,291,234
1,292,218
1,293,232
1,294,216
1,295,230
1,296,214
1,297,228
1,298,212
1,299,226
1,300,210
1,301,224
1,302,208
1,303,222
1,304,206
1,305,220
1,306,204
1,307,218
1,308,202
1,309,216
1,310,200
1,311,214
1,312,198
1,313,212
1,314,196
1,315,210
1,316,194
1,317,208
1,318,192
1,319,206
1,320,190
1,321,204
1,322,188
1,323,202
1,324,186
1,325,200
1,326,184
1,327,198
1,328,182
1,329,196
1,330,180
1,331,194
1,332,178
1,333,192
1,334,176
1,335,190
1,336,174
1,337,188
1,338,172
1,339,186
1,340,170
1,341,184
1,342,168
1,343,182
1,344,166
1,345,180
1,346,164
1,347,178
1,348,162
1,349,176
1,350,160
1,351,174
1,352,158
1,353,172
1,354,156
1,355,170
1,356,154
1,357,168
1,358,152
1,359,166
1,360,150
1,361,164
1,362,148
1,363,162
1,364,146
1,365,160
1,366,144
1,367,158
1,368,142
1,369,156
1,370,140
1,371,154
1,372,138
1,373,152
1,374,136
1,375,150
1,376,134
1,377,148
1,378,132
1,379,146
1,380,130
1,381,144
1,382,128
1,383,142
1,384,126
1,385,140
1,386,124
1,387,138
1,388,122
1,389,136
1,390,120
1,391,134
1,392,118
1,393,132
1,394,116
1,395,130
1,396,114
1,397,128
1,398,112
1,399,126
1,400,110
1,401,124
1,402,108
1,403,122
1,404,106
1,405,120
1,406,104
1,407,118
1,408,102
1,409,116
1,410,100
1,411,114
1,412,98
1,413,112
1,414,96
1,415,110
1,416,94
1,417,108
1,418,92
1,419,106
1,420,90
1,421,104
1,422,88
1,423,102
1,424,86
1,425,100
1,426,84
1,427,98
1,428,82
1,429,96
1,430,80
1,431,94
1,432,78
1,433,92
1,434,76
1,435,90
1,436,74
1,437,88
1,438,72
1,439,86
1,440,70
1,441,84
1,442,68
1,443,82
1,444,66
1,445,80
1,446,64
1,447,78
1,448,62
1,449,76
1,450,60
1,451,74
1,452,58
1,453,72
1,454,56
1,455,70
1,456,54
1,457,68
1,458,52
1,459,66
1,460,50
1,461,64
1,462,48
1,463,62
1,464,46
1,465,60
1,466,44
1,467,58
1,468,42
1,469,56
1,470,40
1,471,54
1,472,38
1,473,52
1,474,36
1,475,50
1,476,34
1,477,48
1,478,32
1,479,46
1,480,30
1,481,44
1,482,28
1,483,42
1,484,26
1,485,40
1,486,24
1,487,38
1,488,22
1,489,36
1,490,20
1,491,34
1,492,18
1,493,32
1,494,16
1,495,30
1,496,14
1,497,28
1,498,12
1,499,26
1,500,10
1,501,24
1,502,8
1,503,22
1,504,6
1,505,20
1,506,4
1,507,18
1,508,2
1,509,16
1,510,0
1,511,0
2,0,16
2,1,2
2,2,18
2,3,4
2,4,20
2,5,6
2,6,22
2,7,8
2,8,24
2,9,10
2,10,26
2,11,12
2,12,28
2,13,14
2,14,30
2,15,16
2,16,32
2,17,18
2,18,34
2,19,20
2,20,36
2,21,22
2,22,38
2,23,24
2,24,40
2,25,26
2,26,42
2,27,28
2,28,44
2,29,30
2,30,46
2,31,32
2,32,48
2,33,34
2,34,50
2,35,36
2,36,52
2,37,38
2,38,54
2,39,40
2,40,56
2,41,42
2,42,58
2,43,44
2,44,60
2,45,46
2,46,62
2,47,48
2,48,64
2,49,50
2,50,66
2,51,52
2,52,68
2,53,54
2,54,70
2,55,56
2,56,72
2,57,58
2,58,74
2,59,60
2,60,76
2,61,62
2,62,78
2,63,64
2,64,80
2,65,66
2,66,82
2,67,68
2,68,84
2,69,70
2,70,86
2,71,72
2,72,88
2,73,74
2,74,90
2,75,76
2,76,92
2,77,78
2,78,94
2,79,80
2,80,96
2,81,82
2,82,98
2,83,84
2,84,100
2,85,86
2,86,102
2,87,88
2,88,104
2,89,90
2,90,106
2,91,92
2,92,108
2,93,94
2,94,110
2,95,96
2,96,112
2,97,98
2,98,114
2,99,100
2,100,116
2,101,102
2,102,118
2,103,104
2,104,120
2,105,106
2,106,122
2,107,108
2,108,124
2,109,110
2,110,126
2,111,112
2,112,128
2,113,114
2,114,130
2,115,116
2,116,132
2,117,118
2,118,134
2,119,120
2,120,136
2,121,122
2,122,138
2,123,124
2,124,140
2,125,126
2,126,142
2,127,128
2,128,144
2,129,130
2,130,146
2,131,132
2,132,148
2,133,134
2,134,150
2,135,136
2,136,152
2,137,138
2,138,154
2,139,140
2,140,156
2,141,142
2,142,158
2,143,144
2,144,160
2,145,146
2,146,162
2,147,148
2,148,164
2,149,150
2,150,166
2,151,152
2,152,168
2,153,154
2,154,170
2,155,156
2,156,172
2,157,158
2,158,174
2,159,160
2,160,176
2,161,162
2,162,178
2,163,164
2,164,180
2,165,166
2,166,182
2,167,168
2,168,184
2,169,170
2,170,186
2,171,172
2,172,188
2,173,174
2,174,190
2,175,176
2,176,192
2,177,178
2,178,194
2,179,180
2,180,196
2,181,182
2,182,198
2,183,184
2,184,200
2,185,186
2,186,202
2,187,188
2,188,204
2,189,190
2,190,206
2,191,192
2,192,208
2,193,194
2,194,210
2,195,196
2,196,212
2,197,198
2,198,214
2,199,200
2,200,216
2,201,202
2,202,218
2,203,204
2,204,220
2,205,206
2,206,222
2,207,208
2,208,224
2,209,210
2,210,226
2,211,212
2,212,228
2,213,214
2,214,230
2,215,216
2,216,232
2,217,218
2,218,234
2,219,220
2,220,236
2,221,222
2,222,238
2,223,224
2,224,240
2,225,226
2,226,242
2,227,228
2,228,244
2,229,230
2,230,246
2,231,232
2,232,248
2,233,234
2,234,250
2,235,236
2,236,252
2,237,238
2,238,254
2,239,240
2,240,256
2,241,242
2,242,258
2,243,244
2,244,260
2,245,246
2,246,262
2,247,248
2,248,264
2,249,250
2,250,266
2,251,252
2,252,268
2,253,254
2,254,270
2,255,270
2,256,254
2,257,268
2,258,252
2,259,266
2,260,250
2,261,264
2,262,248
2,263,262
2,264,246
2,265,260
2,266,244
2,267,258
2,268,242
2,269,256
2,270,240
2,271,254
2,272,238
2,273,252
2,274,236
2,275,250
2,276,234
2,277,248
2,278,232
2,279,246
2,280,230
2,281,244
2,282,228
2,283,242
2,284,226
2,285,240
2,286,224
2,287,238
2,288,222
2,289,236
2,290,220
2,291,234
2,292,218
2,293,232
2,294,216
2,295,230
2,296,214
2,297,228
2,298,212
2,299,226
2,300,210
2,301,224
2,302,208
2,303,222
2,304,206
2,305,220
2,306,204
2,307,218
2,308,202
2,309,216
2,310,200
2,311,214
2,312,198
2,313,212
2,314,196
2,315,210
2,316,194
2,317,208
2,318,192
2,319,206
2,320,190
2,321,204
2,322,188
2,323,202
2,324,186
2,325,200
2,326,184
2,327,198
2,328,182
2,329,196
2,330,180
2,331,194
2,332,178
2,333,192
2,334,176
2,335,190
2,336,174
2,337,188
2,338,172
2,339,186
2,340,170
2,341,184
2,342,168
2,343,182
2,344,166
2,345,180
2,346,164
2,347,178
2,348,162
2,349,176
2,350,160
2,351,174
2,352,158
2,353,172
2,354,156
2,355,170
2,356,154
2,357,168
2,358,152
2,359,166
2,360,150
2,361,164
2,362,148
2,363,162
2,364,146
2,365,160
2,366,144
2,367,158
2,368,142
2,369,156
2,370,140
2,371,154
2,372,138
2,373,152
2,374,136
2,375,150
2,376,134
2,377,148
2,378,132
2,379,146
2,380,130
2,381,144
2,382,128
2,383,142
2,384,126
2,385,140
2,386,124
2,387,138
2,388,122
2,389,136
2,390,120
2,391,134
2,392,118
2,393,132
2,394,116
2,395,130
2,396,114
2,397,128
2,398,112
2,399,126
2,400,110
2,401,124
2,402,108
2,403,122
2,404,106
2,405,120
2,406,104
2,407,118
2,408,102
2,409,116
2,410,100
2,411,114
2,412,98
2,413,112
2,414,96
2,415,110
2,416,94
2,417,108
2,418,92
2,419,106
2,420,90
2,421,104
2,422,88
2,423,102
2,424,86
2,425,100
2,426,84
2,427,98
2,428,82
2,429,96
2,430,80
2,431,94
2,432,78
2,433,92
2,434,76
2,435,90
2,436,74
2,437,88
2,438,72
2,439,86
2,440,70
2,441,84
2,442,68
2,443,82
2,444,66
2,445,80
2,446,64
2,447,78
2,448,62
2,449,76
2,450,60
2,451,74
2,452,58
2,453,72
2,454,56
2,455,70
2,456,54
2,457,68
2,458,52
2,459,66
2,460,50
2,461,64
2,462,48
2,463,62
2,464,46
2,465,60
2,466,44
2,467,58
2,468,42
2,469,56
2,470,40
2,471,54
2,472,38
2,473,52
2,474,36
2,475,50
2,476,34
2,477,48
2,478,32
2,479,46
2,480,30
2,481,44
2,482,28
2,483,42
2,484,26
2,485,40
2,486,24
2,487,38
2,488,22
2,489,36
2,490,20
2,491,34
2,492,18
2,493,32
2,494,16
2,495,30
2,496,14
2,497,28
2,498,12
2,499,26
2,500,10
2,501,24
2,502,8
2,503,22
2,504,6
2,505,20
2,506,4
2,507,18
2,508,2
2,509,16
2,510,0
2,511,0
3,0,16
3,1,2
3,2,18
3,3,4
3,4,20
3,5,6
3,6,22
3,7,8
3,8,24
3,9,10
3,10,26
3,11,12
3,12,28
3,13,14
3,14,30
3,15,16
3,16,32
3,17,18
3,18,34
3,19,20
3,20,36
3,21,22
3,22,38
3,23,24
3,24,40
3,25,26
3,26,42
3,27,28
3,28,44
3,29,30
3,30,46
3,31,32
3,32,48
3,33,34
3,34,50
3,35,36
3,36,52
3,37,38
3,38,54
3,39,40
3,40,56
3,41,42
3,42,58
3,43,44
3,44,60
3,45,46
3,46,62
3,47,48
3,48,64
3,49,50
3,50,66
3,51,52
3,52,68
3,53,54
3,54,70
3,55,56
3,56,72
3,57,58
3,58,74
3,59,60
3,60,76
3,61,62
3,62,78
3,63,64
3,64,80
3,65,66
3,66,82
3,67,68
3,68,84
3,69,70
3,70,86
3,71,72
3,72,88
3,73,74
3,74,90
3,75,76
3,76,92
3,77,78
3,78,94
3,79,80
3,80,96
3,81,82
3,82,98
3,83,84
3,84,100
3,85,86
3,86,102
3,87,88
3,88,104
3,89,90
3,90,106
3,91,92
3,92,108
3,93,94
3,94,110
3,95,96
3,96,112
3,97,98
3,98,114
3,99,100
3,100,116
3,101,102
3,102,118
3,103,104
3,104,120
3,105,106
3,106,122
3,107,108
3,108,124
3,109,110
3,110,126
3,111,112
3,112,128
3,113,114
3,114,130
3,115,116
3,116,132
3,117,118
3,118,134
3,119,120
3,120,136
3,121,122
3,122,138
3,123,124
3,124,140
3,125,126
3,126,142
3,127,128
3,128,144
3,129,130
3,130,146
3,131,132
3,132,148
3,133,134
3,134,150
3,135,136
3,136,152
3,137,138
3,138,154
3,139,140
3,140,156
3,141,142
3,142,158
3,143,144
3,144,160
3,145,146
3,146,162
3,147,148
3,148,164
3,149,150
3,150,166
3,151,152
3,152,168
3,153,154
3,154,170
3,155,156
3,156,172
3,157,158
3,158,174
3,159,160
3,160,176
3,161,162
3,162,178
3,163,164
3,164,180
3,165,166
3,166,182
3,167,168
3,168,184
3,169,170
3,170,186
3,171,172
3,172,188
3,173,174
3,174,190
3,175,176
3,176,192
3,177,178
3,178,194
3,179,180
3,180,196
3,181,182
3,182,198
3,183,184
3,184,200
3,185,186
3,186,202
3,187,188
3,188,204
3,189,190
3,190,206
3,191,192
3,192,208
3,193,194
3,194,210
3,195,196
3,196,212
3,197,198
3,198,214
3,199,200
3,200,216
3,201,202
3,202,218
3,203,204
3,204,220
3,205,206
3,206,222
3,207,208
3,208,224
3,209,210
3,210,226
3,211,212
3,212,228
3,213,214
3,214,230
3,215,216
3,216,232
3,217,218
3,218,234
3,219,220
3,220,236
3,221,222
3,222,238
3,223,224
3,224,240
3,225,226
3,226,242
3,227,228
3,228,244
3,229,230
3,230,246
3,231,232
3,232,248
3,233,234
3,234,250
3,235,236
3,236,252
3,237,238
3,238,254
3,239,240
3,240,256
3,241,242
3,242,258
3,243,244
3,244,260
3,245,246
3,246,262
3,247,248
3,248,264
3,249,250
3,250,266
3,251,252
3,252,268
3,253,254
3,254,270
3,255,270
3,256,254
3,257,268
3,258,252
3,259,266
3,260,250
3,261,264
3,262,248
3,263,262
3,264,246
3,265,260
3,266,244
3,267,258
3,268,242
3,269,256
3,270,240
3,271,254
3,272,238
3,273,252
3,274,236
3,275,250
3,276,234
3,277,248
3,278,232
3,279,246
3,280,230
3,281,244
3,282,228
3,283,242
3,284,226
3,285,240
3,286,224
3,287,238
3,288,222
3,289,236
3,290,220
3,291,234
3,292,218
3,293,232
3,294,216
3,295,230
3,296,214
3,297,228
3,298,212
3,299,226
3,300,210
3,301,224
3,302,208
3,303,222
3,304,206
3,305,220
3,306,204
3,307,218
3,308,202
3,309,216
3,310,200
3,311,214
3,312,198
3,313,212
3,314,196
3,315,210
3,316,194
3,317,208
3,318,192
3,319,206
3,320,190
3,321,204
3,322,188
3,323,202
3,324,186
3,325,200
3,326,184
3,327,198
3,328,182
3,329,196
3,330,180
3,331,194
3,332,178
3,333,192
3,334,176
3,335,190
3,336,174
3,337,188
3,338,172
3,339,186
3,340,170
3,341,184
3,342,168
3,343,182
3,344,166
3,345,180
3,346,164
3,347,178
3,348,162
3,349,176
3,350,160
3,351,174
3,352,158
3,353,172
3,354,156
3,355,170
3,356,154
3,357,168
3,358,152
3,359,166
3,360,150
3,361,164
3,362,148
3,363,162
3,364,146
3,365,160
3,366,144
3,367,158
3,368,142
3,369,156
3,370,140
3,371,154
3,372,138
3,373,152
3,374,136
3,375,150
3,376,134
3,377,148
3,378,132
3,379,146
3,380,130
3,381,144
3,382,128
3,383,142
3,384,126
3,385,140
3,386,124
3,387,138
3,388,122
3,389,136
3,390,120
3,391,134
3,392,118
3,393,132
3,394,116
3,395,130
3,396,114
3,397,128
3,398,112
3,399,126
3,400,110
3,401,124
3,402,108
3,403,122
3,404,106
3,405,120
3,406,104
3,407,118
3,408,102
3,409,116
3,410,100
3,411,114
3,412,98
3,413,112
3,414,96
3,415,110
3,416,94
3,417,108
3,418,92
3,419,106
3,420,90
3,421,104
3,422,88
3,423,102
3,424,86
3,425,100
3,426,84
3,427,98
3,428,82
3,429,96
3,430,80
3,431,94
3,432,78
3,433,92
3,434,76
3,435,90
3,436,74
3,437,88
3,438,72
3,439,86
3,440,70
3,441,84
3,442,68
3,443,82
3,444,66
3,445,80
3,446,64
3,447,78
3,448,62
3,449,76
3,450,60
3,451,74
3,452,58
3,453,72
3,454,56
3,455,70
3,456,54
3,457,68
3,458,52
3,459,66
3,460,50
3,461,64
3,462,48
3,463,62
3,464,46
3,465,60
3,466,44
3,467,58
3,468,42
3,469,56
3,470,40
3,471,54
3,472,38
3,473,52
3,474,36
3,475,50
3,476,34
3,477,48
3,478,32
3,479,46
3,480,30
3,481,44
3,482,28
3,483,42
3,484,26
3,485,40
3,486,24
3,487,38
3,488,22
3,489,36
3,490,20
3,491,34
3,492,18
3,493,32
3,494,16
3,495,30
3,496,14
3,497,28
3,498,12
3,499,26
3,500,10
3,501,24
3,502,8
3,503,22
3,504,6
3,505,20
3,506,4
3,507,18
3,508,2
3,509,16
3,510,0
3,511,0
