"name","kind","precision","N","period_ns","fmax_target_mhz","route_status","route_errors","wns_ns","whs_ns","clb_luts","clb_registers","dsp","bram_tiles","vectorless_power_w","power_confidence","unconstrained_internal_max_endpoints","critical_drc_rules","source_manifest_sha256","contract","timing_report","utilization_report","route_report","drc_report","power_report"
"fact_int4_n256_p3_500","fact","4","256","3.5","285.714","ROUTED","0","0.0","0.003","49215","46263","163","145","4.002","Low","0","NSTD-1;UCIO-1","8a9d961f58aa736206c50d677f2a39e0375461e3b054c109025658d8f744f124","reports/routes/fact_int4_n256_p3_500/int4_n256_p3_500_build_contract.txt","reports/routes/fact_int4_n256_p3_500/int4_n256_p3_500_timing.rpt","reports/routes/fact_int4_n256_p3_500/int4_n256_p3_500_util.rpt","reports/routes/fact_int4_n256_p3_500/int4_n256_p3_500_route_status.rpt","reports/routes/fact_int4_n256_p3_500/int4_n256_p3_500_drc.rpt","reports/routes/fact_int4_n256_p3_500/int4_n256_p3_500_power_vectorless.rpt"
"fact_int4_n512_p4_000","fact","4","512","4","250","ROUTED","0","0.07","0.011","54752","53658","195","172","3.967","Low","0","NSTD-1;UCIO-1","8a9d961f58aa736206c50d677f2a39e0375461e3b054c109025658d8f744f124","reports/routes/fact_int4_n512_p4_000/int4_n512_p4_000_build_contract.txt","reports/routes/fact_int4_n512_p4_000/int4_n512_p4_000_timing.rpt","reports/routes/fact_int4_n512_p4_000/int4_n512_p4_000_util.rpt","reports/routes/fact_int4_n512_p4_000/int4_n512_p4_000_route_status.rpt","reports/routes/fact_int4_n512_p4_000/int4_n512_p4_000_drc.rpt","reports/routes/fact_int4_n512_p4_000/int4_n512_p4_000_power_vectorless.rpt"
"fact_int4_n1024_p4_125","fact","4","1024","4.125","242.424","ROUTED","0","0.046","0.01","90639","84809","323","277.5","6.019","Low","0","NSTD-1;UCIO-1","8a9d961f58aa736206c50d677f2a39e0375461e3b054c109025658d8f744f124","reports/routes/fact_int4_n1024_p4_125/int4_n1024_p4_125_build_contract.txt","reports/routes/fact_int4_n1024_p4_125/int4_n1024_p4_125_timing.rpt","reports/routes/fact_int4_n1024_p4_125/int4_n1024_p4_125_util.rpt","reports/routes/fact_int4_n1024_p4_125/int4_n1024_p4_125_route_status.rpt","reports/routes/fact_int4_n1024_p4_125/int4_n1024_p4_125_drc.rpt","reports/routes/fact_int4_n1024_p4_125/int4_n1024_p4_125_power_vectorless.rpt"
"fact_int8_n256_p4_750","fact","8","256","4.75","210.526","ROUTED","0","0.154","0.01","98011","90795","251","234.5","4.969","Low","0","NSTD-1;UCIO-1","8a9d961f58aa736206c50d677f2a39e0375461e3b054c109025658d8f744f124","reports/routes/fact_int8_n256_p4_750/int8_n256_p4_750_build_contract.txt","reports/routes/fact_int8_n256_p4_750/int8_n256_p4_750_timing.rpt","reports/routes/fact_int8_n256_p4_750/int8_n256_p4_750_util.rpt","reports/routes/fact_int8_n256_p4_750/int8_n256_p4_750_route_status.rpt","reports/routes/fact_int8_n256_p4_750/int8_n256_p4_750_drc.rpt","reports/routes/fact_int8_n256_p4_750/int8_n256_p4_750_power_vectorless.rpt"
"fact_int8_n512_p4_750","fact","8","512","4.75","210.526","ROUTED","0","0.11","0.01","109243","107248","299","263","5.606","Low","0","NSTD-1;UCIO-1","8a9d961f58aa736206c50d677f2a39e0375461e3b054c109025658d8f744f124","reports/routes/fact_int8_n512_p4_750/int8_n512_p4_750_build_contract.txt","reports/routes/fact_int8_n512_p4_750/int8_n512_p4_750_timing.rpt","reports/routes/fact_int8_n512_p4_750/int8_n512_p4_750_util.rpt","reports/routes/fact_int8_n512_p4_750/int8_n512_p4_750_route_status.rpt","reports/routes/fact_int8_n512_p4_750/int8_n512_p4_750_drc.rpt","reports/routes/fact_int8_n512_p4_750/int8_n512_p4_750_power_vectorless.rpt"
"fact_int8_n1024_p5_000","fact","8","1024","5","200","ROUTED","0","0.111","0.011","181272","169372","491","458.5","8.511","Low","0","NSTD-1;UCIO-1","8a9d961f58aa736206c50d677f2a39e0375461e3b054c109025658d8f744f124","reports/routes/fact_int8_n1024_p5_000/int8_n1024_p5_000_build_contract.txt","reports/routes/fact_int8_n1024_p5_000/int8_n1024_p5_000_timing.rpt","reports/routes/fact_int8_n1024_p5_000/int8_n1024_p5_000_util.rpt","reports/routes/fact_int8_n1024_p5_000/int8_n1024_p5_000_route_status.rpt","reports/routes/fact_int8_n1024_p5_000/int8_n1024_p5_000_drc.rpt","reports/routes/fact_int8_n1024_p5_000/int8_n1024_p5_000_power_vectorless.rpt"
"direct_int4_n256_p4_000","direct","4","256","4","250","ROUTED","0","0.312","0.052","735","303","0","16","0.747","Low","0","NSTD-1;UCIO-1","9f7408e037198b5b706c75ee7c06a94ecc9bf0ad4b517d6f1ab1ada88f8969ef","reports/routes/direct_int4_n256_p4_000/direct_int4_n256_p4_000_build_contract.txt","reports/routes/direct_int4_n256_p4_000/direct_int4_n256_p4_000_timing.rpt","reports/routes/direct_int4_n256_p4_000/direct_int4_n256_p4_000_utilization.rpt","reports/routes/direct_int4_n256_p4_000/direct_int4_n256_p4_000_route_status.rpt","reports/routes/direct_int4_n256_p4_000/direct_int4_n256_p4_000_drc.rpt","reports/routes/direct_int4_n256_p4_000/direct_int4_n256_p4_000_power_vectorless.rpt"
"direct_int4_n512_p4_000","direct","4","512","4","250","ROUTED","0","0.154","0.042","745","307","0","16","0.746","Low","0","NSTD-1;UCIO-1","9f7408e037198b5b706c75ee7c06a94ecc9bf0ad4b517d6f1ab1ada88f8969ef","reports/routes/direct_int4_n512_p4_000/direct_int4_n512_p4_000_build_contract.txt","reports/routes/direct_int4_n512_p4_000/direct_int4_n512_p4_000_timing.rpt","reports/routes/direct_int4_n512_p4_000/direct_int4_n512_p4_000_utilization.rpt","reports/routes/direct_int4_n512_p4_000/direct_int4_n512_p4_000_route_status.rpt","reports/routes/direct_int4_n512_p4_000/direct_int4_n512_p4_000_drc.rpt","reports/routes/direct_int4_n512_p4_000/direct_int4_n512_p4_000_power_vectorless.rpt"
"direct_int4_n1024_p4_000","direct","4","1024","4","250","ROUTED","0","0.206","0.044","721","311","0","16","0.745","Low","0","NSTD-1;UCIO-1","9f7408e037198b5b706c75ee7c06a94ecc9bf0ad4b517d6f1ab1ada88f8969ef","reports/routes/direct_int4_n1024_p4_000/direct_int4_n1024_p4_000_build_contract.txt","reports/routes/direct_int4_n1024_p4_000/direct_int4_n1024_p4_000_timing.rpt","reports/routes/direct_int4_n1024_p4_000/direct_int4_n1024_p4_000_utilization.rpt","reports/routes/direct_int4_n1024_p4_000/direct_int4_n1024_p4_000_route_status.rpt","reports/routes/direct_int4_n1024_p4_000/direct_int4_n1024_p4_000_drc.rpt","reports/routes/direct_int4_n1024_p4_000/direct_int4_n1024_p4_000_power_vectorless.rpt"
"direct_int8_n256_p5_500","direct","8","256","5.5","181.818","ROUTED","0","0.06","0.054","564","175","16","16","0.721","Low","0","NSTD-1;UCIO-1","9f7408e037198b5b706c75ee7c06a94ecc9bf0ad4b517d6f1ab1ada88f8969ef","reports/routes/direct_int8_n256_p5_500/direct_int8_n256_p5_500_build_contract.txt","reports/routes/direct_int8_n256_p5_500/direct_int8_n256_p5_500_timing.rpt","reports/routes/direct_int8_n256_p5_500/direct_int8_n256_p5_500_utilization.rpt","reports/routes/direct_int8_n256_p5_500/direct_int8_n256_p5_500_route_status.rpt","reports/routes/direct_int8_n256_p5_500/direct_int8_n256_p5_500_drc.rpt","reports/routes/direct_int8_n256_p5_500/direct_int8_n256_p5_500_power_vectorless.rpt"
"direct_int8_n512_p5_500","direct","8","512","5.5","181.818","ROUTED","0","0.002","0.053","573","179","16","16","0.720","Low","0","NSTD-1;UCIO-1","9f7408e037198b5b706c75ee7c06a94ecc9bf0ad4b517d6f1ab1ada88f8969ef","reports/routes/direct_int8_n512_p5_500/direct_int8_n512_p5_500_build_contract.txt","reports/routes/direct_int8_n512_p5_500/direct_int8_n512_p5_500_timing.rpt","reports/routes/direct_int8_n512_p5_500/direct_int8_n512_p5_500_utilization.rpt","reports/routes/direct_int8_n512_p5_500/direct_int8_n512_p5_500_route_status.rpt","reports/routes/direct_int8_n512_p5_500/direct_int8_n512_p5_500_drc.rpt","reports/routes/direct_int8_n512_p5_500/direct_int8_n512_p5_500_power_vectorless.rpt"
"direct_int8_n1024_p5_500","direct","8","1024","5.5","181.818","ROUTED","0","0.007","0.049","550","183","16","16","0.720","Low","0","NSTD-1;UCIO-1","9f7408e037198b5b706c75ee7c06a94ecc9bf0ad4b517d6f1ab1ada88f8969ef","reports/routes/direct_int8_n1024_p5_500/direct_int8_n1024_p5_500_build_contract.txt","reports/routes/direct_int8_n1024_p5_500/direct_int8_n1024_p5_500_timing.rpt","reports/routes/direct_int8_n1024_p5_500/direct_int8_n1024_p5_500_utilization.rpt","reports/routes/direct_int8_n1024_p5_500/direct_int8_n1024_p5_500_route_status.rpt","reports/routes/direct_int8_n1024_p5_500/direct_int8_n1024_p5_500_drc.rpt","reports/routes/direct_int8_n1024_p5_500/direct_int8_n1024_p5_500_power_vectorless.rpt"
"zero_pad_int4_n256_p5_000","zero_pad","4","256","5","200","ROUTED","0","0.328","0.046","1385","331","6","5.5","0.841","Low","0","NSTD-1;UCIO-1","3ef32c17de0111c26e8f95d64e3e18a6da3ce2b71c114cc0937ead3e3efcc923","reports/routes/zero_pad_int4_n256_p5_000/zero_pad_int4_n256_p5_000_build_contract.txt","reports/routes/zero_pad_int4_n256_p5_000/zero_pad_int4_n256_p5_000_timing.rpt","reports/routes/zero_pad_int4_n256_p5_000/zero_pad_int4_n256_p5_000_utilization.rpt","reports/routes/zero_pad_int4_n256_p5_000/zero_pad_int4_n256_p5_000_route_status.rpt","reports/routes/zero_pad_int4_n256_p5_000/zero_pad_int4_n256_p5_000_drc.rpt","reports/routes/zero_pad_int4_n256_p5_000/zero_pad_int4_n256_p5_000_power_vectorless.rpt"
"zero_pad_int4_n512_p5_000","zero_pad","4","512","5","200","ROUTED","0","0.175","0.051","1411","338","6","6.5","0.837","Low","0","NSTD-1;UCIO-1","3ef32c17de0111c26e8f95d64e3e18a6da3ce2b71c114cc0937ead3e3efcc923","reports/routes/zero_pad_int4_n512_p5_000/zero_pad_int4_n512_p5_000_build_contract.txt","reports/routes/zero_pad_int4_n512_p5_000/zero_pad_int4_n512_p5_000_timing.rpt","reports/routes/zero_pad_int4_n512_p5_000/zero_pad_int4_n512_p5_000_utilization.rpt","reports/routes/zero_pad_int4_n512_p5_000/zero_pad_int4_n512_p5_000_route_status.rpt","reports/routes/zero_pad_int4_n512_p5_000/zero_pad_int4_n512_p5_000_drc.rpt","reports/routes/zero_pad_int4_n512_p5_000/zero_pad_int4_n512_p5_000_power_vectorless.rpt"
"zero_pad_int4_n1024_p5_000","zero_pad","4","1024","5","200","ROUTED","0","0.198","0.029","1612","345","6","9.5","0.805","Low","0","NSTD-1;UCIO-1","3ef32c17de0111c26e8f95d64e3e18a6da3ce2b71c114cc0937ead3e3efcc923","reports/routes/zero_pad_int4_n1024_p5_000/zero_pad_int4_n1024_p5_000_build_contract.txt","reports/routes/zero_pad_int4_n1024_p5_000/zero_pad_int4_n1024_p5_000_timing.rpt","reports/routes/zero_pad_int4_n1024_p5_000/zero_pad_int4_n1024_p5_000_utilization.rpt","reports/routes/zero_pad_int4_n1024_p5_000/zero_pad_int4_n1024_p5_000_route_status.rpt","reports/routes/zero_pad_int4_n1024_p5_000/zero_pad_int4_n1024_p5_000_drc.rpt","reports/routes/zero_pad_int4_n1024_p5_000/zero_pad_int4_n1024_p5_000_power_vectorless.rpt"
"zero_pad_int8_n256_p5_000","zero_pad","8","256","5","200","ROUTED","0","0.167","0.044","5033","954","15","9","1.062","Low","0","NSTD-1;UCIO-1","3ef32c17de0111c26e8f95d64e3e18a6da3ce2b71c114cc0937ead3e3efcc923","reports/routes/zero_pad_int8_n256_p5_000/zero_pad_int8_n256_p5_000_build_contract.txt","reports/routes/zero_pad_int8_n256_p5_000/zero_pad_int8_n256_p5_000_timing.rpt","reports/routes/zero_pad_int8_n256_p5_000/zero_pad_int8_n256_p5_000_utilization.rpt","reports/routes/zero_pad_int8_n256_p5_000/zero_pad_int8_n256_p5_000_route_status.rpt","reports/routes/zero_pad_int8_n256_p5_000/zero_pad_int8_n256_p5_000_drc.rpt","reports/routes/zero_pad_int8_n256_p5_000/zero_pad_int8_n256_p5_000_power_vectorless.rpt"
"zero_pad_int8_n512_p5_000","zero_pad","8","512","5","200","ROUTED","0","0.076","0.027","5159","989","15","12","1.068","Low","0","NSTD-1;UCIO-1","3ef32c17de0111c26e8f95d64e3e18a6da3ce2b71c114cc0937ead3e3efcc923","reports/routes/zero_pad_int8_n512_p5_000/zero_pad_int8_n512_p5_000_build_contract.txt","reports/routes/zero_pad_int8_n512_p5_000/zero_pad_int8_n512_p5_000_timing.rpt","reports/routes/zero_pad_int8_n512_p5_000/zero_pad_int8_n512_p5_000_utilization.rpt","reports/routes/zero_pad_int8_n512_p5_000/zero_pad_int8_n512_p5_000_route_status.rpt","reports/routes/zero_pad_int8_n512_p5_000/zero_pad_int8_n512_p5_000_drc.rpt","reports/routes/zero_pad_int8_n512_p5_000/zero_pad_int8_n512_p5_000_power_vectorless.rpt"
"zero_pad_int8_n1024_p5_000","zero_pad","8","1024","5","200","ROUTED","0","0.276","0.031","5532","982","15","18.5","1.063","Low","0","NSTD-1;UCIO-1","3ef32c17de0111c26e8f95d64e3e18a6da3ce2b71c114cc0937ead3e3efcc923","reports/routes/zero_pad_int8_n1024_p5_000/zero_pad_int8_n1024_p5_000_build_contract.txt","reports/routes/zero_pad_int8_n1024_p5_000/zero_pad_int8_n1024_p5_000_timing.rpt","reports/routes/zero_pad_int8_n1024_p5_000/zero_pad_int8_n1024_p5_000_utilization.rpt","reports/routes/zero_pad_int8_n1024_p5_000/zero_pad_int8_n1024_p5_000_route_status.rpt","reports/routes/zero_pad_int8_n1024_p5_000/zero_pad_int8_n1024_p5_000_drc.rpt","reports/routes/zero_pad_int8_n1024_p5_000/zero_pad_int8_n1024_p5_000_power_vectorless.rpt"
