Path,Length,SHA256
docs/paper/evidence/compact_zero_pad.csv,714,273fc8717d651142018afd333f55cadb274ac84515dd6ea6deebd505f45e0037
docs/paper/evidence/direct_mac.csv,677,750b755dc2975d2ffd7d0d81faff959f0252ed4bb560791485a22500f31a37ca
docs/paper/evidence/external_context.csv,6664,56b50eafd32f7b80fb582b960776829d13feae8a57bace7c2b58ad22312f3bde
docs/paper/evidence/fact_routed.csv,1393,d8cead1e5e82bcf6d8061307b0dcc34bb59621796b965e44607c4b4b19536b35
docs/paper/evidence/fusion_ablation.csv,446,b82803aeb3451ec35b3cf8e59a3922c8e9e240bdb9d41ef6a446375d73bcfe15
docs/paper/evidence/parallel_zero_pad.csv,1123,3b8b0dae62f55d2f11cc76e4f9afc9667fc10964069fc7fd7239def3b76b58d1
docs/paper/evidence/runtime_schedule.csv,1217,f382eb42884ff2d88d5ddf2b73f68f62d1b536901cd096011623f5dbb4e0eeb9
docs/paper/evidence/runtime_windows.csv,608,7377665a4ee1bdd3ab60762799e5e32eeb1221f17772311a57aa63a2be19e822
docs/paper/evidence/verification_summary.csv,538,918cc66b2107e38073138e47cead66dd413132a5358dec43cbbb94c5a8e2c129
docs/paper/figures/figure1.pdf,162184,cf97926572cb95e1fdda620645f26806b74a7c28acd1d573fbf35ec743e3a6cf
docs/paper/figures/figure2.pdf,137356,bb5a01edabc18584f97453155614dea34c16367b57acbeae4972cad9f56decee
docs/paper/figures/figure3.pdf,44256,986422f97a876a28ccd22e3d3b58450fadbc1db2052acfae7ab71485938a80eb
docs/paper/figures/figure3.png,249745,c6425194653624b92bf335b3e385764f891145a779dc5b490aba65d9cb89f635
docs/paper/figures/figure3.svg,93532,2df7074d16b46db3106643aba04a0ae4c491ba77fd96a49397fa942d279d9fd6
docs/paper/plotting/fig3.py,11876,83accf631eb3c16611512406960488fb9c5c4e62c73f357b3ce86208486285fc
docs/paper/plotting/house_style.py,2358,211c16ffbf2267367d7f93019843aefa487c10abeb63a7ccc32d37957f6860e8
docs/paper/plotting/requirements.txt,33,a8e2e2f035ca69b3a3310870d2bb6b7cb1a5b4ea6640cfae0209fc8179e6733f
