# R=512,N=1024,LANES=16,CIN=1,COUT=1,NH=511,PATTERN=6,BOUND=8
cout,index,y
0,0,0
0,1,5
0,2,0
0,3,40
0,4,-22
0,5,-21
0,6,9
0,7,47
0,8,29
0,9,56
0,10,12
0,11,2
0,12,-32
0,13,6
0,14,109
0,15,102
0,16,-14
0,17,-6
0,18,33
0,19,-19
0,20,-47
0,21,10
0,22,189
0,23,-58
0,24,-196
0,25,-78
0,26,77
0,27,85
0,28,-73
0,29,31
0,30,43
0,31,-43
0,32,-327
0,33,-228
0,34,-57
0,35,172
0,36,126
0,37,72
0,38,142
0,39,76
0,40,-18
0,41,-193
0,42,-146
0,43,152
0,44,92
0,45,132
0,46,89
0,47,157
0,48,332
0,49,-102
0,50,-58
0,51,-92
0,52,-149
0,53,-25
0,54,172
0,55,-170
0,56,-62
0,57,126
0,58,12
0,59,1
0,60,-447
0,61,-18
0,62,-61
0,63,-258
0,64,-58
0,65,170
0,66,252
0,67,23
0,68,-260
0,69,210
0,70,171
0,71,-20
0,72,253
0,73,52
0,74,-134
0,75,-205
0,76,198
0,77,274
0,78,64
0,79,-207
0,80,90
0,81,-91
0,82,-257
0,83,-121
0,84,179
0,85,193
0,86,-370
0,87,-140
0,88,-113
0,89,-238
0,90,-99
0,91,-1
0,92,165
0,93,238
0,94,-127
0,95,74
0,96,-100
0,97,-178
0,98,-123
0,99,168
0,100,205
0,101,622
0,102,372
0,103,232
0,104,168
0,105,-215
0,106,183
0,107,-404
0,108,361
0,109,389
0,110,405
0,111,163
0,112,106
0,113,74
0,114,11
0,115,-1
0,116,-451
0,117,330
0,118,-61
0,119,188
0,120,333
0,121,317
0,122,379
0,123,78
0,124,24
0,125,-77
0,126,-55
0,127,114
0,128,481
0,129,145
0,130,119
0,131,-174
0,132,166
0,133,123
0,134,178
0,135,305
0,136,-26
0,137,125
0,138,349
0,139,57
0,140,349
0,141,378
0,142,175
0,143,314
0,144,268
0,145,-31
0,146,360
0,147,105
0,148,-47
0,149,-293
0,150,27
0,151,455
0,152,186
0,153,269
0,154,-122
0,155,423
0,156,-258
0,157,73
0,158,-52
0,159,240
0,160,-38
0,161,-152
0,162,404
0,163,-368
0,164,274
0,165,234
0,166,336
0,167,-15
0,168,-170
0,169,230
0,170,71
0,171,170
0,172,31
0,173,-148
0,174,325
0,175,-308
0,176,-411
0,177,186
0,178,35
0,179,-327
0,180,-162
0,181,212
0,182,-107
0,183,216
0,184,286
0,185,112
0,186,234
0,187,-185
0,188,-83
0,189,204
0,190,280
0,191,58
0,192,-368
0,193,-9
0,194,94
0,195,-232
0,196,-607
0,197,170
0,198,-166
0,199,-318
0,200,71
0,201,-28
0,202,80
0,203,-349
0,204,431
0,205,35
0,206,477
0,207,-53
0,208,21
0,209,238
0,210,224
0,211,154
0,212,-472
0,213,249
0,214,244
0,215,-243
0,216,74
0,217,23
0,218,-129
0,219,-226
0,220,-358
0,221,136
0,222,58
0,223,148
0,224,196
0,225,-187
0,226,385
0,227,-16
0,228,181
0,229,-60
0,230,590
0,231,-402
0,232,28
0,233,110
0,234,470
0,235,142
0,236,677
0,237,283
0,238,-275
0,239,-477
0,240,-493
0,241,-227
0,242,70
0,243,447
0,244,17
0,245,-150
0,246,-29
0,247,-40
0,248,-263
0,249,48
0,250,-25
0,251,812
0,252,187
0,253,424
0,254,51
0,255,456
0,256,366
0,257,-111
0,258,18
0,259,83
0,260,525
0,261,137
0,262,-311
0,263,-216
0,264,218
0,265,-562
0,266,174
0,267,171
0,268,-443
0,269,126
0,270,-242
0,271,-100
0,272,536
0,273,548
0,274,-273
0,275,39
0,276,518
0,277,-101
0,278,-36
0,279,503
0,280,370
0,281,295
0,282,-262
0,283,-355
0,284,-35
0,285,553
0,286,464
0,287,-456
0,288,497
0,289,-440
0,290,39
0,291,637
0,292,561
0,293,-420
0,294,-513
0,295,-478
0,296,462
0,297,-468
0,298,116
0,299,15
0,300,397
0,301,-524
0,302,-718
0,303,-408
0,304,635
0,305,170
0,306,84
0,307,-16
0,308,557
0,309,-186
0,310,-60
0,311,193
0,312,533
0,313,-58
0,314,-421
0,315,309
0,316,245
0,317,-205
0,318,-573
0,319,321
0,320,463
0,321,723
0,322,206
0,323,258
0,324,-197
0,325,-352
0,326,-723
0,327,-144
0,328,232
0,329,189
0,330,436
0,331,-1051
0,332,-359
0,333,408
0,334,-349
0,335,23
0,336,482
0,337,-115
0,338,-71
0,339,247
0,340,-383
0,341,31
0,342,515
0,343,-182
0,344,221
0,345,-309
0,346,-1027
0,347,-297
0,348,-53
0,349,-51
0,350,-388
0,351,43
0,352,-302
0,353,181
0,354,-199
0,355,-237
0,356,384
0,357,-382
0,358,214
0,359,-76
0,360,836
0,361,303
0,362,-270
0,363,-156
0,364,233
0,365,436
0,366,-224
0,367,-212
0,368,122
0,369,227
0,370,-815
0,371,9
0,372,230
0,373,534
0,374,-296
0,375,-271
0,376,607
0,377,601
0,378,-319
0,379,-380
0,380,-121
0,381,1464
0,382,-379
0,383,-288
0,384,141
0,385,-155
0,386,619
0,387,-456
0,388,518
0,389,297
0,390,-649
0,391,-872
0,392,813
0,393,979
0,394,-518
0,395,111
0,396,188
0,397,143
0,398,647
0,399,-219
0,400,386
0,401,-612
0,402,-1
0,403,582
0,404,317
0,405,894
0,406,-44
0,407,-199
0,408,1181
0,409,-218
0,410,663
0,411,-366
0,412,1155
0,413,470
0,414,-520
0,415,445
0,416,113
0,417,615
0,418,273
0,419,-407
0,420,-265
0,421,545
0,422,-505
0,423,-662
0,424,45
0,425,357
0,426,-138
0,427,808
0,428,1099
0,429,-2
0,430,539
0,431,320
0,432,-386
0,433,454
0,434,180
0,435,1010
0,436,-926
0,437,556
0,438,-46
0,439,-228
0,440,-103
0,441,-136
0,442,848
0,443,1353
0,444,-216
0,445,-321
0,446,41
0,447,-79
0,448,331
0,449,56
0,450,166
0,451,101
0,452,-575
0,453,218
0,454,268
0,455,67
0,456,723
0,457,954
0,458,92
0,459,518
0,460,61
0,461,-473
0,462,-185
0,463,738
0,464,38
0,465,39
0,466,-236
0,467,-185
0,468,-432
0,469,-1029
0,470,-321
0,471,471
0,472,311
0,473,132
0,474,580
0,475,-699
0,476,-316
0,477,947
0,478,78
0,479,1026
0,480,583
0,481,522
0,482,387
0,483,-767
0,484,-281
0,485,510
0,486,636
0,487,57
0,488,119
0,489,283
0,490,-516
0,491,-443
0,492,-696
0,493,429
0,494,-150
0,495,38
0,496,375
0,497,111
0,498,238
0,499,567
0,500,327
0,501,133
0,502,-184
0,503,177
0,504,88
0,505,-185
0,506,750
0,507,532
0,508,268
0,509,67
0,510,345
0,511,-540
0,512,796
0,513,495
0,514,-251
0,515,185
0,516,594
0,517,357
0,518,390
0,519,925
0,520,-276
0,521,816
0,522,93
0,523,-1405
0,524,-44
0,525,720
0,526,17
0,527,-350
0,528,-95
0,529,485
0,530,683
0,531,-405
0,532,-342
0,533,727
0,534,391
0,535,413
0,536,29
0,537,431
0,538,451
0,539,783
0,540,-365
0,541,651
0,542,823
0,543,298
0,544,-3
0,545,-357
0,546,-402
0,547,-267
0,548,-321
0,549,-48
0,550,930
0,551,312
0,552,-179
0,553,-304
0,554,-647
0,555,970
0,556,198
0,557,533
0,558,-357
0,559,201
0,560,268
0,561,-28
0,562,-113
0,563,429
0,564,-361
0,565,402
0,566,-421
0,567,76
0,568,1008
0,569,-438
0,570,-120
0,571,178
0,572,-351
0,573,324
0,574,56
0,575,-167
0,576,-1117
0,577,249
0,578,-78
0,579,-1
0,580,954
0,581,352
0,582,-27
0,583,348
0,584,-92
0,585,665
0,586,448
0,587,765
0,588,-285
0,589,72
0,590,-99
0,591,53
0,592,-105
0,593,-129
0,594,116
0,595,533
0,596,128
0,597,-1026
0,598,724
0,599,-319
0,600,425
0,601,-432
0,602,-493
0,603,955
0,604,218
0,605,308
0,606,337
0,607,-184
0,608,100
0,609,-190
0,610,193
0,611,273
0,612,945
0,613,153
0,614,-436
0,615,-89
0,616,-544
0,617,18
0,618,8
0,619,662
0,620,126
0,621,-314
0,622,-154
0,623,-238
0,624,155
0,625,111
0,626,266
0,627,64
0,628,-316
0,629,435
0,630,315
0,631,268
0,632,-615
0,633,404
0,634,515
0,635,212
0,636,-427
0,637,-161
0,638,410
0,639,24
0,640,-54
0,641,509
0,642,338
0,643,342
0,644,-317
0,645,-69
0,646,-289
0,647,-128
0,648,-468
0,649,401
0,650,-135
0,651,799
0,652,-421
0,653,-98
0,654,-114
0,655,283
0,656,219
0,657,275
0,658,-134
0,659,-72
0,660,-737
0,661,-512
0,662,-561
0,663,201
0,664,463
0,665,131
0,666,-121
0,667,-247
0,668,-345
0,669,618
0,670,432
0,671,-111
0,672,592
0,673,469
0,674,472
0,675,-892
0,676,132
0,677,374
0,678,162
0,679,533
0,680,-137
0,681,546
0,682,-273
0,683,-460
0,684,-265
0,685,99
0,686,-343
0,687,-444
0,688,-198
0,689,-218
0,690,-566
0,691,276
0,692,139
0,693,-591
0,694,1809
0,695,121
0,696,-748
0,697,-261
0,698,-1278
0,699,-273
0,700,235
0,701,702
0,702,-305
0,703,166
0,704,244
0,705,-30
0,706,512
0,707,152
0,708,577
0,709,234
0,710,-33
0,711,-202
0,712,509
0,713,-811
0,714,-292
0,715,132
0,716,-118
0,717,281
0,718,-596
0,719,-828
0,720,309
0,721,-30
0,722,-309
0,723,4
0,724,-187
0,725,-382
0,726,362
0,727,145
0,728,-93
0,729,287
0,730,347
0,731,-584
0,732,813
0,733,522
0,734,-345
0,735,40
0,736,-1069
0,737,-402
0,738,474
0,739,8
0,740,-1153
0,741,10
0,742,18
0,743,125
0,744,-211
0,745,191
0,746,-182
0,747,363
0,748,294
0,749,124
0,750,451
0,751,186
0,752,-698
0,753,167
0,754,7
0,755,972
0,756,696
0,757,-256
0,758,-685
0,759,380
0,760,-369
0,761,-35
0,762,159
0,763,-92
0,764,1
0,765,398
0,766,-191
0,767,-446
0,768,77
0,769,-60
0,770,106
0,771,762
0,772,230
0,773,211
0,774,-584
0,775,-442
0,776,52
0,777,128
0,778,759
0,779,-96
0,780,-727
0,781,285
0,782,397
0,783,484
0,784,-201
0,785,-41
0,786,323
0,787,-147
0,788,-311
0,789,98
0,790,-616
0,791,185
0,792,409
0,793,153
0,794,742
0,795,-20
0,796,200
0,797,-69
0,798,115
0,799,-48
0,800,286
0,801,457
0,802,-136
0,803,957
0,804,-50
0,805,244
0,806,-141
0,807,-43
0,808,330
0,809,-427
0,810,208
0,811,-296
0,812,166
0,813,306
0,814,103
0,815,-419
0,816,633
0,817,199
0,818,517
0,819,-298
0,820,-127
0,821,481
0,822,-288
0,823,163
0,824,-123
0,825,162
0,826,261
0,827,700
0,828,-76
0,829,159
0,830,713
0,831,-905
0,832,572
0,833,222
0,834,117
0,835,-185
0,836,4
0,837,146
0,838,-90
0,839,-1
0,840,-485
0,841,19
0,842,-232
0,843,422
0,844,177
0,845,-220
0,846,336
0,847,210
0,848,200
0,849,160
0,850,361
0,851,-198
0,852,-67
0,853,-507
0,854,369
0,855,64
0,856,351
0,857,677
0,858,-284
0,859,-202
0,860,-469
0,861,260
0,862,-186
0,863,-78
0,864,157
0,865,-110
0,866,-238
0,867,-15
0,868,344
0,869,132
0,870,511
0,871,326
0,872,419
0,873,143
0,874,-526
0,875,147
0,876,142
0,877,75
0,878,38
0,879,-95
0,880,-130
0,881,-11
0,882,-177
0,883,-214
0,884,-264
0,885,-429
0,886,15
0,887,202
0,888,14
0,889,160
0,890,-58
0,891,250
0,892,544
0,893,189
0,894,474
0,895,548
0,896,-364
0,897,254
0,898,-66
0,899,-298
0,900,236
0,901,-76
0,902,196
0,903,68
0,904,-72
0,905,29
0,906,-311
0,907,60
0,908,217
0,909,49
0,910,-290
0,911,-126
0,912,-6
0,913,-546
0,914,239
0,915,60
0,916,352
0,917,113
0,918,-8
0,919,169
0,920,-121
0,921,-36
0,922,167
0,923,-142
0,924,-30
0,925,74
0,926,48
0,927,-107
0,928,-75
0,929,-31
0,930,143
0,931,99
0,932,-40
0,933,-61
0,934,-187
0,935,37
0,936,53
0,937,-292
0,938,359
0,939,-380
0,940,57
0,941,218
0,942,-40
0,943,150
0,944,-247
0,945,101
0,946,105
0,947,376
0,948,-30
0,949,-32
0,950,-162
0,951,-233
0,952,180
0,953,-92
0,954,32
0,955,56
0,956,115
0,957,-174
0,958,107
0,959,5
0,960,-358
0,961,-65
0,962,-293
0,963,-91
0,964,-135
0,965,25
0,966,-334
0,967,163
0,968,146
0,969,-8
0,970,372
0,971,-90
0,972,170
0,973,41
0,974,-47
0,975,-376
0,976,123
0,977,198
0,978,97
0,979,183
0,980,-134
0,981,-5
0,982,85
0,983,14
0,984,35
0,985,-129
0,986,-120
0,987,54
0,988,-176
0,989,-58
0,990,51
0,991,-78
0,992,142
0,993,18
0,994,173
0,995,8
0,996,131
0,997,-35
0,998,-53
0,999,39
0,1000,-60
0,1001,13
0,1002,-43
0,1003,121
0,1004,-65
0,1005,-41
0,1006,101
0,1007,-266
0,1008,51
0,1009,-30
0,1010,-38
0,1011,-86
0,1012,-77
0,1013,-21
0,1014,17
0,1015,-54
0,1016,90
0,1017,90
0,1018,-5
0,1019,18
0,1020,45
0,1021,-21
0,1022,0
0,1023,0
